cell_id,true_label,raw_prediction,harmonized_true_label,harmonized_prediction,batch,min_dist,vs_all
human1_lib3.final_cell_0232,delta,type B pancreatic cell,delta,beta,inDrop1,0.02374363,0.8
HP1504901_E6,ductal,pancreatic ductal cell,ductal,ductal,smartseq2,0.087819695,1.0
D29-8_63,ductal,pancreatic ductal cell,ductal,ductal,celseq2,0.05113119,0.86
human2_lib2.final_cell_0537,alpha,pancreatic A cell,alpha,alpha,inDrop2,0.02449119,0.64
AZ_B11,alpha,pancreatic A cell,alpha,alpha,smartseq2,0.0564034,0.62
D30-4_65,mast,cholangiocyte,mast,other,celseq2,0.11860049,0.44
D1713_87,ductal,pancreatic ductal cell,ductal,ductal,celseq,0.053952932,0.52
human1_lib2.final_cell_0380,macrophage,macrophage,macrophage,macrophage,inDrop1,0.043535233,0.74
9th-C1_S3,beta,type B pancreatic cell,beta,beta,fluidigmc1,0.044151425,0.62
HP1506401_D15,ductal,native cell,ductal,other,smartseq2,0.07391548,0.56
Sample_677,beta,type B pancreatic cell,beta,beta,smarter,0.023706973,0.94
human3_lib4.final_cell_0181,ductal,native cell,ductal,other,inDrop3,0.04398316,0.72
human3_lib1.final_cell_0285,alpha,pancreatic A cell,alpha,alpha,inDrop3,0.020667613,0.78
D31-5_9,beta,type B pancreatic cell,beta,beta,celseq2,0.053205132,0.84
human4_lib3.final_cell_0056,delta,type B pancreatic cell,delta,beta,inDrop4,0.022611976,0.72
human1_lib3.final_cell_0167,beta,type B pancreatic cell,beta,beta,inDrop1,0.020269156,0.8
HP1525301T2D_C23,acinar,pancreatic acinar cell,acinar,acinar,smartseq2,0.050572634,0.8
human2_lib2.final_cell_0479,alpha,pancreatic A cell,alpha,alpha,inDrop2,0.02302885,0.78
2nd-C58_S22,alpha,pancreatic A cell,alpha,alpha,fluidigmc1,0.01959902,0.92
HP1506401_C5,alpha,pancreatic A cell,alpha,alpha,smartseq2,0.03616512,0.86
human2_lib3.final_cell_0449,alpha,pancreatic A cell,alpha,alpha,inDrop2,0.017713666,0.76
human3_lib4.final_cell_0757,ductal,native cell,ductal,other,inDrop3,0.0360983,0.72
HP1506401_L4,ductal,native cell,ductal,other,smartseq2,0.06368661,0.6
human1_lib1.final_cell_0055,beta,type B pancreatic cell,beta,beta,inDrop1,0.031525612,0.96
Sample_453,alpha,pancreatic A cell,alpha,alpha,smarter,0.02091229,0.92
human4_lib3.final_cell_0689,alpha,pancreatic A cell,alpha,alpha,inDrop4,0.025324702,0.54
D28-2_90,alpha,pancreatic A cell,alpha,alpha,celseq2,0.054937422,0.54
HP1508501T2D_N23,ductal,kidney connecting tubule epithelial cell,ductal,other,smartseq2,0.06567007,0.4
HP1502401_K10,acinar,pancreatic ductal cell,acinar,ductal,smartseq2,0.054864764,0.9
human3_lib3.final_cell_0204,acinar,pancreatic acinar cell,acinar,acinar,inDrop3,0.043473244,0.7
human2_lib1.final_cell_0129,ductal,kidney connecting tubule epithelial cell,ductal,other,inDrop2,0.055544376,0.4
6th-C19_S35,beta,pancreatic A cell,beta,alpha,fluidigmc1,0.054346204,0.4
HP1507101_J18,alpha,pancreatic A cell,alpha,alpha,smartseq2,0.047629833,0.7
13th_C15_S134,beta,type B pancreatic cell,beta,beta,fluidigmc1,0.06176293,0.56
human3_lib2.final_cell_0109,acinar,pancreatic acinar cell,acinar,acinar,inDrop3,0.017057657,1.0
HP1509101_P23,activated_stellate,myofibroblast cell,stellate,other,smartseq2,0.16432643,0.78
12th-C26_S192,beta,type B pancreatic cell,beta,beta,fluidigmc1,0.058368683,0.34
human1_lib1.final_cell_0110,delta,type B pancreatic cell,delta,beta,inDrop1,0.01765716,0.86
human2_lib1.final_cell_0009,activated_stellate,myofibroblast cell,stellate,other,inDrop2,0.04934883,0.44
HP1526901T2D_G11,macrophage,monocyte,macrophage,other,smartseq2,0.052466154,0.46
Sample_75,beta,type B pancreatic cell,beta,beta,smarter,0.038949847,0.92
human4_lib3.final_cell_0058,delta,type B pancreatic cell,delta,beta,inDrop4,0.024412513,0.7
HP1502401_B5,alpha,pancreatic A cell,alpha,alpha,smartseq2,0.03553039,0.82
human3_lib1.final_cell_0759,alpha,type B pancreatic cell,alpha,beta,inDrop3,0.035532117,0.3
HP1506401_P23,acinar,pancreatic acinar cell,acinar,acinar,smartseq2,0.025211215,1.0
human3_lib3.final_cell_0572,delta,type B pancreatic cell,delta,beta,inDrop3,0.023602068,0.56
human3_lib3.final_cell_0881,delta,type B pancreatic cell,delta,beta,inDrop3,0.059978485,0.74
HP1507101_J15,ductal,native cell,ductal,other,smartseq2,0.0598588,0.62
human1_lib2.final_cell_0227,beta,type B pancreatic cell,beta,beta,inDrop1,0.017699301,0.7
human1_lib3.final_cell_0701,beta,type B pancreatic cell,beta,beta,inDrop1,0.021013856,1.0
D31-4_64,beta,type B pancreatic cell,beta,beta,celseq2,0.06391823,0.94
human2_lib2.final_cell_0384,ductal,pancreatic ductal cell,ductal,ductal,inDrop2,0.05377412,0.66
D31-4_39,beta,type B pancreatic cell,beta,beta,celseq2,0.05886519,0.96
human2_lib2.final_cell_0063,alpha,pancreatic A cell,alpha,alpha,inDrop2,0.030507088,0.84
HP1504901_D12,alpha,pancreatic A cell,alpha,alpha,smartseq2,0.050667048,0.76
human2_lib3.final_cell_0030,ductal,pancreatic ductal cell,ductal,ductal,inDrop2,0.032564998,0.5
HP1525301T2D_P14,ductal,native cell,ductal,other,smartseq2,0.058422446,0.5
HP1509101_O14,ductal,native cell,ductal,other,smartseq2,0.06667906,0.36
10th_C7_S60,ductal,pancreatic ductal cell,ductal,ductal,fluidigmc1,0.064982414,0.92
D172444_56,alpha,pancreatic A cell,alpha,alpha,celseq,0.02272129,0.7
10th_C33_S64,beta,type B pancreatic cell,beta,beta,fluidigmc1,0.049707294,0.32
D29-7_77,gamma,enteroendocrine cell,gamma,other,celseq2,0.04297495,0.88
human2_lib2.final_cell_0489,alpha,pancreatic A cell,alpha,alpha,inDrop2,0.025910616,0.66
human4_lib1.final_cell_0534,ductal,native cell,ductal,other,inDrop4,0.03924191,0.86
human3_lib1.final_cell_0713,beta,type B pancreatic cell,beta,beta,inDrop3,0.024135947,0.88
HP1504901_M24,alpha,pancreatic A cell,alpha,alpha,smartseq2,0.046717703,0.9
human2_lib1.final_cell_0545,gamma,enteroendocrine cell,gamma,other,inDrop2,0.016389847,0.68
Sample_1429,alpha,pancreatic A cell,alpha,alpha,smarter,0.015659213,0.78
human2_lib3.final_cell_0200,beta,type B pancreatic cell,beta,beta,inDrop2,0.021953583,0.94
human2_lib2.final_cell_0446,alpha,pancreatic A cell,alpha,alpha,inDrop2,0.023199499,0.82
HP1507101_N22,alpha,pancreatic A cell,alpha,alpha,smartseq2,0.038164675,0.82
human2_lib2.final_cell_0508,beta,type B pancreatic cell,beta,beta,inDrop2,0.025294363,0.76
HP1504901_K1,alpha,pancreatic A cell,alpha,alpha,smartseq2,0.048238933,0.9
human3_lib2.final_cell_0540,activated_stellate,fibroblast,stellate,other,inDrop3,0.035742402,0.52
HP1504101T2D_D8,beta,type B pancreatic cell,beta,beta,smartseq2,0.07093543,0.74
human3_lib2.final_cell_0119,acinar,pancreatic acinar cell,acinar,acinar,inDrop3,0.014056027,1.0
human1_lib2.final_cell_0071,beta,type B pancreatic cell,beta,beta,inDrop1,0.023546398,0.98
human3_lib4.final_cell_0735,beta,type B pancreatic cell,beta,beta,inDrop3,0.023396254,0.78
4th-C3_S1,schwann,animal cell,schwann,other,fluidigmc1,0.10897356,0.88
human1_lib1.final_cell_0164,beta,type B pancreatic cell,beta,beta,inDrop1,0.02177149,0.82
4th-C36_S69,alpha,pancreatic A cell,alpha,alpha,fluidigmc1,0.048261166,0.7
HP1502401_E22,beta,type B pancreatic cell,beta,beta,smartseq2,0.029668212,0.78
9th-C5_S8,mast,pancreatic A cell,mast,alpha,fluidigmc1,0.030662656,0.96
Sample_98,beta,type B pancreatic cell,beta,beta,smarter,0.046284497,0.46
human2_lib2.final_cell_0460,alpha,pancreatic A cell,alpha,alpha,inDrop2,0.024105012,0.88
Sample_1276,alpha,pancreatic A cell,alpha,alpha,smarter,0.020181894,0.94
HP1504101T2D_D24,gamma,type B pancreatic cell,gamma,beta,smartseq2,0.04224658,0.4
4th-C86_S77,alpha,pancreatic A cell,alpha,alpha,fluidigmc1,0.049342513,0.92
human1_lib2.final_cell_0346,quiescent_stellate,pancreatic stellate cell,stellate,stellate,inDrop1,0.04378569,0.32
D71_15,beta,type B pancreatic cell,beta,beta,celseq,0.02216041,0.78
Sample_312,alpha,pancreatic A cell,alpha,alpha,smarter,0.01566881,0.82
human2_lib2.final_cell_0280,ductal,native cell,ductal,other,inDrop2,0.066349745,0.56
human3_lib2.final_cell_0427,alpha,pancreatic A cell,alpha,alpha,inDrop3,0.026661575,0.54
human2_lib1.final_cell_0489,alpha,pancreatic A cell,alpha,alpha,inDrop2,0.019929051,0.58
D29-3_38,alpha,pancreatic A cell,alpha,alpha,celseq2,0.04407966,0.88
D17All2_46,gamma,enteroendocrine cell,gamma,other,celseq,0.042318165,0.76
human3_lib2.final_cell_0401,alpha,pancreatic A cell,alpha,alpha,inDrop3,0.021613479,0.72
human2_lib1.final_cell_0308,alpha,pancreatic A cell,alpha,alpha,inDrop2,0.019060612,0.84
human3_lib1.final_cell_0449,beta,type B pancreatic cell,beta,beta,inDrop3,0.025137544,0.92
human2_lib2.final_cell_0058,beta,type B pancreatic cell,beta,beta,inDrop2,0.02370274,0.86
D71_16,acinar,native cell,acinar,other,celseq,0.041854024,0.56
HP1508501T2D_B12,alpha,pancreatic A cell,alpha,alpha,smartseq2,0.034463406,0.82
HP1526901T2D_F18,beta,type B pancreatic cell,beta,beta,smartseq2,0.07388866,0.66
HP1504901_J18,activated_stellate,fibroblast,stellate,other,smartseq2,0.045749426,0.98
human1_lib1.final_cell_0226,alpha,pancreatic A cell,alpha,alpha,inDrop1,0.0217731,0.86
human1_lib2.final_cell_0035,beta,type B pancreatic cell,beta,beta,inDrop1,0.027011275,0.72
human2_lib3.final_cell_0266,beta,type B pancreatic cell,beta,beta,inDrop2,0.04194343,0.82
human3_lib4.final_cell_0492,alpha,pancreatic A cell,alpha,alpha,inDrop3,0.02332592,0.64
D71_49,beta,type B pancreatic cell,beta,beta,celseq,0.024296165,0.82
human1_lib2.final_cell_0539,endothelial,endothelial cell,endothelial,endothelial,inDrop1,0.01856786,0.88
human1_lib1.final_cell_0486,delta,type B pancreatic cell,delta,beta,inDrop1,0.021664679,0.96
D29-5_91,beta,enteroendocrine cell,beta,other,celseq2,0.056530356,0.66
human2_lib2.final_cell_0221,activated_stellate,pancreatic stellate cell,stellate,stellate,inDrop2,0.035505295,0.56
human1_lib2.final_cell_0034,delta,type B pancreatic cell,delta,beta,inDrop1,0.016766846,0.9
Sample_1464,alpha,pancreatic A cell,alpha,alpha,smarter,0.022203922,0.9
HP1525301T2D_D2,ductal,pancreatic ductal cell,ductal,ductal,smartseq2,0.06513226,0.42
human3_lib4.final_cell_0634,alpha,enteroendocrine cell,alpha,other,inDrop3,0.0416857,0.44
Sample_306,alpha,pancreatic A cell,alpha,alpha,smarter,0.018855572,1.0
human1_lib2.final_cell_0299,beta,type B pancreatic cell,beta,beta,inDrop1,0.028495073,0.98
human2_lib1.final_cell_0165,activated_stellate,fibroblast,stellate,other,inDrop2,0.038005054,0.5
human3_lib2.final_cell_0450,beta,type B pancreatic cell,beta,beta,inDrop3,0.027718544,0.94
human1_lib2.final_cell_0006,acinar,pancreatic acinar cell,acinar,acinar,inDrop1,0.013342023,1.0
human4_lib3.final_cell_0477,alpha,pancreatic A cell,alpha,alpha,inDrop4,0.02110231,0.88
human2_lib3.final_cell_0340,alpha,pancreatic A cell,alpha,alpha,inDrop2,0.019348025,0.8
D172444_78,alpha,pancreatic A cell,alpha,alpha,celseq,0.025800765,0.66
human1_lib2.final_cell_0431,activated_stellate,fibroblast,stellate,other,inDrop1,0.07323551,0.5
Sample_1354,alpha,pancreatic A cell,alpha,alpha,smarter,0.01377219,1.0
human3_lib1.final_cell_0734,endothelial,endothelial cell,endothelial,endothelial,inDrop3,0.03273654,0.68
D30-2_80,alpha,pancreatic A cell,alpha,alpha,celseq2,0.047920942,0.94
human1_lib3.final_cell_0577,beta,type B pancreatic cell,beta,beta,inDrop1,0.019974053,0.98
human4_lib3.final_cell_0120,alpha,pancreatic A cell,alpha,alpha,inDrop4,0.021617532,0.92
AZ_C8,alpha,pancreatic A cell,alpha,alpha,smartseq2,0.05143863,0.72
human3_lib2.final_cell_0318,alpha,pancreatic A cell,alpha,alpha,inDrop3,0.025077403,0.54
human1_lib1.final_cell_0568,beta,type B pancreatic cell,beta,beta,inDrop1,0.01924771,0.92
human3_lib3.final_cell_0721,alpha,type B pancreatic cell,alpha,beta,inDrop3,0.038482666,0.5
Sample_532,alpha,pancreatic A cell,alpha,alpha,smarter,0.01669991,0.7
HP1509101_O17,ductal,native cell,ductal,other,smartseq2,0.06274462,0.58
human4_lib3.final_cell_0686,activated_stellate,pancreatic stellate cell,stellate,stellate,inDrop4,0.03076762,0.46
HP1502401_L14,gamma,type B pancreatic cell,gamma,beta,smartseq2,0.03773582,0.44
human1_lib3.final_cell_0463,epsilon,enteroendocrine cell,epsilon,other,inDrop1,0.027439773,0.94
human1_lib3.final_cell_0698,quiescent_stellate,endothelial cell,stellate,endothelial,inDrop1,0.04787624,0.5
Sample_103,beta,type B pancreatic cell,beta,beta,smarter,0.041731596,0.84
human1_lib1.final_cell_0416,beta,type B pancreatic cell,beta,beta,inDrop1,0.022205949,0.88
D31-6_93,ductal,pancreatic ductal cell,ductal,ductal,celseq2,0.060341656,0.8
D2ex_24,acinar,pancreatic ductal cell,acinar,ductal,celseq,0.04011929,0.96
human4_lib1.final_cell_0053,beta,type B pancreatic cell,beta,beta,inDrop4,0.028301477,0.8
D72_22,acinar,pancreatic ductal cell,acinar,ductal,celseq,0.039089918,0.4
D31-5_85,beta,type B pancreatic cell,beta,beta,celseq2,0.074059546,0.54
Sample_1072,alpha,pancreatic A cell,alpha,alpha,smarter,0.015350342,1.0
HP1504101T2D_M4,alpha,pancreatic A cell,alpha,alpha,smartseq2,0.046046257,0.66
HP1506401_F11,beta,type B pancreatic cell,beta,beta,smartseq2,0.056693137,0.52
D31-2_30,acinar,pancreatic acinar cell,acinar,acinar,celseq2,0.042496443,0.92
human4_lib1.final_cell_0035,macrophage,macrophage,macrophage,macrophage,inDrop4,0.07618332,0.78
human4_lib3.final_cell_0478,beta,type B pancreatic cell,beta,beta,inDrop4,0.025484502,0.68
human3_lib2.final_cell_0025,acinar,pancreatic acinar cell,acinar,acinar,inDrop3,0.013767362,1.0
human3_lib1.final_cell_0229,alpha,pancreatic A cell,alpha,alpha,inDrop3,0.01774311,0.72
HP1525301T2D_N20,ductal,pancreatic ductal cell,ductal,ductal,smartseq2,0.07076454,0.94
human1_lib1.final_cell_0535,beta,type B pancreatic cell,beta,beta,inDrop1,0.02035755,0.62
HP1509101_H22,alpha,pancreatic A cell,alpha,alpha,smartseq2,0.044851065,0.68
D30-2_42,acinar,pancreatic ductal cell,acinar,ductal,celseq2,0.069933176,0.64
human4_lib3.final_cell_0532,alpha,pancreatic A cell,alpha,alpha,inDrop4,0.018919826,0.88
D28-5_37,acinar,pancreatic acinar cell,acinar,acinar,celseq2,0.044773698,0.92
HP1504101T2D_N20,gamma,enteroendocrine cell,gamma,other,smartseq2,0.04312867,0.66
human1_lib2.final_cell_0512,beta,type B pancreatic cell,beta,beta,inDrop1,0.017685056,0.94
human3_lib4.final_cell_0809,beta,enteroendocrine cell,beta,other,inDrop3,0.04367447,0.8
human1_lib3.final_cell_0561,beta,type B pancreatic cell,beta,beta,inDrop1,0.032375216,0.96
HP1525301T2D_G14,ductal,pancreatic ductal cell,ductal,ductal,smartseq2,0.06261617,0.82
D28-4_61,acinar,pancreatic acinar cell,acinar,acinar,celseq2,0.052693963,0.88
human2_lib1.final_cell_0299,alpha,pancreatic A cell,alpha,alpha,inDrop2,0.018144965,0.82
human2_lib2.final_cell_0338,beta,type B pancreatic cell,beta,beta,inDrop2,0.030103505,0.9
HP1507101_K16,ductal,native cell,ductal,other,smartseq2,0.0633077,0.54
human3_lib4.final_cell_0059,acinar,pancreatic acinar cell,acinar,acinar,inDrop3,0.017883658,1.0
human3_lib4.final_cell_0504,beta,type B pancreatic cell,beta,beta,inDrop3,0.027186513,0.76
human2_lib2.final_cell_0134,alpha,pancreatic A cell,alpha,alpha,inDrop2,0.029456377,0.78
human3_lib2.final_cell_0628,alpha,pancreatic A cell,alpha,alpha,inDrop3,0.02113843,0.66
human4_lib3.final_cell_0165,delta,type B pancreatic cell,delta,beta,inDrop4,0.022255182,0.84
human2_lib2.final_cell_0226,ductal,pancreatic ductal cell,ductal,ductal,inDrop2,0.050062656,0.56
human3_lib1.final_cell_0592,alpha,pancreatic A cell,alpha,alpha,inDrop3,0.021083713,0.78
D31-8_19,ductal,epithelial cell,ductal,other,celseq2,0.08079064,0.24
human1_lib1.final_cell_0532,endothelial,endothelial cell,endothelial,endothelial,inDrop1,0.020253181,0.56
human3_lib1.final_cell_0042,acinar,pancreatic acinar cell,acinar,acinar,inDrop3,0.017211795,1.0
human2_lib2.final_cell_0090,gamma,enteroendocrine cell,gamma,other,inDrop2,0.019730806,0.96
human2_lib2.final_cell_0311,alpha,pancreatic A cell,alpha,alpha,inDrop2,0.031475246,0.82
HP1504101T2D_B8,ductal,pancreatic ductal cell,ductal,ductal,smartseq2,0.05873716,0.66
D101_84,alpha,pancreatic A cell,alpha,alpha,celseq,0.015492439,0.92
human1_lib2.final_cell_0599,beta,type B pancreatic cell,beta,beta,inDrop1,0.020195365,0.92
human3_lib3.final_cell_0290,ductal,native cell,ductal,other,inDrop3,0.05984068,0.44
HP1502401_F22,beta,type B pancreatic cell,beta,beta,smartseq2,0.04728824,0.66
HP1502401_B17,acinar,pancreatic ductal cell,acinar,ductal,smartseq2,0.06166613,0.76
9th-C8_S14,beta,type B pancreatic cell,beta,beta,fluidigmc1,0.057768285,0.62
Sample_473,alpha,pancreatic A cell,alpha,alpha,smarter,0.020534575,0.94
Sample_1534,delta,pancreatic D cell,delta,delta,smarter,0.039988935,0.52
D172444_60,alpha,pancreatic A cell,alpha,alpha,celseq,0.024901748,0.84
D31-7_35,alpha,pancreatic A cell,alpha,alpha,celseq2,0.038812697,0.94
Sample_999,alpha,pancreatic A cell,alpha,alpha,smarter,0.026456058,0.72
HP1508501T2D_C18,ductal,native cell,ductal,other,smartseq2,0.051285148,0.52
D29-4_26,alpha,pancreatic A cell,alpha,alpha,celseq2,0.035749793,0.88
1st-C77_S86,beta,pancreatic A cell,beta,alpha,fluidigmc1,0.05491084,0.58
human3_lib2.final_cell_0062,acinar,pancreatic acinar cell,acinar,acinar,inDrop3,0.033614993,0.92
human3_lib3.final_cell_0040,acinar,pancreatic acinar cell,acinar,acinar,inDrop3,0.016865134,1.0
HP1508501T2D_P4,gamma,enteroendocrine cell,gamma,other,smartseq2,0.041202188,0.48
Sample_984,alpha,pancreatic A cell,alpha,alpha,smarter,0.01853627,0.98
D30-4_88,alpha,pancreatic A cell,alpha,alpha,celseq2,0.05833614,0.9
D28-3_91,acinar,pancreatic acinar cell,acinar,acinar,celseq2,0.04465753,0.88
human3_lib3.final_cell_0234,alpha,pancreatic A cell,alpha,alpha,inDrop3,0.01806891,0.7
human3_lib3.final_cell_0516,activated_stellate,pancreatic stellate cell,stellate,stellate,inDrop3,0.028329015,1.0
Sample_21,beta,type B pancreatic cell,beta,beta,smarter,0.050367773,0.56
8th-C75_S128,beta,pancreatic A cell,beta,alpha,fluidigmc1,0.06650984,0.46
Sample_1062,alpha,pancreatic A cell,alpha,alpha,smarter,0.022880435,0.88
HP1504901_L8,beta,type B pancreatic cell,beta,beta,smartseq2,0.06462264,0.62
human1_lib2.final_cell_0303,macrophage,macrophage,macrophage,macrophage,inDrop1,0.023030043,0.9
human3_lib4.final_cell_0315,ductal,pancreatic ductal cell,ductal,ductal,inDrop3,0.04679966,0.7
human3_lib2.final_cell_0634,alpha,pancreatic A cell,alpha,alpha,inDrop3,0.023108244,0.68
D29-3_83,beta,type B pancreatic cell,beta,beta,celseq2,0.06466758,0.58
D31-7_93,alpha,pancreatic A cell,alpha,alpha,celseq2,0.041274607,0.92
HP1526901T2D_I1,ductal,pancreatic ductal cell,ductal,ductal,smartseq2,0.05904317,0.52
D31-8_62,alpha,pancreatic A cell,alpha,alpha,celseq2,0.04543686,0.9
human1_lib2.final_cell_0327,beta,type B pancreatic cell,beta,beta,inDrop1,0.022960782,0.92
HP1508501T2D_M5,alpha,pancreatic A cell,alpha,alpha,smartseq2,0.02414596,0.94
human4_lib3.final_cell_0678,beta,type B pancreatic cell,beta,beta,inDrop4,0.025152385,0.98
human3_lib4.final_cell_0246,alpha,pancreatic A cell,alpha,alpha,inDrop3,0.017371893,0.78
human4_lib3.final_cell_0131,ductal,pancreatic acinar cell,ductal,acinar,inDrop4,0.026440978,0.84
human2_lib2.final_cell_0498,alpha,pancreatic A cell,alpha,alpha,inDrop2,0.025276423,0.78
human3_lib2.final_cell_0092,delta,type B pancreatic cell,delta,beta,inDrop3,0.020257235,0.42
D30-3_33,alpha,pancreatic A cell,alpha,alpha,celseq2,0.037932634,0.86
D29-4_67,beta,type B pancreatic cell,beta,beta,celseq2,0.0667873,0.9
human3_lib2.final_cell_0078,acinar,pancreatic acinar cell,acinar,acinar,inDrop3,0.0472849,0.8
human3_lib2.final_cell_0242,beta,type B pancreatic cell,beta,beta,inDrop3,0.025782347,0.46
human2_lib1.final_cell_0409,alpha,pancreatic A cell,alpha,alpha,inDrop2,0.019409418,0.64
Sample_511,alpha,pancreatic A cell,alpha,alpha,smarter,0.023701191,0.78
human3_lib1.final_cell_0334,alpha,pancreatic A cell,alpha,alpha,inDrop3,0.024146676,0.72
human3_lib3.final_cell_0019,acinar,pancreatic acinar cell,acinar,acinar,inDrop3,0.011718154,0.96
HP1504101T2D_I16,gamma,type B pancreatic cell,gamma,beta,smartseq2,0.050025642,0.46
Sample_1050,alpha,type B pancreatic cell,alpha,beta,smarter,0.016361892,0.48
human4_lib1.final_cell_0303,ductal,native cell,ductal,other,inDrop4,0.035393238,0.86
Sample_1415,alpha,pancreatic A cell,alpha,alpha,smarter,0.019550204,0.98
human1_lib1.final_cell_0289,endothelial,endothelial cell,endothelial,endothelial,inDrop1,0.05452341,0.56
human1_lib2.final_cell_0622,endothelial,endothelial cell,endothelial,endothelial,inDrop1,0.026537538,0.56
D29-2_57,ductal,pancreatic ductal cell,ductal,ductal,celseq2,0.07840526,0.84
HP1508501T2D_K20,beta,type B pancreatic cell,beta,beta,smartseq2,0.049486697,0.46
human2_lib2.final_cell_0579,gamma,enteroendocrine cell,gamma,other,inDrop2,0.030430615,0.78
human2_lib1.final_cell_0287,activated_stellate,pancreatic stellate cell,stellate,stellate,inDrop2,0.030251741,0.96
human3_lib2.final_cell_0095,delta,type B pancreatic cell,delta,beta,inDrop3,0.022692204,0.84
HP1506401_K2,acinar,pancreatic ductal cell,acinar,ductal,smartseq2,0.06488836,0.86
human4_lib3.final_cell_0077,beta,type B pancreatic cell,beta,beta,inDrop4,0.028513908,0.66
human3_lib1.final_cell_0494,beta,type B pancreatic cell,beta,beta,inDrop3,0.023338675,0.46
human3_lib4.final_cell_0772,alpha,type B pancreatic cell,alpha,beta,inDrop3,0.07352513,0.5
D30-1_14,beta,type B pancreatic cell,beta,beta,celseq2,0.04899788,0.66
human2_lib2.final_cell_0328,beta,type B pancreatic cell,beta,beta,inDrop2,0.023846865,0.68
human1_lib1.final_cell_0078,beta,type B pancreatic cell,beta,beta,inDrop1,0.025743008,0.88
D28-7_37,acinar,pancreatic acinar cell,acinar,acinar,celseq2,0.071427226,0.84
D31-6_5,gamma,enteroendocrine cell,gamma,other,celseq2,0.028428435,0.62
HP1506401_D18,ductal,kidney connecting tubule epithelial cell,ductal,other,smartseq2,0.107776105,0.48
HP1508501T2D_K13,ductal,pancreatic ductal cell,ductal,ductal,smartseq2,0.06180501,0.58
Sample_242,alpha,pancreatic A cell,alpha,alpha,smarter,0.0384593,0.84
human3_lib4.final_cell_0374,beta,type B pancreatic cell,beta,beta,inDrop3,0.0215227,0.86
human4_lib1.final_cell_0211,alpha,pancreatic A cell,alpha,alpha,inDrop4,0.026869774,0.68
human3_lib3.final_cell_0343,beta,type B pancreatic cell,beta,beta,inDrop3,0.022031546,1.0
human1_lib3.final_cell_0527,beta,enteroendocrine cell,beta,other,inDrop1,0.022205234,0.52
D74_79,ductal,native cell,ductal,other,celseq,0.03806925,0.88
human4_lib3.final_cell_0353,beta,type B pancreatic cell,beta,beta,inDrop4,0.024103165,0.48
human3_lib1.final_cell_0054,acinar,pancreatic acinar cell,acinar,acinar,inDrop3,0.013166726,1.0
human4_lib3.final_cell_0265,ductal,native cell,ductal,other,inDrop4,0.0639106,0.44
human2_lib2.final_cell_0448,activated_stellate,pancreatic stellate cell,stellate,stellate,inDrop2,0.03522402,0.54
human3_lib1.final_cell_0453,activated_stellate,pancreatic stellate cell,stellate,stellate,inDrop3,0.029457748,0.58
human3_lib3.final_cell_0125,alpha,pancreatic A cell,alpha,alpha,inDrop3,0.027787745,0.64
human3_lib3.final_cell_0360,alpha,pancreatic A cell,alpha,alpha,inDrop3,0.017223954,0.84
human3_lib2.final_cell_0385,alpha,pancreatic A cell,alpha,alpha,inDrop3,0.02205205,0.76
human3_lib3.final_cell_0412,beta,type B pancreatic cell,beta,beta,inDrop3,0.022141635,0.94
human2_lib2.final_cell_0507,beta,type B pancreatic cell,beta,beta,inDrop2,0.041380525,0.94
human3_lib2.final_cell_0245,delta,type B pancreatic cell,delta,beta,inDrop3,0.015633106,0.5
human3_lib3.final_cell_0052,beta,type B pancreatic cell,beta,beta,inDrop3,0.026306033,1.0
human3_lib3.final_cell_0771,alpha,type B pancreatic cell,alpha,beta,inDrop3,0.02203083,0.34
D73_2,ductal,native cell,ductal,other,celseq,0.0394212,0.86
human4_lib1.final_cell_0111,ductal,pancreatic ductal cell,ductal,ductal,inDrop4,0.04427719,0.52
Sample_1133,alpha,pancreatic A cell,alpha,alpha,smarter,0.016771257,0.92
D30-7_79,beta,type B pancreatic cell,beta,beta,celseq2,0.054477215,0.72
D30-5_3,activated_stellate,pancreatic stellate cell,stellate,stellate,celseq2,0.050231814,0.44
human3_lib1.final_cell_0450,alpha,pancreatic A cell,alpha,alpha,inDrop3,0.019144773,0.7
HP1526901T2D_E20,delta,pancreatic D cell,delta,delta,smartseq2,0.07447797,0.6
D17All1_90,beta,type B pancreatic cell,beta,beta,celseq,0.037543416,0.92
HP1509101_P17,ductal,native cell,ductal,other,smartseq2,0.06380987,0.7
human3_lib1.final_cell_0162,ductal,native cell,ductal,other,inDrop3,0.05097896,0.44
D29-7_61,gamma,enteroendocrine cell,gamma,other,celseq2,0.04163742,0.82
Sample_702,beta,type B pancreatic cell,beta,beta,smarter,0.035623193,0.54
human3_lib2.final_cell_0607,ductal,kidney connecting tubule epithelial cell,ductal,other,inDrop3,0.051031232,0.32
HP1508501T2D_A4,alpha,pancreatic A cell,alpha,alpha,smartseq2,0.05416131,0.72
human3_lib2.final_cell_0239,activated_stellate,pancreatic stellate cell,stellate,stellate,inDrop3,0.04255873,0.82
D29-1_7,alpha,pancreatic A cell,alpha,alpha,celseq2,0.041155577,0.68
human1_lib1.final_cell_0534,endothelial,endothelial cell,endothelial,endothelial,inDrop1,0.025180042,0.62
human2_lib3.final_cell_0173,ductal,pancreatic ductal cell,ductal,ductal,inDrop2,0.030425668,0.98
human3_lib1.final_cell_0548,beta,type B pancreatic cell,beta,beta,inDrop3,0.022820473,0.72
3rd-C63_S54,alpha,pancreatic A cell,alpha,alpha,fluidigmc1,0.023373544,0.96
human1_lib3.final_cell_0737,beta,type B pancreatic cell,beta,beta,inDrop1,0.017698169,0.84
human4_lib3.final_cell_0517,ductal,epithelial cell,ductal,other,inDrop4,0.07760781,0.62
D30-7_36,alpha,pancreatic A cell,alpha,alpha,celseq2,0.032162607,0.94
Sample_221,alpha,pancreatic A cell,alpha,alpha,smarter,0.035193503,0.84
human4_lib3.final_cell_0121,beta,type B pancreatic cell,beta,beta,inDrop4,0.025013208,0.9
D1713_18,beta,type B pancreatic cell,beta,beta,celseq,0.029065251,0.96
HP1506401_O11,beta,type B pancreatic cell,beta,beta,smartseq2,0.06293237,0.82
D30-5_11,delta,pancreatic D cell,delta,delta,celseq2,0.08556336,0.58
human2_lib1.final_cell_0106,alpha,pancreatic A cell,alpha,alpha,inDrop2,0.02641368,0.78
HP1526901T2D_E21,delta,pancreatic D cell,delta,delta,smartseq2,0.06435722,0.42
human1_lib3.final_cell_0290,beta,type B pancreatic cell,beta,beta,inDrop1,0.025898695,0.92
human3_lib4.final_cell_0867,beta,type B pancreatic cell,beta,beta,inDrop3,0.024029553,0.96
human1_lib2.final_cell_0268,ductal,pancreatic ductal cell,ductal,ductal,inDrop1,0.039670944,0.6
D31-6_15,beta,type B pancreatic cell,beta,beta,celseq2,0.058994234,0.7
human4_lib1.final_cell_0363,alpha,pancreatic A cell,alpha,alpha,inDrop4,0.017617166,0.84
D28-7_39,acinar,pancreatic acinar cell,acinar,acinar,celseq2,0.053105354,0.88
human2_lib1.final_cell_0326,beta,type B pancreatic cell,beta,beta,inDrop2,0.02483511,0.86
Sample_872,beta,type B pancreatic cell,beta,beta,smarter,0.030286431,0.92
HP1508501T2D_K15,ductal,pancreatic ductal cell,ductal,ductal,smartseq2,0.067388535,0.48
D17TGFB_45,acinar,pancreatic acinar cell,acinar,acinar,celseq,0.022474408,0.98
human4_lib3.final_cell_0094,beta,type B pancreatic cell,beta,beta,inDrop4,0.028398633,0.72
human1_lib2.final_cell_0023,alpha,pancreatic A cell,alpha,alpha,inDrop1,0.017088294,0.72
HP1507101_E22,acinar,pancreatic acinar cell,acinar,acinar,smartseq2,0.03838682,0.98
D172444_51,beta,type B pancreatic cell,beta,beta,celseq,0.024820805,0.98
D29-5_70,beta,type B pancreatic cell,beta,beta,celseq2,0.059949636,0.74
12th-C76_S177,endothelial,endothelial cell,endothelial,endothelial,fluidigmc1,0.12565958,0.62
D31-5_12,alpha,pancreatic A cell,alpha,alpha,celseq2,0.030330896,0.96
HP1508501T2D_E1,alpha,fibroblast,alpha,other,smartseq2,0.062485218,0.46
human2_lib1.final_cell_0346,ductal,native cell,ductal,other,inDrop2,0.079746366,0.26
D31-7_77,acinar,pancreatic acinar cell,acinar,acinar,celseq2,0.044529796,0.98
Sample_806,beta,type B pancreatic cell,beta,beta,smarter,0.04201728,0.52
Sample_1052,alpha,pancreatic A cell,alpha,alpha,smarter,0.014380574,0.56
HP1526901T2D_N23,beta,type B pancreatic cell,beta,beta,smartseq2,0.07871437,0.66
Sample_139,beta,type B pancreatic cell,beta,beta,smarter,0.035565495,0.68
human4_lib1.final_cell_0125,beta,type B pancreatic cell,beta,beta,inDrop4,0.027307093,0.92
D31-6_2,alpha,pancreatic A cell,alpha,alpha,celseq2,0.03164947,0.98
human3_lib2.final_cell_0172,acinar,pancreatic acinar cell,acinar,acinar,inDrop3,0.043212533,0.88
D30-8_48,alpha,pancreatic A cell,alpha,alpha,celseq2,0.03254366,0.86
human1_lib3.final_cell_0545,beta,type B pancreatic cell,beta,beta,inDrop1,0.018334687,0.98
human4_lib3.final_cell_0240,alpha,pancreatic A cell,alpha,alpha,inDrop4,0.023339808,0.94
human1_lib1.final_cell_0093,beta,type B pancreatic cell,beta,beta,inDrop1,0.020574689,0.88
human1_lib3.final_cell_0321,beta,type B pancreatic cell,beta,beta,inDrop1,0.029906511,0.98
D30-4_61,beta,enteroendocrine cell,beta,other,celseq2,0.06938839,0.66
7th-C3_S1,beta,type B pancreatic cell,beta,beta,fluidigmc1,0.04960096,0.78
D17All1_29,ductal,native cell,ductal,other,celseq,0.061731815,0.88
human2_lib3.final_cell_0211,beta,type B pancreatic cell,beta,beta,inDrop2,0.022728026,0.94
human3_lib2.final_cell_0131,delta,type B pancreatic cell,delta,beta,inDrop3,0.020590365,0.62
human4_lib3.final_cell_0318,ductal,native cell,ductal,other,inDrop4,0.08091378,0.62
human3_lib3.final_cell_0211,delta,type B pancreatic cell,delta,beta,inDrop3,0.022543967,0.8
human3_lib2.final_cell_0793,alpha,pancreatic A cell,alpha,alpha,inDrop3,0.01955825,0.76
human3_lib1.final_cell_0230,acinar,pancreatic acinar cell,acinar,acinar,inDrop3,0.012025356,0.98
human4_lib3.final_cell_0432,ductal,native cell,ductal,other,inDrop4,0.05671233,0.66
human3_lib4.final_cell_0722,alpha,pancreatic A cell,alpha,alpha,inDrop3,0.02075708,0.78
D31-2_43,beta,type B pancreatic cell,beta,beta,celseq2,0.06840861,0.78
human3_lib2.final_cell_0661,alpha,pancreatic A cell,alpha,alpha,inDrop3,0.024052978,0.36
human3_lib1.final_cell_0065,ductal,native cell,ductal,other,inDrop3,0.05576849,0.56
D17TGFB_93,acinar,pancreatic acinar cell,acinar,acinar,celseq,0.016964495,1.0
human2_lib3.final_cell_0416,alpha,pancreatic A cell,alpha,alpha,inDrop2,0.037962317,0.9
HP1526901T2D_B14,alpha,pancreatic A cell,alpha,alpha,smartseq2,0.03241235,0.84
human3_lib4.final_cell_0506,beta,type B pancreatic cell,beta,beta,inDrop3,0.02075553,0.8
human3_lib1.final_cell_0220,acinar,pancreatic acinar cell,acinar,acinar,inDrop3,0.018331885,1.0
human2_lib1.final_cell_0206,beta,enteroendocrine cell,beta,other,inDrop2,0.026057065,0.68
human1_lib1.final_cell_0180,delta,enteroendocrine cell,delta,other,inDrop1,0.023838937,0.54
human3_lib4.final_cell_0258,alpha,pancreatic A cell,alpha,alpha,inDrop3,0.022853851,0.74
human3_lib1.final_cell_0731,alpha,type B pancreatic cell,alpha,beta,inDrop3,0.022270203,0.3
human4_lib1.final_cell_0094,alpha,pancreatic A cell,alpha,alpha,inDrop4,0.02264285,0.74
D29-1_35,gamma,enteroendocrine cell,gamma,other,celseq2,0.043687165,0.84
HP1526901T2D_J17,gamma,enteroendocrine cell,gamma,other,smartseq2,0.080320716,0.32
Sample_577,alpha,pancreatic A cell,alpha,alpha,smarter,0.02373612,0.9
HP1506401_G23,ductal,native cell,ductal,other,smartseq2,0.09005505,0.4
human4_lib1.final_cell_0516,beta,type B pancreatic cell,beta,beta,inDrop4,0.025605261,0.9
D2ex_75,ductal,native cell,ductal,other,celseq,0.050008,0.82
human3_lib1.final_cell_0021,acinar,pancreatic acinar cell,acinar,acinar,inDrop3,0.014943719,1.0
human1_lib3.final_cell_0216,delta,type B pancreatic cell,delta,beta,inDrop1,0.016676068,0.92
human1_lib1.final_cell_0472,beta,type B pancreatic cell,beta,beta,inDrop1,0.030714273,0.9
D71_30,beta,type B pancreatic cell,beta,beta,celseq,0.026168048,0.6
human3_lib3.final_cell_0852,beta,type B pancreatic cell,beta,beta,inDrop3,0.027285695,0.94
human4_lib3.final_cell_0406,beta,type B pancreatic cell,beta,beta,inDrop4,0.027430594,0.86
human1_lib2.final_cell_0191,delta,type B pancreatic cell,delta,beta,inDrop1,0.01947248,0.88
3rd-C49_S60,alpha,pancreatic A cell,alpha,alpha,fluidigmc1,0.038566172,0.92
human3_lib2.final_cell_0071,acinar,pancreatic acinar cell,acinar,acinar,inDrop3,0.017578065,1.0
human3_lib2.final_cell_0322,alpha,pancreatic A cell,alpha,alpha,inDrop3,0.024314523,0.72
D28-5_74,alpha,pancreatic A cell,alpha,alpha,celseq2,0.053334117,0.94
human3_lib4.final_cell_0244,beta,type B pancreatic cell,beta,beta,inDrop3,0.02515459,0.9
D28-8_39,acinar,pancreatic acinar cell,acinar,acinar,celseq2,0.05156362,0.92
D72_61,ductal,native cell,ductal,other,celseq,0.03593588,0.7
human3_lib2.final_cell_0372,alpha,pancreatic A cell,alpha,alpha,inDrop3,0.026990771,0.72
D74_82,beta,type B pancreatic cell,beta,beta,celseq,0.031324267,0.66
D30-1_21,alpha,pancreatic A cell,alpha,alpha,celseq2,0.025031209,0.92
human3_lib2.final_cell_0163,beta,type B pancreatic cell,beta,beta,inDrop3,0.02363491,0.44
human2_lib3.final_cell_0110,beta,type B pancreatic cell,beta,beta,inDrop2,0.024977207,0.58
D29-7_89,gamma,enteroendocrine cell,gamma,other,celseq2,0.042544127,0.74
human3_lib4.final_cell_0263,beta,type B pancreatic cell,beta,beta,inDrop3,0.027826548,1.0
D31-4_83,beta,type B pancreatic cell,beta,beta,celseq2,0.073755324,0.74
human3_lib2.final_cell_0281,ductal,pancreatic ductal cell,ductal,ductal,inDrop3,0.063509345,0.82
human2_lib1.final_cell_0195,beta,type B pancreatic cell,beta,beta,inDrop2,0.021302462,0.8
HP1509101_C22,alpha,pancreatic A cell,alpha,alpha,smartseq2,0.05630541,0.66
human3_lib1.final_cell_0840,beta,type B pancreatic cell,beta,beta,inDrop3,0.023836851,0.66
HP1506401_E8,alpha,pancreatic acinar cell,alpha,acinar,smartseq2,0.10717666,0.98
human4_lib1.final_cell_0494,delta,type B pancreatic cell,delta,beta,inDrop4,0.025662065,0.74
HP1526901T2D_F21,alpha,pancreatic A cell,alpha,alpha,smartseq2,0.038199723,0.84
human4_lib1.final_cell_0440,activated_stellate,fibroblast,stellate,other,inDrop4,0.033991158,0.46
human3_lib1.final_cell_0121,acinar,pancreatic acinar cell,acinar,acinar,inDrop3,0.04677075,0.72
D17All2_18,ductal,native cell,ductal,other,celseq,0.045493066,0.84
HP1509101_B20,alpha,pancreatic A cell,alpha,alpha,smartseq2,0.03947544,0.78
human3_lib3.final_cell_0513,alpha,enteroendocrine cell,alpha,other,inDrop3,0.025857031,0.48
human2_lib2.final_cell_0018,ductal,native cell,ductal,other,inDrop2,0.06784868,0.64
Sample_1281,alpha,pancreatic A cell,alpha,alpha,smarter,0.025866508,0.92
HP1502401_L9,alpha,pancreatic A cell,alpha,alpha,smartseq2,0.03247857,0.88
human2_lib1.final_cell_0485,endothelial,endothelial cell,endothelial,endothelial,inDrop2,0.033988178,0.46
human1_lib1.final_cell_0048,activated_stellate,pancreatic stellate cell,stellate,stellate,inDrop1,0.031608224,0.86
D172444_71,alpha,pancreatic A cell,alpha,alpha,celseq,0.022048652,0.82
human4_lib1.final_cell_0198,beta,type B pancreatic cell,beta,beta,inDrop4,0.029709935,0.72
D29-4_12,alpha,pancreatic A cell,alpha,alpha,celseq2,0.05155313,0.76
human1_lib3.final_cell_0628,acinar,pancreatic acinar cell,acinar,acinar,inDrop1,0.02236265,0.96
Sample_345,alpha,pancreatic A cell,alpha,alpha,smarter,0.02348876,0.96
D30-8_57,activated_stellate,pancreatic stellate cell,stellate,stellate,celseq2,0.03957534,0.62
human3_lib4.final_cell_0690,ductal,pancreatic ductal cell,ductal,ductal,inDrop3,0.049494207,0.72
human1_lib2.final_cell_0058,delta,type B pancreatic cell,delta,beta,inDrop1,0.020691752,0.84
Sample_66,beta,type B pancreatic cell,beta,beta,smarter,0.03254825,0.76
D30-7_54,beta,type B pancreatic cell,beta,beta,celseq2,0.062199652,0.6
human4_lib3.final_cell_0159,ductal,native cell,ductal,other,inDrop4,0.03784275,0.8
human3_lib1.final_cell_0648,ductal,kidney connecting tubule epithelial cell,ductal,other,inDrop3,0.051814914,0.68
human1_lib3.final_cell_0259,beta,type B pancreatic cell,beta,beta,inDrop1,0.020352364,0.86
human3_lib4.final_cell_0876,endothelial,endothelial cell,endothelial,endothelial,inDrop3,0.038256645,0.54
human3_lib3.final_cell_0873,beta,type B pancreatic cell,beta,beta,inDrop3,0.021689534,0.96
HP1507101_I4,alpha,pancreatic A cell,alpha,alpha,smartseq2,0.04087186,0.66
human3_lib1.final_cell_0808,alpha,pancreatic A cell,alpha,alpha,inDrop3,0.016323566,0.86
D31-6_22,beta,type B pancreatic cell,beta,beta,celseq2,0.057805657,0.92
human2_lib2.final_cell_0442,alpha,pancreatic A cell,alpha,alpha,inDrop2,0.025762022,0.84
human2_lib3.final_cell_0319,beta,pancreatic acinar cell,beta,acinar,inDrop2,0.05364895,0.88
human1_lib1.final_cell_0276,beta,type B pancreatic cell,beta,beta,inDrop1,0.02120316,0.78
human4_lib1.final_cell_0431,beta,type B pancreatic cell,beta,beta,inDrop4,0.028017998,0.66
human3_lib2.final_cell_0464,beta,type B pancreatic cell,beta,beta,inDrop3,0.024861753,0.9
human3_lib4.final_cell_0272,acinar,pancreatic acinar cell,acinar,acinar,inDrop3,0.027794182,0.98
D31-2_15,acinar,pancreatic acinar cell,acinar,acinar,celseq2,0.03042519,0.96
human1_lib2.final_cell_0608,alpha,pancreatic A cell,alpha,alpha,inDrop1,0.017534375,0.88
human2_lib1.final_cell_0137,beta,type B pancreatic cell,beta,beta,inDrop2,0.020097852,0.8
human1_lib1.final_cell_0338,delta,type B pancreatic cell,delta,beta,inDrop1,0.02088958,0.54
human1_lib3.final_cell_0705,beta,type B pancreatic cell,beta,beta,inDrop1,0.024789512,0.98
human3_lib2.final_cell_0871,alpha,enteroendocrine cell,alpha,other,inDrop3,0.023216248,0.32
HP1525301T2D_O7,ductal,pancreatic ductal cell,ductal,ductal,smartseq2,0.09229982,0.68
Sample_1470,alpha,pancreatic A cell,alpha,alpha,smarter,0.021098197,0.92
human3_lib4.final_cell_0080,acinar,pancreatic acinar cell,acinar,acinar,inDrop3,0.018012881,1.0
human3_lib3.final_cell_0755,alpha,pancreatic A cell,alpha,alpha,inDrop3,0.022270203,0.88
human3_lib3.final_cell_0626,ductal,native cell,ductal,other,inDrop3,0.04255712,0.46
human3_lib3.final_cell_0695,activated_stellate,fibroblast,stellate,other,inDrop3,0.032163978,1.0
D31-1_77,ductal,pancreatic ductal cell,ductal,ductal,celseq2,0.056906343,0.7
human3_lib3.final_cell_0490,ductal,native cell,ductal,other,inDrop3,0.050376534,0.52
D2ex_85,ductal,native cell,ductal,other,celseq,0.04362321,0.66
Sample_1259,alpha,pancreatic A cell,alpha,alpha,smarter,0.02170384,0.88
D29-2_72,beta,type B pancreatic cell,beta,beta,celseq2,0.06668413,0.9
10th_C37_S49,beta,type B pancreatic cell,beta,beta,fluidigmc1,0.065944076,0.46
Sample_203,beta,type B pancreatic cell,beta,beta,smarter,0.041252613,0.8
human1_lib1.final_cell_0136,beta,type B pancreatic cell,beta,beta,inDrop1,0.0242697,0.9
human2_lib2.final_cell_0112,activated_stellate,fibroblast,stellate,other,inDrop2,0.07076281,0.3
human3_lib1.final_cell_0454,alpha,pancreatic A cell,alpha,alpha,inDrop3,0.020503044,0.96
D29-4_55,alpha,pancreatic A cell,alpha,alpha,celseq2,0.05066043,0.92
human2_lib1.final_cell_0352,alpha,pancreatic A cell,alpha,alpha,inDrop2,0.024415016,0.54
human3_lib4.final_cell_0810,beta,type B pancreatic cell,beta,beta,inDrop3,0.02181673,0.92
D29-8_77,alpha,pancreatic A cell,alpha,alpha,celseq2,0.0321939,0.76
human1_lib1.final_cell_0076,beta,type B pancreatic cell,beta,beta,inDrop1,0.02203101,0.7
Sample_1033,alpha,pancreatic A cell,alpha,alpha,smarter,0.019592166,0.9
Sample_719,beta,type B pancreatic cell,beta,beta,smarter,0.025134683,0.94
human3_lib3.final_cell_0010,acinar,pancreatic acinar cell,acinar,acinar,inDrop3,0.014095604,1.0
human1_lib2.final_cell_0177,acinar,pancreatic acinar cell,acinar,acinar,inDrop1,0.01788789,1.0
human3_lib1.final_cell_0878,beta,type B pancreatic cell,beta,beta,inDrop3,0.022799611,1.0
D31-6_20,beta,type B pancreatic cell,beta,beta,celseq2,0.053720355,0.68
human3_lib1.final_cell_0777,acinar,pancreatic acinar cell,acinar,acinar,inDrop3,0.016638756,1.0
human1_lib1.final_cell_0053,acinar,pancreatic acinar cell,acinar,acinar,inDrop1,0.01895219,1.0
Sample_605,delta,pancreatic D cell,delta,delta,smarter,0.022209585,0.48
HP1525301T2D_B23,alpha,pancreatic A cell,alpha,alpha,smartseq2,0.02235049,0.8
human2_lib2.final_cell_0415,alpha,pancreatic A cell,alpha,alpha,inDrop2,0.027490616,0.74
human2_lib3.final_cell_0537,alpha,pancreatic A cell,alpha,alpha,inDrop2,0.02508521,0.52
D28-4_38,gamma,enteroendocrine cell,gamma,other,celseq2,0.04909283,0.86
human3_lib2.final_cell_0680,alpha,pancreatic A cell,alpha,alpha,inDrop3,0.028008938,0.42
human1_lib2.final_cell_0051,alpha,pancreatic A cell,alpha,alpha,inDrop1,0.023844838,0.62
human2_lib1.final_cell_0175,alpha,pancreatic A cell,alpha,alpha,inDrop2,0.02288717,0.86
9th-C57_S16,beta,pancreatic A cell,beta,alpha,fluidigmc1,0.044032097,0.82
human2_lib1.final_cell_0304,beta,type B pancreatic cell,beta,beta,inDrop2,0.023131609,0.94
D31-1_6,delta,enteroendocrine cell,delta,other,celseq2,0.05227202,0.36
human3_lib1.final_cell_0800,alpha,pancreatic A cell,alpha,alpha,inDrop3,0.018052697,1.0
human3_lib2.final_cell_0766,endothelial,endothelial cell,endothelial,endothelial,inDrop3,0.032915533,0.94
human3_lib3.final_cell_0098,acinar,pancreatic acinar cell,acinar,acinar,inDrop3,0.020992696,0.98
human3_lib4.final_cell_0077,acinar,pancreatic acinar cell,acinar,acinar,inDrop3,0.017140925,1.0
D2ex_36,ductal,native cell,ductal,other,celseq,0.030521333,0.78
human3_lib1.final_cell_0177,alpha,pancreatic A cell,alpha,alpha,inDrop3,0.019975543,0.78
HP1502401_B14,beta,type B pancreatic cell,beta,beta,smartseq2,0.05562681,0.6
D31-2_83,acinar,pancreatic acinar cell,acinar,acinar,celseq2,0.03262049,1.0
3rd-C85_S83,alpha,pancreatic A cell,alpha,alpha,fluidigmc1,0.05120063,0.8
human1_lib1.final_cell_0288,macrophage,macrophage,macrophage,macrophage,inDrop1,0.024211884,0.4
human1_lib2.final_cell_0500,gamma,enteroendocrine cell,gamma,other,inDrop1,0.024242759,0.8
HP1508501T2D_A11,acinar,pancreatic acinar cell,acinar,acinar,smartseq2,0.026571691,0.9
D1713_48,ductal,native cell,ductal,other,celseq,0.032669604,0.52
D29-7_69,beta,type B pancreatic cell,beta,beta,celseq2,0.058733165,0.48
D30-7_53,delta,pancreatic D cell,delta,delta,celseq2,0.07126832,0.36
human1_lib1.final_cell_0339,beta,type B pancreatic cell,beta,beta,inDrop1,0.02115202,0.94
D31-1_68,beta,type B pancreatic cell,beta,beta,celseq2,0.063851476,0.74
human1_lib2.final_cell_0311,alpha,pancreatic A cell,alpha,alpha,inDrop1,0.015874326,0.8
human1_lib3.final_cell_0740,quiescent_stellate,myofibroblast cell,stellate,other,inDrop1,0.04368168,0.58
D31-4_27,alpha,pancreatic A cell,alpha,alpha,celseq2,0.033486426,0.96
human4_lib1.final_cell_0233,alpha,pancreatic A cell,alpha,alpha,inDrop4,0.018517792,0.92
7th-C84_S62,beta,pancreatic A cell,beta,alpha,fluidigmc1,0.08131838,0.52
human3_lib1.final_cell_0863,endothelial,endothelial cell of lymphatic vessel,endothelial,endothelial,inDrop3,0.035668015,0.66
HP1525301T2D_L2,ductal,pancreatic ductal cell,ductal,ductal,smartseq2,0.050442576,0.48
D31-7_57,ductal,pancreatic ductal cell,ductal,ductal,celseq2,0.05291879,0.88
HP1509101_F7,ductal,native cell,ductal,other,smartseq2,0.06243831,0.78
HP1504101T2D_B16,alpha,pancreatic A cell,alpha,alpha,smartseq2,0.039975286,0.84
human3_lib3.final_cell_0012,acinar,pancreatic acinar cell,acinar,acinar,inDrop3,0.018401444,1.0
human2_lib3.final_cell_0223,delta,type B pancreatic cell,delta,beta,inDrop2,0.022335052,0.72
D29-7_40,gamma,enteroendocrine cell,gamma,other,celseq2,0.03876102,0.52
D28-5_86,alpha,pancreatic A cell,alpha,alpha,celseq2,0.04933548,0.92
human3_lib2.final_cell_0656,alpha,pancreatic A cell,alpha,alpha,inDrop3,0.023311377,0.6
human3_lib2.final_cell_0602,alpha,pancreatic A cell,alpha,alpha,inDrop3,0.020481944,0.74
HP1525301T2D_C24,ductal,pancreatic ductal cell,ductal,ductal,smartseq2,0.06420833,0.84
human3_lib3.final_cell_0333,acinar,pancreatic acinar cell,acinar,acinar,inDrop3,0.02177316,0.98
D31-3_52,alpha,pancreatic A cell,alpha,alpha,celseq2,0.048241735,0.9
D29-7_81,delta,enteroendocrine cell,delta,other,celseq2,0.0648635,0.38
human3_lib4.final_cell_0770,alpha,pancreatic A cell,alpha,alpha,inDrop3,0.018650651,0.76
D172444_1,delta,type B pancreatic cell,delta,beta,celseq,0.0295825,0.9
Sample_588,delta,pancreatic D cell,delta,delta,smarter,0.03437209,0.76
human3_lib1.final_cell_0590,alpha,pancreatic A cell,alpha,alpha,inDrop3,0.027094841,0.6
human4_lib1.final_cell_0484,gamma,enteroendocrine cell,gamma,other,inDrop4,0.01970774,0.7
human4_lib1.final_cell_0504,beta,type B pancreatic cell,beta,beta,inDrop4,0.02279973,0.76
human2_lib2.final_cell_0292,alpha,pancreatic A cell,alpha,alpha,inDrop2,0.023453414,0.8
human4_lib3.final_cell_0656,ductal,pancreatic ductal cell,ductal,ductal,inDrop4,0.06844115,0.58
human3_lib3.final_cell_0509,alpha,pancreatic A cell,alpha,alpha,inDrop3,0.02187115,0.68
human2_lib2.final_cell_0269,beta,type B pancreatic cell,beta,beta,inDrop2,0.026224554,0.64
human3_lib2.final_cell_0835,alpha,pancreatic A cell,alpha,alpha,inDrop3,0.031471133,0.74
Sample_1139,alpha,pancreatic A cell,alpha,alpha,smarter,0.020128608,1.0
human2_lib1.final_cell_0316,alpha,pancreatic A cell,alpha,alpha,inDrop2,0.034807444,0.84
human2_lib3.final_cell_0245,alpha,pancreatic A cell,alpha,alpha,inDrop2,0.019910157,0.84
human3_lib1.final_cell_0424,beta,type B pancreatic cell,beta,beta,inDrop3,0.027792335,0.76
D30-1_79,activated_stellate,fibroblast,stellate,other,celseq2,0.076420784,0.6
7th-C21_S34,beta,type B pancreatic cell,beta,beta,fluidigmc1,0.050950646,0.48
human3_lib4.final_cell_0818,endothelial,endothelial cell,endothelial,endothelial,inDrop3,0.023985267,0.6
human3_lib3.final_cell_0630,alpha,pancreatic A cell,alpha,alpha,inDrop3,0.03523159,0.5
D29-2_91,alpha,pancreatic A cell,alpha,alpha,celseq2,0.045028508,0.9
HP1507101_I5,alpha,pancreatic A cell,alpha,alpha,smartseq2,0.03957373,0.76
D31-3_21,ductal,pancreatic ductal cell,ductal,ductal,celseq2,0.06608915,0.96
human1_lib3.final_cell_0142,beta,type B pancreatic cell,beta,beta,inDrop1,0.025701702,0.7
human1_lib1.final_cell_0346,beta,type B pancreatic cell,beta,beta,inDrop1,0.021694183,0.94
Sample_1454,alpha,pancreatic A cell,alpha,alpha,smarter,0.019489408,0.84
human2_lib3.final_cell_0158,ductal,pancreatic ductal cell,ductal,ductal,inDrop2,0.037978888,0.94
HP1509101_P5,ductal,native cell,ductal,other,smartseq2,0.098697186,0.6
HP1504901_D4,endothelial,endothelial cell,endothelial,endothelial,smartseq2,0.0371601,0.8
human2_lib2.final_cell_0154,acinar,pancreatic ductal cell,acinar,ductal,inDrop2,0.06978023,0.52
HP1507101_E9,alpha,pancreatic A cell,alpha,alpha,smartseq2,0.04105878,0.78
human1_lib1.final_cell_0255,delta,type B pancreatic cell,delta,beta,inDrop1,0.020356297,0.78
human3_lib3.final_cell_0065,acinar,pancreatic acinar cell,acinar,acinar,inDrop3,0.009789526,1.0
human3_lib1.final_cell_0870,beta,type B pancreatic cell,beta,beta,inDrop3,0.022649765,0.98
human3_lib2.final_cell_0819,endothelial,endothelial cell,endothelial,endothelial,inDrop3,0.031727493,0.44
human3_lib1.final_cell_0769,alpha,type B pancreatic cell,alpha,beta,inDrop3,0.03856218,0.62
human2_lib1.final_cell_0385,alpha,pancreatic A cell,alpha,alpha,inDrop2,0.02348864,0.78
HP1526901T2D_M18,acinar,pancreatic acinar cell,acinar,acinar,smartseq2,0.024897814,0.98
D29-6_53,alpha,pancreatic A cell,alpha,alpha,celseq2,0.047010243,0.9
human2_lib1.final_cell_0555,ductal,native cell,ductal,other,inDrop2,0.044245124,0.48
human1_lib3.final_cell_0270,epsilon,type B pancreatic cell,epsilon,beta,inDrop1,0.019323766,0.5
human3_lib4.final_cell_0322,delta,type B pancreatic cell,delta,beta,inDrop3,0.018203616,0.78
Sample_52,beta,type B pancreatic cell,beta,beta,smarter,0.029203057,0.92
human1_lib2.final_cell_0081,delta,type B pancreatic cell,delta,beta,inDrop1,0.019325554,0.78
human1_lib1.final_cell_0563,beta,type B pancreatic cell,beta,beta,inDrop1,0.021402478,1.0
HP1504101T2D_J6,alpha,enteroendocrine cell,alpha,other,smartseq2,0.054758787,0.38
9th-C9_S13,alpha,pancreatic A cell,alpha,alpha,fluidigmc1,0.025967598,0.96
Sample_1389,alpha,pancreatic A cell,alpha,alpha,smarter,0.021256566,0.9
human3_lib2.final_cell_0022,acinar,pancreatic acinar cell,acinar,acinar,inDrop3,0.022403657,0.98
3rd-C56_S90,beta,type B pancreatic cell,beta,beta,fluidigmc1,0.04482031,0.78
D17TGFB_24,ductal,cholangiocyte,ductal,other,celseq,0.032755136,0.68
HP1502401_M5,alpha,pancreatic A cell,alpha,alpha,smartseq2,0.030633211,0.86
D73_31,alpha,pancreatic A cell,alpha,alpha,celseq,0.016721547,0.86
human3_lib2.final_cell_0621,activated_stellate,pancreatic stellate cell,stellate,stellate,inDrop3,0.042678535,0.56
human3_lib4.final_cell_0657,beta,type B pancreatic cell,beta,beta,inDrop3,0.024551153,0.92
Sample_161,beta,type B pancreatic cell,beta,beta,smarter,0.031298637,0.9
human2_lib2.final_cell_0553,activated_stellate,fibroblast,stellate,other,inDrop2,0.037724733,0.48
HP1506401_H1,acinar,pancreatic acinar cell,acinar,acinar,smartseq2,0.063528895,0.98
D28-6_42,acinar,pancreatic acinar cell,acinar,acinar,celseq2,0.060488522,0.88
human2_lib3.final_cell_0297,ductal,pancreatic ductal cell,ductal,ductal,inDrop2,0.08216262,0.42
human1_lib3.final_cell_0612,beta,type B pancreatic cell,beta,beta,inDrop1,0.01879108,0.96
human3_lib4.final_cell_0129,acinar,pancreatic acinar cell,acinar,acinar,inDrop3,0.024466813,0.98
D29-7_94,gamma,enteroendocrine cell,gamma,other,celseq2,0.045290053,0.92
human4_lib3.final_cell_0255,beta,type B pancreatic cell,beta,beta,inDrop4,0.027178407,0.88
human2_lib1.final_cell_0552,alpha,pancreatic A cell,alpha,alpha,inDrop2,0.021381557,0.94
D30-7_93,alpha,pancreatic A cell,alpha,alpha,celseq2,0.041395664,0.86
6th-C79_S60,beta,type B pancreatic cell,beta,beta,fluidigmc1,0.06672531,0.56
human3_lib4.final_cell_0432,alpha,pancreatic A cell,alpha,alpha,inDrop3,0.023309052,0.9
human1_lib2.final_cell_0097,delta,type B pancreatic cell,delta,beta,inDrop1,0.01908052,0.74
human2_lib1.final_cell_0331,alpha,pancreatic A cell,alpha,alpha,inDrop2,0.024545431,0.64
human1_lib1.final_cell_0399,activated_stellate,pancreatic stellate cell,stellate,stellate,inDrop1,0.032910228,0.78
D31-8_76,delta,pancreatic D cell,delta,delta,celseq2,0.07536304,0.6
D30-6_58,delta,pancreatic D cell,delta,delta,celseq2,0.065310836,0.48
8th-C37_S146,alpha,pancreatic A cell,alpha,alpha,fluidigmc1,0.032988787,0.98
D29-2_7,ductal,pancreatic ductal cell,ductal,ductal,celseq2,0.04482317,0.92
Sample_1322,alpha,pancreatic A cell,alpha,alpha,smarter,0.016939044,0.96
human3_lib4.final_cell_0777,alpha,pancreatic A cell,alpha,alpha,inDrop3,0.022444963,0.62
D31-1_32,alpha,pancreatic A cell,alpha,alpha,celseq2,0.03175491,0.86
HP1508501T2D_G23,acinar,pancreatic acinar cell,acinar,acinar,smartseq2,0.051359057,0.7
human2_lib2.final_cell_0450,alpha,pancreatic A cell,alpha,alpha,inDrop2,0.023073912,0.72
human3_lib1.final_cell_0741,beta,type B pancreatic cell,beta,beta,inDrop3,0.03023684,0.72
human1_lib3.final_cell_0629,beta,type B pancreatic cell,beta,beta,inDrop1,0.019173205,0.94
D17All1_39,delta,type B pancreatic cell,delta,beta,celseq,0.059554696,0.46
D30-5_65,alpha,pancreatic A cell,alpha,alpha,celseq2,0.035636663,0.92
8th-C70_S123,beta,enteroendocrine cell,beta,other,fluidigmc1,0.05327809,0.36
HP1502401_M14,alpha,pancreatic A cell,alpha,alpha,smartseq2,0.03902358,0.88
human2_lib2.final_cell_0475,beta,type B pancreatic cell,beta,beta,inDrop2,0.026284218,0.66
HP1509101_H17,endothelial,endothelial cell,endothelial,endothelial,smartseq2,0.037540555,0.58
D30-1_83,delta,pancreatic D cell,delta,delta,celseq2,0.050560832,0.64
human1_lib1.final_cell_0379,beta,type B pancreatic cell,beta,beta,inDrop1,0.029875934,0.5
human1_lib2.final_cell_0266,beta,type B pancreatic cell,beta,beta,inDrop1,0.022556186,0.9
human2_lib1.final_cell_0038,ductal,pancreatic acinar cell,ductal,acinar,inDrop2,0.020265043,0.9
human3_lib4.final_cell_0768,ductal,pancreatic ductal cell,ductal,ductal,inDrop3,0.04093784,0.46
D29-1_68,acinar,pancreatic acinar cell,acinar,acinar,celseq2,0.039828897,1.0
D28-2_5,alpha,pancreatic A cell,alpha,alpha,celseq2,0.045912683,0.9
human2_lib3.final_cell_0034,alpha,pancreatic A cell,alpha,alpha,inDrop2,0.02052331,0.9
human3_lib4.final_cell_0006,acinar,pancreatic acinar cell,acinar,acinar,inDrop3,0.022564173,1.0
human1_lib1.final_cell_0232,delta,type B pancreatic cell,delta,beta,inDrop1,0.02097416,0.68
human3_lib3.final_cell_0563,delta,type B pancreatic cell,delta,beta,inDrop3,0.027143002,0.92
Sample_425,alpha,pancreatic A cell,alpha,alpha,smarter,0.019034028,0.92
human2_lib2.final_cell_0503,alpha,pancreatic A cell,alpha,alpha,inDrop2,0.024644732,0.9
HP1507101_J7,acinar,pancreatic ductal cell,acinar,ductal,smartseq2,0.061897874,0.78
D31-5_62,alpha,pancreatic A cell,alpha,alpha,celseq2,0.038865447,0.88
Sample_1357,alpha,pancreatic A cell,alpha,alpha,smarter,0.021028042,0.98
Sample_695,beta,type B pancreatic cell,beta,beta,smarter,0.02437973,0.92
D31-5_4,acinar,pancreatic acinar cell,acinar,acinar,celseq2,0.04295039,0.86
human3_lib1.final_cell_0343,beta,type B pancreatic cell,beta,beta,inDrop3,0.029866993,1.0
D30-4_39,alpha,pancreatic A cell,alpha,alpha,celseq2,0.048905075,0.9
D17TGFB_23,acinar,pancreatic acinar cell,acinar,acinar,celseq,0.030103505,0.92
human1_lib1.final_cell_0283,beta,type B pancreatic cell,beta,beta,inDrop1,0.02273786,0.92
human1_lib3.final_cell_0595,quiescent_stellate,endothelial cell,stellate,endothelial,inDrop1,0.054540098,0.44
human3_lib2.final_cell_0622,beta,type B pancreatic cell,beta,beta,inDrop3,0.022625566,0.92
human3_lib2.final_cell_0808,beta,type B pancreatic cell,beta,beta,inDrop3,0.020527601,1.0
human2_lib2.final_cell_0064,beta,type B pancreatic cell,beta,beta,inDrop2,0.02793765,0.86
D1713_35,ductal,pancreatic ductal cell,ductal,ductal,celseq,0.031327367,0.62
Sample_1592,gamma,enteroendocrine cell,gamma,other,smarter,0.023904622,0.9
human3_lib1.final_cell_0805,beta,type B pancreatic cell,beta,beta,inDrop3,0.02567017,0.96
HP1502401_M3,alpha,pancreatic A cell,alpha,alpha,smartseq2,0.03478825,0.92
D28-5_1,beta,type B pancreatic cell,beta,beta,celseq2,0.05337763,0.6
human3_lib4.final_cell_0697,alpha,pancreatic A cell,alpha,alpha,inDrop3,0.017819285,0.78
HP1525301T2D_C19,ductal,pancreatic ductal cell,ductal,ductal,smartseq2,0.06117916,0.5
human2_lib1.final_cell_0150,beta,type B pancreatic cell,beta,beta,inDrop2,0.022800088,0.5
HP1507101_E16,delta,type B pancreatic cell,delta,beta,smartseq2,0.041309834,0.66
human3_lib2.final_cell_0152,alpha,pancreatic A cell,alpha,alpha,inDrop3,0.028803825,0.56
human1_lib1.final_cell_0395,beta,type B pancreatic cell,beta,beta,inDrop1,0.021546245,0.92
D30-2_49,delta,type B pancreatic cell,delta,beta,celseq2,0.07953566,0.4
Sample_1312,alpha,pancreatic A cell,alpha,alpha,smarter,0.022353888,0.86
human3_lib1.final_cell_0390,alpha,pancreatic A cell,alpha,alpha,inDrop3,0.03718418,0.6
human1_lib2.final_cell_0571,endothelial,endothelial cell,endothelial,endothelial,inDrop1,0.032113194,0.56
human3_lib2.final_cell_0224,ductal,pancreatic ductal cell,ductal,ductal,inDrop3,0.035045743,0.76
HP1502401_A10,beta,type B pancreatic cell,beta,beta,smartseq2,0.037608445,0.88
human3_lib3.final_cell_0217,alpha,pancreatic A cell,alpha,alpha,inDrop3,0.024491727,0.58
human1_lib3.final_cell_0262,beta,type B pancreatic cell,beta,beta,inDrop1,0.02261597,0.74
Sample_290,alpha,pancreatic A cell,alpha,alpha,smarter,0.020944357,0.96
human2_lib1.final_cell_0398,gamma,enteroendocrine cell,gamma,other,inDrop2,0.021289289,0.8
human3_lib1.final_cell_0294,beta,type B pancreatic cell,beta,beta,inDrop3,0.025636673,0.98
human4_lib1.final_cell_0352,beta,type B pancreatic cell,beta,beta,inDrop4,0.027536035,0.8
HP1526901T2D_M21,alpha,pancreatic A cell,alpha,alpha,smartseq2,0.04531324,0.84
human4_lib3.final_cell_0125,ductal,pancreatic acinar cell,ductal,acinar,inDrop4,0.028092325,0.92
Sample_847,beta,pancreatic A cell,beta,alpha,smarter,0.044772267,0.42
Sample_1507,alpha,pancreatic A cell,alpha,alpha,smarter,0.019787014,0.92
human2_lib3.final_cell_0530,mast,mast cell,mast,mast,inDrop2,0.022317767,0.52
human3_lib2.final_cell_0685,acinar,pancreatic acinar cell,acinar,acinar,inDrop3,0.036577582,0.98
human4_lib3.final_cell_0480,beta,type B pancreatic cell,beta,beta,inDrop4,0.028397143,0.76
human3_lib1.final_cell_0351,alpha,pancreatic A cell,alpha,alpha,inDrop3,0.020885885,0.6
D74_31,ductal,native cell,ductal,other,celseq,0.028559446,0.74
Sample_565,alpha,pancreatic A cell,alpha,alpha,smarter,0.015861511,1.0
human4_lib1.final_cell_0558,alpha,pancreatic A cell,alpha,alpha,inDrop4,0.024392128,0.72
D28-8_42,macrophage,macrophage,macrophage,macrophage,celseq2,0.048269153,0.72
D28-6_65,alpha,pancreatic A cell,alpha,alpha,celseq2,0.04566151,0.94
HP1525301T2D_C22,ductal,pancreatic ductal cell,ductal,ductal,smartseq2,0.08451414,0.6
D31-2_68,ductal,pancreatic ductal cell,ductal,ductal,celseq2,0.048075378,0.9
HP1506401_F23,ductal,native cell,ductal,other,smartseq2,0.07179886,0.52
Sample_127,beta,pancreatic A cell,beta,alpha,smarter,0.04145986,0.46
human4_lib3.final_cell_0489,beta,type B pancreatic cell,beta,beta,inDrop4,0.021968365,0.76
human1_lib2.final_cell_0476,endothelial,endothelial cell,endothelial,endothelial,inDrop1,0.023472607,0.48
Sample_1489,alpha,pancreatic A cell,alpha,alpha,smarter,0.024032712,0.92
human3_lib1.final_cell_0023,acinar,pancreatic acinar cell,acinar,acinar,inDrop3,0.017074704,1.0
D29-6_30,delta,pancreatic D cell,delta,delta,celseq2,0.07055068,0.7
HP1506401_D2,ductal,kidney collecting duct intercalated cell,ductal,other,smartseq2,0.09978163,0.66
human3_lib1.final_cell_0206,ductal,pancreatic ductal cell,ductal,ductal,inDrop3,0.04020965,0.82
D31-6_74,alpha,pancreatic A cell,alpha,alpha,celseq2,0.03640282,0.9
D1713_63,acinar,pancreatic acinar cell,acinar,acinar,celseq,0.019599915,0.94
HP1508501T2D_N19,ductal,native cell,ductal,other,smartseq2,0.06548822,0.7
HP1526901T2D_D16,alpha,pancreatic A cell,alpha,alpha,smartseq2,0.05171275,0.76
D29-8_72,delta,pancreatic D cell,delta,delta,celseq2,0.047507107,0.4
Sample_705,beta,type B pancreatic cell,beta,beta,smarter,0.027115107,0.94
human2_lib3.final_cell_0005,ductal,pancreatic acinar cell,ductal,acinar,inDrop2,0.01790768,0.98
D30-2_16,alpha,pancreatic A cell,alpha,alpha,celseq2,0.0504992,0.88
human4_lib3.final_cell_0188,alpha,pancreatic A cell,alpha,alpha,inDrop4,0.017562509,0.86
HP1525301T2D_N21,gamma,enteroendocrine cell,gamma,other,smartseq2,0.04941815,0.8
HP1525301T2D_D3,ductal,pancreatic ductal cell,ductal,ductal,smartseq2,0.076071024,1.0
human3_lib3.final_cell_0934,beta,type B pancreatic cell,beta,beta,inDrop3,0.029450595,0.82
human3_lib3.final_cell_0735,acinar,pancreatic acinar cell,acinar,acinar,inDrop3,0.010811567,1.0
human2_lib3.final_cell_0557,beta,enteroendocrine cell,beta,other,inDrop2,0.022440493,0.52
Sample_1040,alpha,pancreatic A cell,alpha,alpha,smarter,0.020006657,0.94
11th-C44_S15,beta,type B pancreatic cell,beta,beta,fluidigmc1,0.06769359,0.46
human3_lib1.final_cell_0658,alpha,pancreatic A cell,alpha,alpha,inDrop3,0.022828043,0.9
HP1525301T2D_P19,ductal,pancreatic ductal cell,ductal,ductal,smartseq2,0.09782457,0.64
D28-6_43,quiescent_stellate,fibroblast,stellate,other,celseq2,0.051276863,0.68
human3_lib1.final_cell_0106,delta,type B pancreatic cell,delta,beta,inDrop3,0.017169058,0.94
human3_lib2.final_cell_0362,alpha,pancreatic A cell,alpha,alpha,inDrop3,0.023004055,0.74
D30-1_26,beta,type B pancreatic cell,beta,beta,celseq2,0.04891956,0.78
human3_lib1.final_cell_0797,alpha,pancreatic A cell,alpha,alpha,inDrop3,0.01599598,0.92
human3_lib2.final_cell_0778,quiescent_stellate,type B pancreatic cell,stellate,beta,inDrop3,0.09139073,0.4
human3_lib4.final_cell_0583,beta,type B pancreatic cell,beta,beta,inDrop3,0.026561558,0.82
human1_lib3.final_cell_0031,acinar,pancreatic acinar cell,acinar,acinar,inDrop1,0.020475209,1.0
human3_lib1.final_cell_0283,beta,type B pancreatic cell,beta,beta,inDrop3,0.024741113,0.5
Sample_1262,alpha,pancreatic A cell,alpha,alpha,smarter,0.026086628,0.86
HP1504101T2D_I23,alpha,pancreatic A cell,alpha,alpha,smartseq2,0.04062462,0.7
human1_lib3.final_cell_0156,acinar,pancreatic acinar cell,acinar,acinar,inDrop1,0.008574903,1.0
human2_lib1.final_cell_0154,alpha,pancreatic A cell,alpha,alpha,inDrop2,0.023837447,0.76
human3_lib3.final_cell_0674,ductal,pancreatic ductal cell,ductal,ductal,inDrop3,0.055437446,0.72
human2_lib3.final_cell_0279,activated_stellate,fibroblast,stellate,other,inDrop2,0.041920543,0.52
human3_lib2.final_cell_0136,delta,type B pancreatic cell,delta,beta,inDrop3,0.017754912,0.74
human3_lib1.final_cell_0748,alpha,pancreatic A cell,alpha,alpha,inDrop3,0.0181489,0.92
human4_lib1.final_cell_0276,beta,type B pancreatic cell,beta,beta,inDrop4,0.02392149,0.78
D29-2_19,gamma,enteroendocrine cell,gamma,other,celseq2,0.039695382,0.68
human2_lib2.final_cell_0496,beta,type B pancreatic cell,beta,beta,inDrop2,0.0229069,0.48
Sample_1467,alpha,pancreatic A cell,alpha,alpha,smarter,0.02442205,0.92
Sample_1091,alpha,pancreatic A cell,alpha,alpha,smarter,0.013070643,1.0
HP1504101T2D_I8,alpha,pancreatic A cell,alpha,alpha,smartseq2,0.033220053,0.84
Sample_1295,alpha,pancreatic A cell,alpha,alpha,smarter,0.021446824,0.94
D28-3_42,alpha,pancreatic A cell,alpha,alpha,celseq2,0.04391408,0.9
D17All1_28,gamma,enteroendocrine cell,gamma,other,celseq,0.023857236,0.98
human4_lib3.final_cell_0677,ductal,pancreatic acinar cell,ductal,acinar,inDrop4,0.06378138,0.68
human3_lib1.final_cell_0897,endothelial,endothelial cell,endothelial,endothelial,inDrop3,0.026967049,0.76
human3_lib2.final_cell_0202,alpha,pancreatic A cell,alpha,alpha,inDrop3,0.024163246,0.66
human4_lib1.final_cell_0409,beta,type B pancreatic cell,beta,beta,inDrop4,0.026488781,0.88
human3_lib3.final_cell_0057,acinar,pancreatic acinar cell,acinar,acinar,inDrop3,0.011853874,1.0
4th-C88_S84,alpha,pancreatic A cell,alpha,alpha,fluidigmc1,0.07558817,0.98
human3_lib4.final_cell_0139,acinar,pancreatic acinar cell,acinar,acinar,inDrop3,0.010060728,1.0
human3_lib1.final_cell_0372,alpha,pancreatic A cell,alpha,alpha,inDrop3,0.020753503,0.72
D28-4_14,quiescent_stellate,endothelial cell,stellate,endothelial,celseq2,0.07712722,0.48
human3_lib1.final_cell_0517,ductal,pancreatic ductal cell,ductal,ductal,inDrop3,0.05554533,0.5
Sample_1030,alpha,pancreatic A cell,alpha,alpha,smarter,0.020922482,0.94
HP1502401_K17,alpha,pancreatic A cell,alpha,alpha,smartseq2,0.047603965,0.62
HP1506401_J9,acinar,pancreatic acinar cell,acinar,acinar,smartseq2,0.077614665,0.92
D29-6_69,alpha,pancreatic A cell,alpha,alpha,celseq2,0.037903905,0.9
D2ex_14,ductal,native cell,ductal,other,celseq,0.036765933,0.88
D31-8_1,delta,pancreatic D cell,delta,delta,celseq2,0.063037634,0.46
HP1509101_I5,alpha,pancreatic A cell,alpha,alpha,smartseq2,0.04783529,0.74
AZ_B8,acinar,pancreatic acinar cell,acinar,acinar,smartseq2,0.05996895,0.46
human4_lib1.final_cell_0067,alpha,pancreatic A cell,alpha,alpha,inDrop4,0.018616915,0.76
HP1507101_I15,alpha,pancreatic A cell,alpha,alpha,smartseq2,0.0350008,0.8
Sample_697,beta,type B pancreatic cell,beta,beta,smarter,0.02954936,0.58
human3_lib1.final_cell_0564,ductal,pancreatic ductal cell,ductal,ductal,inDrop3,0.043940425,0.58
human3_lib3.final_cell_0032,alpha,pancreatic A cell,alpha,alpha,inDrop3,0.024261713,0.62
D31-3_76,alpha,pancreatic A cell,alpha,alpha,celseq2,0.038226604,0.84
human3_lib2.final_cell_0864,beta,type B pancreatic cell,beta,beta,inDrop3,0.02677977,1.0
HP1507101_K13,activated_stellate,pancreatic stellate cell,stellate,stellate,smartseq2,0.046148717,0.44
human3_lib1.final_cell_0737,alpha,enteroendocrine cell,alpha,other,inDrop3,0.020318389,0.88
HP1508501T2D_J9,alpha,pancreatic A cell,alpha,alpha,smartseq2,0.0334906,0.8
Sample_547,alpha,pancreatic A cell,alpha,alpha,smarter,0.022363663,0.98
13th_C54_S212,alpha,pancreatic A cell,alpha,alpha,fluidigmc1,0.025976062,0.92
human3_lib3.final_cell_0495,acinar,pancreatic acinar cell,acinar,acinar,inDrop3,0.01355499,1.0
human3_lib2.final_cell_0736,alpha,pancreatic A cell,alpha,alpha,inDrop3,0.02487886,0.92
human3_lib2.final_cell_0480,alpha,pancreatic A cell,alpha,alpha,inDrop3,0.022265673,0.56
D30-7_73,alpha,pancreatic A cell,alpha,alpha,celseq2,0.047623992,0.92
human2_lib3.final_cell_0007,beta,type B pancreatic cell,beta,beta,inDrop2,0.024578512,0.62
human1_lib1.final_cell_0190,beta,type B pancreatic cell,beta,beta,inDrop1,0.020748973,0.92
HP1502401_K15,alpha,pancreatic A cell,alpha,alpha,smartseq2,0.020011008,0.9
human1_lib2.final_cell_0455,ductal,native cell,ductal,other,inDrop1,0.03907913,0.62
human4_lib1.final_cell_0181,ductal,pancreatic ductal cell,ductal,ductal,inDrop4,0.04062605,0.4
human4_lib3.final_cell_0071,ductal,pancreatic acinar cell,ductal,acinar,inDrop4,0.035199285,0.66
human1_lib1.final_cell_0178,delta,type B pancreatic cell,delta,beta,inDrop1,0.020498514,0.78
human2_lib2.final_cell_0042,beta,type B pancreatic cell,beta,beta,inDrop2,0.023610115,0.88
human1_lib3.final_cell_0605,alpha,pancreatic A cell,alpha,alpha,inDrop1,0.013214052,0.84
human2_lib1.final_cell_0241,alpha,pancreatic A cell,alpha,alpha,inDrop2,0.021798015,0.78
Sample_1026,alpha,pancreatic A cell,alpha,alpha,smarter,0.017514288,0.88
human2_lib3.final_cell_0315,ductal,native cell,ductal,other,inDrop2,0.06237483,0.42
human1_lib2.final_cell_0421,delta,type B pancreatic cell,delta,beta,inDrop1,0.019659758,0.92
human3_lib2.final_cell_0017,acinar,pancreatic acinar cell,acinar,acinar,inDrop3,0.016937435,1.0
human3_lib2.final_cell_0860,beta,type B pancreatic cell,beta,beta,inDrop3,0.02503872,0.9
human2_lib2.final_cell_0019,alpha,pancreatic A cell,alpha,alpha,inDrop2,0.020983338,0.74
HP1502401_C21,beta,type B pancreatic cell,beta,beta,smartseq2,0.035377383,0.9
human4_lib3.final_cell_0565,alpha,pancreatic A cell,alpha,alpha,inDrop4,0.016466498,0.8
5th-C7_S93,alpha,pancreatic A cell,alpha,alpha,fluidigmc1,0.07196349,0.54
D31-4_2,delta,pancreatic D cell,delta,delta,celseq2,0.043355227,0.46
human1_lib1.final_cell_0021,beta,type B pancreatic cell,beta,beta,inDrop1,0.026876986,0.92
human3_lib4.final_cell_0881,alpha,enteroendocrine cell,alpha,other,inDrop3,0.024041116,0.4
human2_lib2.final_cell_0319,alpha,pancreatic A cell,alpha,alpha,inDrop2,0.030812442,0.86
HP1508501T2D_P2,acinar,type B pancreatic cell,acinar,beta,smartseq2,0.0966506,0.46
HP1508501T2D_C9,macrophage,inflammatory macrophage,macrophage,other,smartseq2,0.05083239,0.28
D31-4_50,alpha,pancreatic A cell,alpha,alpha,celseq2,0.040288568,0.82
human3_lib3.final_cell_0208,acinar,pancreatic acinar cell,acinar,acinar,inDrop3,0.018784106,1.0
Sample_1224,alpha,pancreatic A cell,alpha,alpha,smarter,0.020689368,0.94
HP1526901T2D_A17,alpha,pancreatic A cell,alpha,alpha,smartseq2,0.054800093,0.8
human1_lib1.final_cell_0063,beta,type B pancreatic cell,beta,beta,inDrop1,0.04421264,0.96
human3_lib1.final_cell_0841,ductal,kidney connecting tubule epithelial cell,ductal,other,inDrop3,0.060881555,0.38
human3_lib1.final_cell_0398,acinar,pancreatic acinar cell,acinar,acinar,inDrop3,0.017357051,1.0
human3_lib2.final_cell_0269,acinar,pancreatic acinar cell,acinar,acinar,inDrop3,0.009971261,1.0
D29-1_29,alpha,pancreatic A cell,alpha,alpha,celseq2,0.036425352,0.88
human1_lib2.final_cell_0486,alpha,pancreatic A cell,alpha,alpha,inDrop1,0.013432682,0.82
HP1526901T2D_A11,ductal,pancreatic ductal cell,ductal,ductal,smartseq2,0.0687356,0.66
human4_lib1.final_cell_0121,beta,type B pancreatic cell,beta,beta,inDrop4,0.022186875,0.9
human3_lib3.final_cell_0546,ductal,pancreatic ductal cell,ductal,ductal,inDrop3,0.05146116,0.54
D31-5_44,alpha,pancreatic A cell,alpha,alpha,celseq2,0.05422187,0.6
D30-5_32,beta,type B pancreatic cell,beta,beta,celseq2,0.05937922,0.7
human2_lib2.final_cell_0283,delta,type B pancreatic cell,delta,beta,inDrop2,0.0352028,0.5
human3_lib4.final_cell_0689,beta,type B pancreatic cell,beta,beta,inDrop3,0.01698792,0.64
human3_lib4.final_cell_0165,acinar,pancreatic acinar cell,acinar,acinar,inDrop3,0.02773571,1.0
human2_lib1.final_cell_0487,beta,type B pancreatic cell,beta,beta,inDrop2,0.022347331,0.56
2nd-C25_S49,delta,pancreatic D cell,delta,delta,fluidigmc1,0.057150602,0.58
human4_lib3.final_cell_0047,delta,type B pancreatic cell,delta,beta,inDrop4,0.026473224,0.92
D28-2_13,ductal,cholangiocyte,ductal,other,celseq2,0.05296588,0.64
human1_lib1.final_cell_0285,alpha,pancreatic A cell,alpha,alpha,inDrop1,0.021135569,0.64
human4_lib3.final_cell_0381,beta,type B pancreatic cell,beta,beta,inDrop4,0.029088497,0.76
human3_lib3.final_cell_0559,alpha,pancreatic A cell,alpha,alpha,inDrop3,0.020972192,0.6
D28-4_77,beta,type B pancreatic cell,beta,beta,celseq2,0.055125713,0.6
D28-5_31,acinar,pancreatic A cell,acinar,alpha,celseq2,0.05880922,0.8
human3_lib2.final_cell_0352,beta,type B pancreatic cell,beta,beta,inDrop3,0.025237083,0.86
D28-3_63,ductal,cholangiocyte,ductal,other,celseq2,0.0691129,0.62
D72_88,alpha,pancreatic A cell,alpha,alpha,celseq,0.015895486,0.76
D31-2_38,acinar,pancreatic acinar cell,acinar,acinar,celseq2,0.05705166,0.86
HP1525301T2D_E16,alpha,pancreatic A cell,alpha,alpha,smartseq2,0.040380597,0.92
Sample_785,beta,type B pancreatic cell,beta,beta,smarter,0.041939974,0.48
HP1508501T2D_O13,acinar,pancreatic acinar cell,acinar,acinar,smartseq2,0.030464351,0.9
D28-4_67,acinar,pancreatic acinar cell,acinar,acinar,celseq2,0.05189556,0.88
human3_lib3.final_cell_0025,acinar,pancreatic acinar cell,acinar,acinar,inDrop3,0.017115831,1.0
human3_lib1.final_cell_0620,alpha,pancreatic A cell,alpha,alpha,inDrop3,0.017772794,0.98
human1_lib2.final_cell_0612,activated_stellate,fibroblast,stellate,other,inDrop1,0.043644667,0.82
human2_lib1.final_cell_0500,quiescent_stellate,smooth muscle cell,stellate,other,inDrop2,0.04427123,0.46
human4_lib3.final_cell_0553,beta,type B pancreatic cell,beta,beta,inDrop4,0.024638057,0.86
Sample_427,alpha,pancreatic A cell,alpha,alpha,smarter,0.01582712,0.82
human3_lib4.final_cell_0667,acinar,pancreatic acinar cell,acinar,acinar,inDrop3,0.027267277,0.58
human3_lib2.final_cell_0599,ductal,pancreatic ductal cell,ductal,ductal,inDrop3,0.06469977,0.4
human2_lib1.final_cell_0246,delta,type B pancreatic cell,delta,beta,inDrop2,0.0346967,0.58
D71_42,beta,type B pancreatic cell,beta,beta,celseq,0.030692756,0.6
D28-4_37,alpha,pancreatic A cell,alpha,alpha,celseq2,0.040297985,0.98
human2_lib1.final_cell_0189,gamma,enteroendocrine cell,gamma,other,inDrop2,0.029162288,0.78
D29-8_11,beta,type B pancreatic cell,beta,beta,celseq2,0.051597655,0.54
human2_lib2.final_cell_0351,gamma,enteroendocrine cell,gamma,other,inDrop2,0.025332332,0.52
D17All1_96,ductal,pancreatic ductal cell,ductal,ductal,celseq,0.058925033,0.46
human1_lib1.final_cell_0182,acinar,pancreatic acinar cell,acinar,acinar,inDrop1,0.014328003,1.0
HP1504901_J6,alpha,pancreatic A cell,alpha,alpha,smartseq2,0.029615462,0.9
Sample_1491,alpha,pancreatic A cell,alpha,alpha,smarter,0.021216452,0.98
human3_lib2.final_cell_0478,alpha,pancreatic A cell,alpha,alpha,inDrop3,0.021451235,0.74
human4_lib1.final_cell_0251,ductal,native cell,ductal,other,inDrop4,0.046131015,0.8
D2ex_12,ductal,native cell,ductal,other,celseq,0.034229517,0.58
human2_lib1.final_cell_0115,beta,type B pancreatic cell,beta,beta,inDrop2,0.022366107,0.62
human2_lib2.final_cell_0422,alpha,pancreatic A cell,alpha,alpha,inDrop2,0.027301848,0.76
human2_lib3.final_cell_0163,alpha,pancreatic A cell,alpha,alpha,inDrop2,0.021807134,0.8
D29-4_29,alpha,pancreatic A cell,alpha,alpha,celseq2,0.046931267,0.84
human3_lib2.final_cell_0468,alpha,pancreatic A cell,alpha,alpha,inDrop3,0.024510384,0.56
D28-3_1,quiescent_stellate,myofibroblast cell,stellate,other,celseq2,0.08821005,0.34
HP1525301T2D_N5,ductal,cholangiocyte,ductal,other,smartseq2,0.060341,0.72
human3_lib4.final_cell_0161,beta,type B pancreatic cell,beta,beta,inDrop3,0.024070144,0.92
HP1506401_G15,acinar,pancreatic ductal cell,acinar,ductal,smartseq2,0.07266104,0.56
D71_73,ductal,kidney connecting tubule epithelial cell,ductal,other,celseq,0.06821823,0.54
HP1504901_A19,alpha,pancreatic A cell,alpha,alpha,smartseq2,0.041410685,0.86
Sample_105,beta,type B pancreatic cell,beta,beta,smarter,0.035541058,0.48
HP1502401_G7,alpha,pancreatic A cell,alpha,alpha,smartseq2,0.027886748,0.9
Sample_1379,alpha,pancreatic A cell,alpha,alpha,smarter,0.016002119,1.0
HP1525301T2D_L16,ductal,pancreatic ductal cell,ductal,ductal,smartseq2,0.06777638,0.94
human1_lib3.final_cell_0220,beta,type B pancreatic cell,beta,beta,inDrop1,0.019284964,0.92
D29-4_45,ductal,pancreatic ductal cell,ductal,ductal,celseq2,0.052841067,0.96
D29-8_2,alpha,pancreatic A cell,alpha,alpha,celseq2,0.039361298,0.82
human3_lib3.final_cell_0431,alpha,pancreatic A cell,alpha,alpha,inDrop3,0.023927033,0.74
human3_lib3.final_cell_0676,alpha,pancreatic A cell,alpha,alpha,inDrop3,0.021231353,0.7
human3_lib1.final_cell_0687,alpha,pancreatic A cell,alpha,alpha,inDrop3,0.020224333,0.72
human3_lib3.final_cell_0162,acinar,pancreatic acinar cell,acinar,acinar,inDrop3,0.012343109,0.98
5th-C66_S101,alpha,pancreatic A cell,alpha,alpha,fluidigmc1,0.054145515,0.68
human2_lib2.final_cell_0454,beta,type B pancreatic cell,beta,beta,inDrop2,0.025130808,0.96
human4_lib3.final_cell_0514,beta,type B pancreatic cell,beta,beta,inDrop4,0.024769843,0.96
human3_lib1.final_cell_0812,acinar,pancreatic acinar cell,acinar,acinar,inDrop3,0.019254923,1.0
D29-7_84,alpha,pancreatic A cell,alpha,alpha,celseq2,0.036787987,0.88
human4_lib1.final_cell_0391,alpha,pancreatic A cell,alpha,alpha,inDrop4,0.015153348,0.94
human3_lib2.final_cell_0262,ductal,pancreatic ductal cell,ductal,ductal,inDrop3,0.06946021,0.52
Sample_444,alpha,pancreatic A cell,alpha,alpha,smarter,0.026235223,0.8
Sample_682,beta,type B pancreatic cell,beta,beta,smarter,0.021059155,0.94
Sample_955,alpha,pancreatic A cell,alpha,alpha,smarter,0.020260334,0.98
HP1509101_G9,beta,type B pancreatic cell,beta,beta,smartseq2,0.05315113,0.58
human2_lib3.final_cell_0079,beta,type B pancreatic cell,beta,beta,inDrop2,0.028271675,0.7
human1_lib3.final_cell_0301,beta,type B pancreatic cell,beta,beta,inDrop1,0.01977694,0.94
human1_lib2.final_cell_0050,beta,type B pancreatic cell,beta,beta,inDrop1,0.021286964,0.88
human3_lib4.final_cell_0020,acinar,pancreatic acinar cell,acinar,acinar,inDrop3,0.018807173,0.98
HP1525301T2D_D23,beta,type B pancreatic cell,beta,beta,smartseq2,0.08204639,0.56
human3_lib4.final_cell_0786,gamma,enteroendocrine cell,gamma,other,inDrop3,0.017176032,0.7
HP1525301T2D_L6,ductal,pancreatic ductal cell,ductal,ductal,smartseq2,0.08992529,0.68
Sample_637,gamma,pancreatic A cell,gamma,alpha,smarter,0.021096706,0.78
human1_lib1.final_cell_0349,beta,type B pancreatic cell,beta,beta,inDrop1,0.027010798,0.9
D31-4_62,delta,pancreatic D cell,delta,delta,celseq2,0.05282277,0.42
HP1502401_E2,acinar,pancreatic acinar cell,acinar,acinar,smartseq2,0.049610496,0.74
human4_lib3.final_cell_0642,ductal,kidney collecting duct intercalated cell,ductal,other,inDrop4,0.05908549,0.4
HP1525301T2D_A12,ductal,pancreatic ductal cell,ductal,ductal,smartseq2,0.065838516,1.0
human3_lib3.final_cell_0390,alpha,pancreatic A cell,alpha,alpha,inDrop3,0.022089005,0.88
human2_lib3.final_cell_0185,beta,type B pancreatic cell,beta,beta,inDrop2,0.021770835,0.74
HP1525301T2D_F24,activated_stellate,pancreatic stellate cell,stellate,stellate,smartseq2,0.053756595,0.74
human3_lib1.final_cell_0101,acinar,pancreatic acinar cell,acinar,acinar,inDrop3,0.021167815,1.0
HP1526901T2D_A12,alpha,pancreatic A cell,alpha,alpha,smartseq2,0.08565742,0.74
D29-2_26,beta,type B pancreatic cell,beta,beta,celseq2,0.05471778,0.86
D31-7_1,beta,type B pancreatic cell,beta,beta,celseq2,0.05885482,0.86
human1_lib1.final_cell_0104,delta,type B pancreatic cell,delta,beta,inDrop1,0.026971817,0.54
human2_lib2.final_cell_0563,ductal,native cell,ductal,other,inDrop2,0.04108286,0.96
human4_lib3.final_cell_0033,delta,type B pancreatic cell,delta,beta,inDrop4,0.023110867,0.64
human1_lib1.final_cell_0126,beta,type B pancreatic cell,beta,beta,inDrop1,0.025515795,0.86
human3_lib3.final_cell_0330,alpha,pancreatic A cell,alpha,alpha,inDrop3,0.025496542,0.4
human3_lib4.final_cell_0709,beta,type B pancreatic cell,beta,beta,inDrop3,0.025108814,0.62
human2_lib1.final_cell_0270,beta,type B pancreatic cell,beta,beta,inDrop2,0.021033525,0.54
human3_lib4.final_cell_0661,alpha,pancreatic A cell,alpha,alpha,inDrop3,0.017147303,0.8
D28-7_3,alpha,pancreatic A cell,alpha,alpha,celseq2,0.03378856,0.86
human3_lib2.final_cell_0608,acinar,pancreatic acinar cell,acinar,acinar,inDrop3,0.02317226,1.0
human3_lib4.final_cell_0820,alpha,pancreatic A cell,alpha,alpha,inDrop3,0.020343661,0.68
human3_lib4.final_cell_0441,alpha,pancreatic A cell,alpha,alpha,inDrop3,0.023832679,0.8
human2_lib2.final_cell_0024,ductal,pancreatic ductal cell,ductal,ductal,inDrop2,0.04527551,0.84
D28-5_54,acinar,pancreatic acinar cell,acinar,acinar,celseq2,0.058012426,0.84
HP1508501T2D_D22,ductal,pancreatic ductal cell,ductal,ductal,smartseq2,0.045533538,0.6
human2_lib2.final_cell_0025,beta,type B pancreatic cell,beta,beta,inDrop2,0.026198626,0.8
D29-1_77,beta,type B pancreatic cell,beta,beta,celseq2,0.051838756,0.9
human3_lib3.final_cell_0381,delta,type B pancreatic cell,delta,beta,inDrop3,0.01976204,0.76
human2_lib2.final_cell_0223,beta,type B pancreatic cell,beta,beta,inDrop2,0.026589274,0.58
D1713_88,ductal,native cell,ductal,other,celseq,0.041157365,0.6
human2_lib3.final_cell_0181,alpha,pancreatic A cell,alpha,alpha,inDrop2,0.024209023,0.88
HP1507101_G22,alpha,pancreatic A cell,alpha,alpha,smartseq2,0.029114127,0.86
Sample_364,alpha,pancreatic A cell,alpha,alpha,smarter,0.017386973,0.98
D30-6_78,ductal,pancreatic ductal cell,ductal,ductal,celseq2,0.07797122,0.7
D31-1_61,alpha,pancreatic A cell,alpha,alpha,celseq2,0.03625691,0.88
human3_lib3.final_cell_0831,alpha,pancreatic A cell,alpha,alpha,inDrop3,0.018295527,0.94
human3_lib1.final_cell_0107,acinar,pancreatic acinar cell,acinar,acinar,inDrop3,0.024908662,1.0
human3_lib1.final_cell_0237,alpha,enteroendocrine cell,alpha,other,inDrop3,0.029397964,0.56
human3_lib2.final_cell_0501,alpha,pancreatic A cell,alpha,alpha,inDrop3,0.022052884,0.56
human1_lib3.final_cell_0521,beta,type B pancreatic cell,beta,beta,inDrop1,0.021116734,0.92
D17All2_20,beta,type B pancreatic cell,beta,beta,celseq,0.035589576,0.96
D31-8_77,ductal,pancreatic ductal cell,ductal,ductal,celseq2,0.052523613,0.9
HP1526901T2D_O10,gamma,enteroendocrine cell,gamma,other,smartseq2,0.050274372,0.94
D28-7_49,alpha,pancreatic A cell,alpha,alpha,celseq2,0.09477836,0.92
human3_lib3.final_cell_0407,ductal,pancreatic ductal cell,ductal,ductal,inDrop3,0.051527143,0.46
human3_lib4.final_cell_0238,alpha,pancreatic A cell,alpha,alpha,inDrop3,0.024665475,0.78
HP1506401_E11,alpha,pancreatic A cell,alpha,alpha,smartseq2,0.058068275,0.76
HP1509101_O18,beta,type B pancreatic cell,beta,beta,smartseq2,0.05559045,0.96
D17All2_86,activated_stellate,pancreatic stellate cell,stellate,stellate,celseq,0.040457726,0.52
D17All2_44,alpha,pancreatic A cell,alpha,alpha,celseq,0.019543648,0.74
human2_lib1.final_cell_0069,ductal,kidney connecting tubule epithelial cell,ductal,other,inDrop2,0.07789087,0.6
HP1526901T2D_L23,alpha,pancreatic A cell,alpha,alpha,smartseq2,0.04546058,0.86
D73_41,alpha,pancreatic A cell,alpha,alpha,celseq,0.020945191,0.82
D17All1_6,beta,type B pancreatic cell,beta,beta,celseq,0.03164518,0.98
D17All2_81,ductal,pancreatic ductal cell,ductal,ductal,celseq,0.05821657,0.76
human3_lib3.final_cell_0837,alpha,pancreatic A cell,alpha,alpha,inDrop3,0.025385976,0.48
human1_lib3.final_cell_0242,alpha,pancreatic A cell,alpha,alpha,inDrop1,0.027361453,0.7
human1_lib3.final_cell_0662,quiescent_stellate,endothelial cell,stellate,endothelial,inDrop1,0.060020268,0.44
Sample_1003,alpha,pancreatic A cell,alpha,alpha,smarter,0.029815555,0.78
human3_lib2.final_cell_0509,alpha,pancreatic A cell,alpha,alpha,inDrop3,0.025256991,0.56
human1_lib1.final_cell_0492,alpha,pancreatic A cell,alpha,alpha,inDrop1,0.0285151,0.86
human3_lib3.final_cell_0493,beta,type B pancreatic cell,beta,beta,inDrop3,0.020550966,1.0
HP1506401_G19,ductal,kidney collecting duct intercalated cell,ductal,other,smartseq2,0.08842993,0.5
HP1507101_N2,alpha,pancreatic A cell,alpha,alpha,smartseq2,0.03661722,0.74
D17All2_87,beta,type B pancreatic cell,beta,beta,celseq,0.034760952,0.72
2nd-C80_S65,alpha,pancreatic A cell,alpha,alpha,fluidigmc1,0.044738054,0.94
human1_lib2.final_cell_0425,endothelial,endothelial cell,endothelial,endothelial,inDrop1,0.026670098,0.48
human4_lib1.final_cell_0189,delta,type B pancreatic cell,delta,beta,inDrop4,0.023007333,0.82
HP1504101T2D_A17,gamma,enteroendocrine cell,gamma,other,smartseq2,0.04368329,0.98
HP1525301T2D_O16,ductal,pancreatic ductal cell,ductal,ductal,smartseq2,0.057894528,1.0
human1_lib3.final_cell_0390,alpha,pancreatic A cell,alpha,alpha,inDrop1,0.019099712,0.74
human3_lib1.final_cell_0846,beta,type B pancreatic cell,beta,beta,inDrop3,0.02380538,0.98
human3_lib2.final_cell_0581,beta,type B pancreatic cell,beta,beta,inDrop3,0.023527026,0.94
human1_lib1.final_cell_0291,beta,type B pancreatic cell,beta,beta,inDrop1,0.018426895,0.96
human2_lib2.final_cell_0500,activated_stellate,fibroblast,stellate,other,inDrop2,0.032851458,0.52
D31-5_42,delta,pancreatic D cell,delta,delta,celseq2,0.06660533,0.52
human1_lib2.final_cell_0540,beta,type B pancreatic cell,beta,beta,inDrop1,0.021222234,1.0
Sample_541,alpha,pancreatic A cell,alpha,alpha,smarter,0.02019465,0.98
HP1526901T2D_E3,delta,pancreatic D cell,delta,delta,smartseq2,0.06533027,0.64
D74_68,alpha,pancreatic A cell,alpha,alpha,celseq,0.021911621,0.78
D29-8_10,delta,pancreatic D cell,delta,delta,celseq2,0.06199217,0.7
human1_lib3.final_cell_0080,alpha,pancreatic A cell,alpha,alpha,inDrop1,0.023154557,0.68
human1_lib3.final_cell_0116,delta,type B pancreatic cell,delta,beta,inDrop1,0.019972801,0.88
human1_lib3.final_cell_0053,beta,type B pancreatic cell,beta,beta,inDrop1,0.019865751,0.84
human4_lib3.final_cell_0139,beta,type B pancreatic cell,beta,beta,inDrop4,0.030868232,0.82
human1_lib3.final_cell_0229,alpha,pancreatic A cell,alpha,alpha,inDrop1,0.02483946,0.64
HP1507101_H16,ductal,native cell,ductal,other,smartseq2,0.053507507,0.64
HP1508501T2D_E6,alpha,pancreatic A cell,alpha,alpha,smartseq2,0.045896888,0.56
D1713_84,ductal,pancreatic ductal cell,ductal,ductal,celseq,0.046474636,0.5
human1_lib3.final_cell_0602,endothelial,endothelial cell,endothelial,endothelial,inDrop1,0.027292132,0.42
HP1509101_O19,alpha,pancreatic A cell,alpha,alpha,smartseq2,0.030224144,0.68
human3_lib2.final_cell_0246,alpha,pancreatic A cell,alpha,alpha,inDrop3,0.021279216,0.68
human3_lib2.final_cell_0343,ductal,pancreatic ductal cell,ductal,ductal,inDrop3,0.057343423,0.44
D31-5_54,alpha,pancreatic A cell,alpha,alpha,celseq2,0.031232834,0.9
D17TGFB_21,acinar,pancreatic acinar cell,acinar,acinar,celseq,0.028950274,0.96
human3_lib1.final_cell_0426,delta,type B pancreatic cell,delta,beta,inDrop3,0.017039001,0.94
human3_lib2.final_cell_0293,ductal,enteroendocrine cell,ductal,other,inDrop3,0.06370437,0.52
human3_lib4.final_cell_0276,alpha,pancreatic A cell,alpha,alpha,inDrop3,0.020767808,0.74
human1_lib1.final_cell_0518,beta,type B pancreatic cell,beta,beta,inDrop1,0.021502256,0.96
human3_lib3.final_cell_0908,macrophage,macrophage,macrophage,macrophage,inDrop3,0.033141673,0.82
human3_lib2.final_cell_0041,acinar,pancreatic acinar cell,acinar,acinar,inDrop3,0.019836903,1.0
human3_lib1.final_cell_0336,alpha,pancreatic A cell,alpha,alpha,inDrop3,0.027900577,0.5
Sample_612,delta,type B pancreatic cell,delta,beta,smarter,0.038455367,0.62
human3_lib2.final_cell_0086,acinar,pancreatic acinar cell,acinar,acinar,inDrop3,0.01784885,1.0
human4_lib3.final_cell_0150,beta,type B pancreatic cell,beta,beta,inDrop4,0.02639103,0.72
human3_lib4.final_cell_0083,acinar,pancreatic acinar cell,acinar,acinar,inDrop3,0.02118516,1.0
human1_lib3.final_cell_0135,delta,type B pancreatic cell,delta,beta,inDrop1,0.019967556,0.78
human4_lib1.final_cell_0380,beta,type B pancreatic cell,beta,beta,inDrop4,0.027031898,0.72
human3_lib2.final_cell_0857,endothelial,endothelial cell,endothelial,endothelial,inDrop3,0.031398773,0.7
human3_lib2.final_cell_0797,beta,type B pancreatic cell,beta,beta,inDrop3,0.034034193,1.0
human3_lib1.final_cell_0147,beta,type B pancreatic cell,beta,beta,inDrop3,0.022047758,0.5
human3_lib3.final_cell_0226,acinar,pancreatic acinar cell,acinar,acinar,inDrop3,0.020430684,0.96
human3_lib3.final_cell_0112,beta,type B pancreatic cell,beta,beta,inDrop3,0.025231063,0.92
D3en2_91,ductal,native cell,ductal,other,celseq,0.03514862,0.88
Sample_175,beta,type B pancreatic cell,beta,beta,smarter,0.031051815,0.92
D71_95,ductal,native cell,ductal,other,celseq,0.041517913,0.66
human3_lib2.final_cell_0329,alpha,pancreatic A cell,alpha,alpha,inDrop3,0.021894217,0.8
human3_lib1.final_cell_0602,alpha,pancreatic A cell,alpha,alpha,inDrop3,0.020853698,0.64
D30-5_81,ductal,pancreatic ductal cell,ductal,ductal,celseq2,0.06176257,0.82
D30-4_69,alpha,pancreatic A cell,alpha,alpha,celseq2,0.04696375,0.88
D1713_53,ductal,native cell,ductal,other,celseq,0.05557251,0.74
human3_lib4.final_cell_0348,beta,type B pancreatic cell,beta,beta,inDrop3,0.025462687,0.9
human3_lib4.final_cell_0738,alpha,pancreatic A cell,alpha,alpha,inDrop3,0.027921438,0.44
D31-8_89,acinar,pancreatic acinar cell,acinar,acinar,celseq2,0.06365931,0.82
HP1506401_H6,ductal,native cell,ductal,other,smartseq2,0.05614978,0.62
human4_lib1.final_cell_0585,ductal,pancreatic ductal cell,ductal,ductal,inDrop4,0.05917585,0.34
human2_lib3.final_cell_0127,alpha,pancreatic A cell,alpha,alpha,inDrop2,0.033284426,0.88
human3_lib2.final_cell_0675,acinar,pancreatic acinar cell,acinar,acinar,inDrop3,0.033560634,0.98
D30-1_28,alpha,pancreatic A cell,alpha,alpha,celseq2,0.017822742,0.96
HP1509101_I8,alpha,pancreatic A cell,alpha,alpha,smartseq2,0.034003973,0.7
AZ_D9,alpha,pancreatic A cell,alpha,alpha,smartseq2,0.049549818,0.78
7th-C76_S52,ductal,pancreatic ductal cell,ductal,ductal,fluidigmc1,0.0806731,1.0
Sample_27,beta,type B pancreatic cell,beta,beta,smarter,0.036327362,0.9
human1_lib3.final_cell_0283,beta,type B pancreatic cell,beta,beta,inDrop1,0.023864627,0.78
D31-2_35,ductal,pancreatic ductal cell,ductal,ductal,celseq2,0.048854947,0.96
human3_lib2.final_cell_0164,acinar,pancreatic acinar cell,acinar,acinar,inDrop3,0.015193641,1.0
D30-1_44,endothelial,endothelial cell,endothelial,endothelial,celseq2,0.03357631,0.7
human2_lib1.final_cell_0182,beta,type B pancreatic cell,beta,beta,inDrop2,0.020480096,0.88
human4_lib1.final_cell_0550,delta,pancreatic D cell,delta,delta,inDrop4,0.020335436,0.6
human1_lib3.final_cell_0201,delta,type B pancreatic cell,delta,beta,inDrop1,0.02126038,0.8
human3_lib4.final_cell_0859,activated_stellate,myofibroblast cell,stellate,other,inDrop3,0.059380174,0.48
Sample_176,beta,pancreatic A cell,beta,alpha,smarter,0.037513375,0.42
D17All1_25,ductal,pancreatic ductal cell,ductal,ductal,celseq,0.05883479,0.94
AZ_D8,gamma,type B pancreatic cell,gamma,beta,smartseq2,0.060049176,0.42
human3_lib4.final_cell_0090,acinar,pancreatic acinar cell,acinar,acinar,inDrop3,0.019417048,0.92
D101_73,beta,type B pancreatic cell,beta,beta,celseq,0.027681828,0.68
human1_lib3.final_cell_0175,beta,type B pancreatic cell,beta,beta,inDrop1,0.02400744,0.86
12th-C96_S167,beta,pancreatic A cell,beta,alpha,fluidigmc1,0.08112705,0.58
HP1525301T2D_N19,alpha,pancreatic A cell,alpha,alpha,smartseq2,0.05670929,0.9
HP1525301T2D_I3,ductal,pancreatic ductal cell,ductal,ductal,smartseq2,0.077293634,0.92
human3_lib2.final_cell_0738,ductal,pancreatic ductal cell,ductal,ductal,inDrop3,0.05701065,0.5
D31-6_50,ductal,pancreatic ductal cell,ductal,ductal,celseq2,0.053894877,0.96
human3_lib1.final_cell_0780,alpha,pancreatic A cell,alpha,alpha,inDrop3,0.019493222,0.68
Sample_621,gamma,enteroendocrine cell,gamma,other,smarter,0.021045089,0.46
Sample_734,beta,type B pancreatic cell,beta,beta,smarter,0.0289402,0.58
human3_lib3.final_cell_0846,alpha,pancreatic A cell,alpha,alpha,inDrop3,0.018503785,0.88
12th-C53_S168,acinar,pancreatic acinar cell,acinar,acinar,fluidigmc1,0.03500575,1.0
human2_lib3.final_cell_0018,ductal,pancreatic ductal cell,ductal,ductal,inDrop2,0.044683278,0.86
human3_lib1.final_cell_0809,alpha,pancreatic A cell,alpha,alpha,inDrop3,0.017697453,0.8
human2_lib2.final_cell_0135,beta,type B pancreatic cell,beta,beta,inDrop2,0.023503304,0.58
human1_lib3.final_cell_0254,beta,type B pancreatic cell,beta,beta,inDrop1,0.019082665,0.8
Sample_1020,alpha,pancreatic A cell,alpha,alpha,smarter,0.018095791,0.96
D31-1_39,beta,type B pancreatic cell,beta,beta,celseq2,0.041582048,0.9
human4_lib3.final_cell_0084,gamma,enteroendocrine cell,gamma,other,inDrop4,0.02461338,0.6
human1_lib1.final_cell_0009,acinar,pancreatic acinar cell,acinar,acinar,inDrop1,0.0205068,1.0
Sample_1554,gamma,pancreatic A cell,gamma,alpha,smarter,0.023221016,0.68
human2_lib2.final_cell_0168,alpha,pancreatic A cell,alpha,alpha,inDrop2,0.02398467,0.74
4th-C22_S45,alpha,pancreatic A cell,alpha,alpha,fluidigmc1,0.02254653,0.98
HP1508501T2D_I4,ductal,native cell,ductal,other,smartseq2,0.0547328,0.48
human3_lib1.final_cell_0567,ductal,kidney connecting tubule epithelial cell,ductal,other,inDrop3,0.061815143,0.34
human1_lib3.final_cell_0397,alpha,pancreatic A cell,alpha,alpha,inDrop1,0.020632148,0.82
human3_lib4.final_cell_0788,beta,type B pancreatic cell,beta,beta,inDrop3,0.01993072,0.6
Sample_862,beta,type B pancreatic cell,beta,beta,smarter,0.026083946,0.88
human4_lib1.final_cell_0566,ductal,enteroendocrine cell,ductal,other,inDrop4,0.02276671,0.5
HP1504101T2D_H6,beta,type B pancreatic cell,beta,beta,smartseq2,0.07185769,0.46
human4_lib1.final_cell_0545,alpha,pancreatic A cell,alpha,alpha,inDrop4,0.018061757,0.78
human3_lib4.final_cell_0821,alpha,pancreatic A cell,alpha,alpha,inDrop3,0.020438492,0.86
human3_lib2.final_cell_0563,beta,type B pancreatic cell,beta,beta,inDrop3,0.028714776,0.76
human1_lib1.final_cell_0441,beta,type B pancreatic cell,beta,beta,inDrop1,0.020917118,0.98
D17TGFB_25,ductal,pancreatic ductal cell,ductal,ductal,celseq,0.040755987,0.72
human3_lib2.final_cell_0171,acinar,pancreatic acinar cell,acinar,acinar,inDrop3,0.01920712,0.96
HP1506401_D21,ductal,native cell,ductal,other,smartseq2,0.061984777,0.78
human3_lib1.final_cell_0422,acinar,pancreatic acinar cell,acinar,acinar,inDrop3,0.016465843,0.98
human2_lib3.final_cell_0134,beta,type B pancreatic cell,beta,beta,inDrop2,0.02508682,0.68
HP1506401_A18,ductal,pancreatic ductal cell,ductal,ductal,smartseq2,0.059970915,0.54
8th-C79_S140,alpha,pancreatic A cell,alpha,alpha,fluidigmc1,0.023526192,0.96
human3_lib4.final_cell_0061,acinar,pancreatic acinar cell,acinar,acinar,inDrop3,0.0096049905,1.0
HP1507101_J22,alpha,pancreatic A cell,alpha,alpha,smartseq2,0.038056135,0.8
D31-7_66,delta,pancreatic D cell,delta,delta,celseq2,0.06499255,0.7
HP1507101_G3,alpha,pancreatic A cell,alpha,alpha,smartseq2,0.042268515,0.72
human1_lib1.final_cell_0298,beta,type B pancreatic cell,beta,beta,inDrop1,0.019521356,0.5
D29-6_59,beta,type B pancreatic cell,beta,beta,celseq2,0.06295246,0.92
HP1509101_O1,delta,type B pancreatic cell,delta,beta,smartseq2,0.038559556,0.7
Sample_575,alpha,pancreatic A cell,alpha,alpha,smarter,0.022453785,1.0
3rd-C20_S22,ductal,pancreatic ductal cell,ductal,ductal,fluidigmc1,0.07557577,0.42
D73_42,beta,type B pancreatic cell,beta,beta,celseq,0.036849856,0.56
human2_lib3.final_cell_0102,activated_stellate,pancreatic stellate cell,stellate,stellate,inDrop2,0.04462266,0.7
D30-1_55,acinar,pancreatic ductal cell,acinar,ductal,celseq2,0.049256086,0.6
human3_lib4.final_cell_0479,alpha,pancreatic A cell,alpha,alpha,inDrop3,0.018769026,0.76
HP1504901_N16,alpha,pancreatic A cell,alpha,alpha,smartseq2,0.037403107,0.8
human4_lib3.final_cell_0491,beta,type B pancreatic cell,beta,beta,inDrop4,0.024617791,0.9
Sample_1316,alpha,pancreatic A cell,alpha,alpha,smarter,0.019066751,1.0
D29-7_59,alpha,pancreatic A cell,alpha,alpha,celseq2,0.042108774,0.9
human1_lib3.final_cell_0073,ductal,secretory cell,ductal,other,inDrop1,0.054774582,0.5
human4_lib3.final_cell_0010,beta,type B pancreatic cell,beta,beta,inDrop4,0.026218534,0.82
human1_lib3.final_cell_0276,beta,type B pancreatic cell,beta,beta,inDrop1,0.019035518,0.78
human1_lib3.final_cell_0133,beta,type B pancreatic cell,beta,beta,inDrop1,0.019959748,0.7
HP1504101T2D_B22,gamma,enteroendocrine cell,gamma,other,smartseq2,0.035037994,1.0
human3_lib2.final_cell_0213,acinar,pancreatic acinar cell,acinar,acinar,inDrop3,0.01607889,1.0
human3_lib1.final_cell_0879,beta,type B pancreatic cell,beta,beta,inDrop3,0.02047664,0.82
D2ex_16,acinar,pancreatic acinar cell,acinar,acinar,celseq,0.023216844,1.0
human3_lib3.final_cell_0167,beta,type B pancreatic cell,beta,beta,inDrop3,0.029489458,0.94
HP1509101_H20,ductal,pancreatic ductal cell,ductal,ductal,smartseq2,0.06644428,0.54
human3_lib1.final_cell_0502,gamma,enteroendocrine cell,gamma,other,inDrop3,0.02015686,0.54
D30-3_61,activated_stellate,fibroblast,stellate,other,celseq2,0.03891754,0.7
10th_C88_S130,ductal,pancreatic ductal cell,ductal,ductal,fluidigmc1,0.0688774,0.84
D30-2_30,beta,enteroendocrine cell,beta,other,celseq2,0.060939193,0.54
HP1502401_N18,ductal,pancreatic ductal cell,ductal,ductal,smartseq2,0.043022037,0.92
human3_lib4.final_cell_0092,beta,type B pancreatic cell,beta,beta,inDrop3,0.028628707,0.6
HP1504101T2D_L24,gamma,enteroendocrine cell,gamma,other,smartseq2,0.041487098,0.96
D172444_46,alpha,pancreatic A cell,alpha,alpha,celseq,0.018710911,0.86
HP1507101_P23,alpha,pancreatic A cell,alpha,alpha,smartseq2,0.0415501,0.84
human3_lib1.final_cell_0819,alpha,pancreatic A cell,alpha,alpha,inDrop3,0.022486687,0.86
human1_lib2.final_cell_0551,beta,type B pancreatic cell,beta,beta,inDrop1,0.020577192,0.96
human3_lib3.final_cell_0312,ductal,native cell,ductal,other,inDrop3,0.05955398,0.48
D1713_47,ductal,pancreatic ductal cell,ductal,ductal,celseq,0.064593256,0.52
human3_lib1.final_cell_0041,acinar,pancreatic acinar cell,acinar,acinar,inDrop3,0.050697207,0.96
human1_lib1.final_cell_0107,beta,type B pancreatic cell,beta,beta,inDrop1,0.02118802,0.88
human2_lib2.final_cell_0339,gamma,enteroendocrine cell,gamma,other,inDrop2,0.028402686,0.9
HP1508501T2D_D6,alpha,pancreatic A cell,alpha,alpha,smartseq2,0.03212166,0.92
human3_lib2.final_cell_0371,beta,type B pancreatic cell,beta,beta,inDrop3,0.022852123,0.92
D74_94,ductal,epithelial cell,ductal,other,celseq,0.09978342,0.6
human1_lib1.final_cell_0308,gamma,enteroendocrine cell,gamma,other,inDrop1,0.019089699,0.72
human1_lib3.final_cell_0699,alpha,type B pancreatic cell,alpha,beta,inDrop1,0.021659374,0.6
HP1508501T2D_D8,alpha,pancreatic A cell,alpha,alpha,smartseq2,0.03360796,0.84
D101_82,acinar,native cell,acinar,other,celseq,0.05022216,0.78
D31-4_18,alpha,pancreatic A cell,alpha,alpha,celseq2,0.037240565,0.94
human1_lib3.final_cell_0728,quiescent_stellate,endothelial cell,stellate,endothelial,inDrop1,0.044964314,0.28
human2_lib2.final_cell_0355,alpha,pancreatic A cell,alpha,alpha,inDrop2,0.032022476,0.76
D31-7_67,beta,type B pancreatic cell,beta,beta,celseq2,0.066427946,0.9
human3_lib1.final_cell_0529,ductal,epithelial cell of proximal tubule,ductal,other,inDrop3,0.06800127,0.38
HP1507101_C2,alpha,pancreatic A cell,alpha,alpha,smartseq2,0.050204158,0.72
human1_lib1.final_cell_0206,beta,type B pancreatic cell,beta,beta,inDrop1,0.019030213,0.72
human3_lib3.final_cell_0207,acinar,pancreatic acinar cell,acinar,acinar,inDrop3,0.019717395,1.0
2nd-C4_S9,alpha,pancreatic A cell,alpha,alpha,fluidigmc1,0.020456314,1.0
human1_lib2.final_cell_0287,macrophage,macrophage,macrophage,macrophage,inDrop1,0.022286892,0.46
HP1504101T2D_D7,alpha,pancreatic A cell,alpha,alpha,smartseq2,0.035531282,0.74
human3_lib4.final_cell_0639,alpha,pancreatic A cell,alpha,alpha,inDrop3,0.020211995,0.8
HP1525301T2D_H9,acinar,pancreatic acinar cell,acinar,acinar,smartseq2,0.062683225,0.72
Sample_202,beta,type B pancreatic cell,beta,beta,smarter,0.033652306,0.7
HP1508501T2D_D1,alpha,pancreatic A cell,alpha,alpha,smartseq2,0.023857951,0.92
Sample_1054,alpha,pancreatic A cell,alpha,alpha,smarter,0.02210319,0.9
Sample_491,alpha,pancreatic A cell,alpha,alpha,smarter,0.021812916,0.98
human1_lib1.final_cell_0456,endothelial,endothelial cell,endothelial,endothelial,inDrop1,0.024740756,0.48
D29-4_64,delta,pancreatic D cell,delta,delta,celseq2,0.056664288,0.64
human2_lib1.final_cell_0112,ductal,native cell,ductal,other,inDrop2,0.07664698,0.72
human3_lib2.final_cell_0506,acinar,pancreatic acinar cell,acinar,acinar,inDrop3,0.011718929,0.98
human4_lib3.final_cell_0048,alpha,pancreatic A cell,alpha,alpha,inDrop4,0.014464498,0.88
HP1508501T2D_E8,alpha,pancreatic A cell,alpha,alpha,smartseq2,0.035346627,0.84
Sample_884,beta,type B pancreatic cell,beta,beta,smarter,0.04522866,0.56
human3_lib2.final_cell_0679,alpha,enteroendocrine cell,alpha,other,inDrop3,0.027567744,0.48
human1_lib2.final_cell_0259,beta,type B pancreatic cell,beta,beta,inDrop1,0.021113753,0.86
HP1525301T2D_H12,alpha,pancreatic A cell,alpha,alpha,smartseq2,0.036253393,0.88
HP1509101_B17,activated_stellate,pancreatic stellate cell,stellate,stellate,smartseq2,0.055109024,0.38
human2_lib1.final_cell_0029,ductal,native cell,ductal,other,inDrop2,0.071977675,0.38
HP1509101_G4,ductal,kidney connecting tubule epithelial cell,ductal,other,smartseq2,0.048909545,0.42
human3_lib3.final_cell_0845,beta,type B pancreatic cell,beta,beta,inDrop3,0.022118151,0.84
human3_lib3.final_cell_0168,acinar,pancreatic acinar cell,acinar,acinar,inDrop3,0.014900506,0.98
Sample_563,alpha,pancreatic A cell,alpha,alpha,smarter,0.014129281,1.0
human1_lib3.final_cell_0269,alpha,pancreatic A cell,alpha,alpha,inDrop1,0.01773417,0.76
human2_lib1.final_cell_0488,beta,enteroendocrine cell,beta,other,inDrop2,0.024374127,0.56
Sample_1148,alpha,pancreatic A cell,alpha,alpha,smarter,0.017353594,0.96
human4_lib1.final_cell_0033,ductal,kidney connecting tubule epithelial cell,ductal,other,inDrop4,0.07708168,0.62
D28-7_13,alpha,pancreatic A cell,alpha,alpha,celseq2,0.03802669,0.86
Sample_1111,alpha,pancreatic A cell,alpha,alpha,smarter,0.021447003,0.92
Sample_838,beta,type B pancreatic cell,beta,beta,smarter,0.03739679,0.76
human3_lib3.final_cell_0646,acinar,pancreatic acinar cell,acinar,acinar,inDrop3,0.012960076,1.0
D30-3_36,beta,type B pancreatic cell,beta,beta,celseq2,0.056870937,0.84
human4_lib1.final_cell_0455,ductal,epithelial cell of proximal tubule,ductal,other,inDrop4,0.05850911,0.72
human3_lib4.final_cell_0472,beta,type B pancreatic cell,beta,beta,inDrop3,0.024849415,0.8
human2_lib1.final_cell_0351,ductal,native cell,ductal,other,inDrop2,0.04208231,0.5
human3_lib1.final_cell_0060,acinar,pancreatic acinar cell,acinar,acinar,inDrop3,0.012834549,1.0
human1_lib1.final_cell_0251,delta,type B pancreatic cell,delta,beta,inDrop1,0.016261816,0.88
HP1504101T2D_O22,alpha,pancreatic A cell,alpha,alpha,smartseq2,0.04369557,0.82
human3_lib4.final_cell_0724,ductal,pancreatic ductal cell,ductal,ductal,inDrop3,0.050348997,0.76
human1_lib2.final_cell_0242,beta,type B pancreatic cell,beta,beta,inDrop1,0.022803664,0.98
human2_lib3.final_cell_0195,beta,type B pancreatic cell,beta,beta,inDrop2,0.024019003,0.72
human1_lib1.final_cell_0256,gamma,enteroendocrine cell,gamma,other,inDrop1,0.01567477,0.6
human2_lib1.final_cell_0439,gamma,enteroendocrine cell,gamma,other,inDrop2,0.02183199,0.86
D31-6_82,ductal,pancreatic ductal cell,ductal,ductal,celseq2,0.07386899,0.56
Sample_1305,alpha,pancreatic A cell,alpha,alpha,smarter,0.021447599,0.98
human1_lib3.final_cell_0489,alpha,pancreatic A cell,alpha,alpha,inDrop1,0.022180915,0.7
5th-C25_S108,beta,type B pancreatic cell,beta,beta,fluidigmc1,0.042092204,0.68
human1_lib1.final_cell_0198,alpha,pancreatic A cell,alpha,alpha,inDrop1,0.017980754,0.78
HP1504101T2D_M18,alpha,pancreatic A cell,alpha,alpha,smartseq2,0.025395393,0.92
human3_lib2.final_cell_0216,alpha,pancreatic A cell,alpha,alpha,inDrop3,0.022494674,0.64
human4_lib3.final_cell_0327,alpha,pancreatic A cell,alpha,alpha,inDrop4,0.017303824,0.9
D74_55,alpha,pancreatic A cell,alpha,alpha,celseq,0.03186989,0.64
human3_lib1.final_cell_0817,beta,type B pancreatic cell,beta,beta,inDrop3,0.018738687,0.92
human3_lib4.final_cell_0296,delta,type B pancreatic cell,delta,beta,inDrop3,0.028719366,0.74
D30-6_15,beta,type B pancreatic cell,beta,beta,celseq2,0.054183424,0.88
human3_lib2.final_cell_0344,activated_stellate,fibroblast,stellate,other,inDrop3,0.04773152,0.88
human2_lib3.final_cell_0251,quiescent_stellate,fibroblast,stellate,other,inDrop2,0.050968945,0.22
D31-5_57,acinar,pancreatic acinar cell,acinar,acinar,celseq2,0.018403709,1.0
human3_lib3.final_cell_0378,alpha,pancreatic A cell,alpha,alpha,inDrop3,0.024202466,0.7
D10631_24,ductal,native cell,ductal,other,celseq,0.039275408,0.92
human3_lib2.final_cell_0168,acinar,pancreatic acinar cell,acinar,acinar,inDrop3,0.021886349,0.98
D31-1_49,alpha,pancreatic A cell,alpha,alpha,celseq2,0.025724411,0.82
human3_lib3.final_cell_0505,alpha,type B pancreatic cell,alpha,beta,inDrop3,0.027655065,0.44
human1_lib2.final_cell_0601,quiescent_stellate,endothelial cell,stellate,endothelial,inDrop1,0.030649662,0.48
human2_lib2.final_cell_0354,alpha,pancreatic A cell,alpha,alpha,inDrop2,0.028649688,0.82
HP1504901_J10,ductal,pancreatic ductal cell,ductal,ductal,smartseq2,0.06105876,1.0
7th-C15_S23,delta,pancreatic D cell,delta,delta,fluidigmc1,0.059093237,0.84
HP1504901_F16,endothelial,endothelial cell,endothelial,endothelial,smartseq2,0.04794717,0.82
human3_lib2.final_cell_0098,acinar,pancreatic acinar cell,acinar,acinar,inDrop3,0.012453139,1.0
human1_lib3.final_cell_0317,beta,type B pancreatic cell,beta,beta,inDrop1,0.024475574,0.84
D101_48,activated_stellate,pancreatic stellate cell,stellate,stellate,celseq,0.045587182,0.52
human1_lib2.final_cell_0271,beta,type B pancreatic cell,beta,beta,inDrop1,0.021181226,0.94
Sample_1409,alpha,pancreatic A cell,alpha,alpha,smarter,0.018126845,0.88
HP1502401_G23,ductal,native cell,ductal,other,smartseq2,0.035661697,0.56
human1_lib2.final_cell_0423,alpha,pancreatic A cell,alpha,alpha,inDrop1,0.02418828,0.72
human2_lib1.final_cell_0537,alpha,pancreatic A cell,alpha,alpha,inDrop2,0.026612401,0.78
D17All2_36,beta,type B pancreatic cell,beta,beta,celseq,0.035315514,0.96
D30-7_20,acinar,pancreatic acinar cell,acinar,acinar,celseq2,0.056097984,0.96
human2_lib3.final_cell_0191,ductal,native cell,ductal,other,inDrop2,0.052269936,0.64
human1_lib3.final_cell_0370,beta,type B pancreatic cell,beta,beta,inDrop1,0.032503128,0.96
D72_55,beta,type B pancreatic cell,beta,beta,celseq,0.026669502,0.96
9th-C79_S57,gamma,enteroendocrine cell,gamma,other,fluidigmc1,0.042877913,0.52
human4_lib1.final_cell_0116,ductal,kidney connecting tubule epithelial cell,ductal,other,inDrop4,0.07559717,0.48
HP1525301T2D_F2,alpha,pancreatic A cell,alpha,alpha,smartseq2,0.03522879,0.84
Sample_1174,alpha,pancreatic A cell,alpha,alpha,smarter,0.021850348,0.9
human3_lib4.final_cell_0183,delta,type B pancreatic cell,delta,beta,inDrop3,0.024425983,0.62
human3_lib2.final_cell_0674,acinar,pancreatic acinar cell,acinar,acinar,inDrop3,0.016494036,0.96
human1_lib2.final_cell_0451,schwann,glial cell,schwann,other,inDrop1,0.074930966,0.94
human4_lib1.final_cell_0176,delta,type B pancreatic cell,delta,beta,inDrop4,0.031451702,0.6
human3_lib3.final_cell_0268,acinar,pancreatic acinar cell,acinar,acinar,inDrop3,0.014810145,1.0
human3_lib2.final_cell_0010,acinar,pancreatic acinar cell,acinar,acinar,inDrop3,0.023571253,1.0
human1_lib3.final_cell_0485,beta,type B pancreatic cell,beta,beta,inDrop1,0.021723509,0.98
HP1506401_K23,gamma,enteroendocrine cell,gamma,other,smartseq2,0.057709813,0.72
human3_lib2.final_cell_0650,activated_stellate,fibroblast,stellate,other,inDrop3,0.036108255,0.58
human2_lib3.final_cell_0526,gamma,type B pancreatic cell,gamma,beta,inDrop2,0.022403002,0.46
human3_lib2.final_cell_0007,acinar,pancreatic acinar cell,acinar,acinar,inDrop3,0.02229017,1.0
human1_lib1.final_cell_0038,beta,type B pancreatic cell,beta,beta,inDrop1,0.027630687,0.84
human1_lib3.final_cell_0001,acinar,pancreatic acinar cell,acinar,acinar,inDrop1,0.014624476,1.0
human2_lib1.final_cell_0202,activated_stellate,fibroblast,stellate,other,inDrop2,0.05517137,0.26
Sample_1236,alpha,pancreatic A cell,alpha,alpha,smarter,0.013265312,0.84
D29-3_28,beta,type B pancreatic cell,beta,beta,celseq2,0.046757936,0.94
D31-7_50,alpha,pancreatic A cell,alpha,alpha,celseq2,0.034965754,0.86
human3_lib4.final_cell_0822,beta,type B pancreatic cell,beta,beta,inDrop3,0.019499183,0.94
human3_lib4.final_cell_0592,alpha,pancreatic A cell,alpha,alpha,inDrop3,0.01792574,0.74
D3en3_68,acinar,pancreatic acinar cell,acinar,acinar,celseq,0.059417844,0.72
D30-1_78,ductal,pancreatic ductal cell,ductal,ductal,celseq2,0.05254662,0.74
Sample_1252,alpha,pancreatic A cell,alpha,alpha,smarter,0.01844287,1.0
human4_lib1.final_cell_0041,beta,type B pancreatic cell,beta,beta,inDrop4,0.028515935,0.7
human2_lib3.final_cell_0062,activated_stellate,fibroblast,stellate,other,inDrop2,0.03925675,0.4
D31-4_36,acinar,pancreatic ductal cell,acinar,ductal,celseq2,0.06273496,0.84
human3_lib3.final_cell_0119,acinar,pancreatic acinar cell,acinar,acinar,inDrop3,0.016748786,1.0
D28-5_88,quiescent_stellate,fibroblast,stellate,other,celseq2,0.07111478,0.48
D71_87,delta,enteroendocrine cell,delta,other,celseq,0.02641213,0.52
HP1509101_E3,ductal,pancreatic ductal cell,ductal,ductal,smartseq2,0.065950334,0.5
Sample_450,alpha,pancreatic A cell,alpha,alpha,smarter,0.021965861,0.98
human2_lib2.final_cell_0582,t_cell,"naive thymus-derived CD8-positive, alpha-beta T cell",t_cell,t_cell,inDrop2,0.033302784,0.42
human4_lib3.final_cell_0557,beta,type B pancreatic cell,beta,beta,inDrop4,0.027103364,0.8
human2_lib1.final_cell_0007,delta,type B pancreatic cell,delta,beta,inDrop2,0.024379492,0.84
human1_lib2.final_cell_0329,delta,type B pancreatic cell,delta,beta,inDrop1,0.016312122,0.88
human2_lib3.final_cell_0442,alpha,pancreatic A cell,alpha,alpha,inDrop2,0.020426273,0.96
human3_lib1.final_cell_0029,acinar,pancreatic acinar cell,acinar,acinar,inDrop3,0.013977885,1.0
Sample_1419,alpha,pancreatic A cell,alpha,alpha,smarter,0.02289015,0.98
human2_lib3.final_cell_0375,alpha,pancreatic A cell,alpha,alpha,inDrop2,0.02000767,0.9
D30-8_73,beta,enteroendocrine cell,beta,other,celseq2,0.06684822,0.54
D30-6_57,ductal,pancreatic ductal cell,ductal,ductal,celseq2,0.07820487,0.6
D30-4_13,ductal,pancreatic ductal cell,ductal,ductal,celseq2,0.067503095,0.82
HP1525301T2D_E23,alpha,pancreatic A cell,alpha,alpha,smartseq2,0.044938207,0.72
D30-3_21,gamma,enteroendocrine cell,gamma,other,celseq2,0.03885138,0.58
Sample_417,alpha,pancreatic A cell,alpha,alpha,smarter,0.02533412,0.88
human3_lib4.final_cell_0071,beta,type B pancreatic cell,beta,beta,inDrop3,0.019727767,0.9
human4_lib1.final_cell_0578,quiescent_stellate,endothelial cell,stellate,endothelial,inDrop4,0.059558094,0.32
human4_lib1.final_cell_0240,gamma,enteroendocrine cell,gamma,other,inDrop4,0.020259738,0.5
human3_lib4.final_cell_0526,beta,type B pancreatic cell,beta,beta,inDrop3,0.026237547,0.96
human1_lib3.final_cell_0074,delta,type B pancreatic cell,delta,beta,inDrop1,0.01898539,0.88
HP1502401_F10,alpha,pancreatic A cell,alpha,alpha,smartseq2,0.027983785,0.96
HP1509101_K8,gamma,enteroendocrine cell,gamma,other,smartseq2,0.045713305,0.4
human1_lib2.final_cell_0581,alpha,pancreatic A cell,alpha,alpha,inDrop1,0.017206132,0.88
human3_lib1.final_cell_0193,delta,type B pancreatic cell,delta,beta,inDrop3,0.032614708,0.74
Sample_324,alpha,pancreatic A cell,alpha,alpha,smarter,0.017969728,0.92
D29-5_14,beta,type B pancreatic cell,beta,beta,celseq2,0.054677427,0.62
D31-4_38,ductal,pancreatic ductal cell,ductal,ductal,celseq2,0.052688718,0.82
2nd-C76_S60,beta,pancreatic D cell,beta,delta,fluidigmc1,0.041496754,0.48
D30-1_65,beta,type B pancreatic cell,beta,beta,celseq2,0.058426023,0.76
human4_lib1.final_cell_0446,ductal,kidney connecting tubule epithelial cell,ductal,other,inDrop4,0.07778394,0.66
Sample_634,gamma,enteroendocrine cell,gamma,other,smarter,0.025854826,0.6
human3_lib1.final_cell_0640,beta,type B pancreatic cell,beta,beta,inDrop3,0.020450473,0.84
D28-4_56,alpha,pancreatic A cell,alpha,alpha,celseq2,0.03265047,0.74
human1_lib2.final_cell_0383,acinar,pancreatic acinar cell,acinar,acinar,inDrop1,0.013029039,1.0
D1713_33,acinar,pancreatic acinar cell,acinar,acinar,celseq,0.04132533,0.88
human3_lib3.final_cell_0502,alpha,pancreatic A cell,alpha,alpha,inDrop3,0.021700203,0.7
human4_lib1.final_cell_0530,delta,type B pancreatic cell,delta,beta,inDrop4,0.024636388,0.76
human4_lib3.final_cell_0314,gamma,enteroendocrine cell,gamma,other,inDrop4,0.025255084,0.52
human2_lib3.final_cell_0470,gamma,enteroendocrine cell,gamma,other,inDrop2,0.01839608,0.66
D30-2_58,ductal,pancreatic ductal cell,ductal,ductal,celseq2,0.08910227,0.64
human3_lib2.final_cell_0153,beta,type B pancreatic cell,beta,beta,inDrop3,0.025362015,0.68
human1_lib3.final_cell_0711,endothelial,endothelial cell,endothelial,endothelial,inDrop1,0.026865363,0.78
HP1525301T2D_J1,alpha,pancreatic A cell,alpha,alpha,smartseq2,0.039652586,0.84
human3_lib4.final_cell_0678,alpha,pancreatic A cell,alpha,alpha,inDrop3,0.031872272,0.76
D71_39,acinar,pancreatic ductal cell,acinar,ductal,celseq,0.057273626,0.5
human2_lib3.final_cell_0164,alpha,pancreatic A cell,alpha,alpha,inDrop2,0.026357293,0.68
human2_lib2.final_cell_0003,alpha,pancreatic A cell,alpha,alpha,inDrop2,0.0272398,0.94
HP1504901_J20,alpha,pancreatic A cell,alpha,alpha,smartseq2,0.03915125,0.84
human3_lib4.final_cell_0789,alpha,type B pancreatic cell,alpha,beta,inDrop3,0.021956444,0.5
human2_lib3.final_cell_0429,quiescent_stellate,pericyte,stellate,other,inDrop2,0.046379626,0.22
Sample_1329,alpha,pancreatic A cell,alpha,alpha,smarter,0.0204103,0.96
human3_lib4.final_cell_0862,beta,type B pancreatic cell,beta,beta,inDrop3,0.022923827,0.96
human1_lib2.final_cell_0366,delta,type B pancreatic cell,delta,beta,inDrop1,0.018758535,0.78
human2_lib1.final_cell_0454,alpha,pancreatic A cell,alpha,alpha,inDrop2,0.019001305,0.9
human1_lib1.final_cell_0373,gamma,enteroendocrine cell,gamma,other,inDrop1,0.022270918,0.88
HP1504101T2D_P2,alpha,pancreatic A cell,alpha,alpha,smartseq2,0.032888412,0.74
human3_lib3.final_cell_0521,ductal,kidney connecting tubule epithelial cell,ductal,other,inDrop3,0.0812422,0.46
human3_lib3.final_cell_0469,alpha,pancreatic A cell,alpha,alpha,inDrop3,0.028630793,0.56
D29-7_68,beta,type B pancreatic cell,beta,beta,celseq2,0.07061982,0.84
Sample_389,alpha,pancreatic A cell,alpha,alpha,smarter,0.020016074,0.98
Sample_585,delta,pancreatic A cell,delta,alpha,smarter,0.042198718,0.5
D31-2_74,alpha,pancreatic A cell,alpha,alpha,celseq2,0.033621073,0.94
Sample_626,gamma,enteroendocrine cell,gamma,other,smarter,0.024885178,0.5
human3_lib3.final_cell_0579,beta,type B pancreatic cell,beta,beta,inDrop3,0.021692038,0.66
human3_lib4.final_cell_0453,alpha,pancreatic A cell,alpha,alpha,inDrop3,0.024734616,0.78
HP1526901T2D_C11,beta,type B pancreatic cell,beta,beta,smartseq2,0.07115084,0.72
D172444_73,alpha,pancreatic A cell,alpha,alpha,celseq,0.022257507,0.72
HP1506401_L2,beta,type B pancreatic cell,beta,beta,smartseq2,0.032016277,0.46
human4_lib3.final_cell_0529,gamma,enteroendocrine cell,gamma,other,inDrop4,0.022113562,0.82
human3_lib2.final_cell_0827,beta,type B pancreatic cell,beta,beta,inDrop3,0.035919547,1.0
human3_lib2.final_cell_0214,acinar,pancreatic acinar cell,acinar,acinar,inDrop3,0.007792115,1.0
2nd-C94_S96,alpha,pancreatic A cell,alpha,alpha,fluidigmc1,0.026757002,0.98
D30-7_66,alpha,pancreatic A cell,alpha,alpha,celseq2,0.041600406,0.84
Sample_201,beta,type B pancreatic cell,beta,beta,smarter,0.03328085,0.84
D17All2_30,beta,type B pancreatic cell,beta,beta,celseq,0.03924489,0.86
HP1525301T2D_J15,ductal,pancreatic ductal cell,ductal,ductal,smartseq2,0.06098509,0.72
D31-2_48,beta,type B pancreatic cell,beta,beta,celseq2,0.056214094,0.92
D72_39,delta,type B pancreatic cell,delta,beta,celseq,0.020760775,0.44
D17TGFB_81,ductal,pancreatic ductal cell,ductal,ductal,celseq,0.047513545,0.66
D30-8_46,beta,type B pancreatic cell,beta,beta,celseq2,0.06261194,0.8
AZ_H10,acinar,pancreatic ductal cell,acinar,ductal,smartseq2,0.053273797,0.68
human2_lib3.final_cell_0469,alpha,pancreatic A cell,alpha,alpha,inDrop2,0.027325153,0.88
human2_lib3.final_cell_0138,alpha,pancreatic A cell,alpha,alpha,inDrop2,0.017646313,0.78
human3_lib2.final_cell_0457,alpha,pancreatic A cell,alpha,alpha,inDrop3,0.02206266,0.72
human3_lib3.final_cell_0200,beta,type B pancreatic cell,beta,beta,inDrop3,0.022135139,0.98
D1713_50,acinar,pancreatic acinar cell,acinar,acinar,celseq,0.031541944,0.92
D29-4_30,alpha,pancreatic A cell,alpha,alpha,celseq2,0.034724593,1.0
human4_lib3.final_cell_0524,activated_stellate,fibroblast,stellate,other,inDrop4,0.037339985,0.44
human3_lib3.final_cell_0478,acinar,pancreatic acinar cell,acinar,acinar,inDrop3,0.018015623,1.0
D31-2_65,beta,type B pancreatic cell,beta,beta,celseq2,0.06186652,0.98
D30-4_62,acinar,pancreatic ductal cell,acinar,ductal,celseq2,0.072612524,0.58
D1713_71,acinar,pancreatic acinar cell,acinar,acinar,celseq,0.04578042,0.88
D31-5_33,alpha,pancreatic A cell,alpha,alpha,celseq2,0.023604989,0.98
D31-4_8,delta,type B pancreatic cell,delta,beta,celseq2,0.032595277,0.58
D72_81,beta,type B pancreatic cell,beta,beta,celseq,0.021060586,0.98
HP1509101_F1,alpha,pancreatic A cell,alpha,alpha,smartseq2,0.02569753,0.72
human3_lib1.final_cell_0437,ductal,pancreatic ductal cell,ductal,ductal,inDrop3,0.06717378,0.5
human4_lib1.final_cell_0201,ductal,enteroendocrine cell,ductal,other,inDrop4,0.048671782,0.62
human2_lib2.final_cell_0526,mast,mast cell,mast,mast,inDrop2,0.025120497,0.54
Sample_231,alpha,pancreatic A cell,alpha,alpha,smarter,0.02339542,0.84
human2_lib1.final_cell_0093,alpha,pancreatic A cell,alpha,alpha,inDrop2,0.022392511,0.8
D30-8_90,alpha,pancreatic A cell,alpha,alpha,celseq2,0.043991506,0.82
human4_lib3.final_cell_0586,alpha,pancreatic A cell,alpha,alpha,inDrop4,0.020390749,0.88
HP1525301T2D_B10,ductal,pancreatic ductal cell,ductal,ductal,smartseq2,0.073557615,0.9
HP1508501T2D_P3,alpha,pancreatic A cell,alpha,alpha,smartseq2,0.039246917,0.76
HP1526901T2D_B4,beta,type B pancreatic cell,beta,beta,smartseq2,0.08588588,0.6
human3_lib2.final_cell_0483,alpha,pancreatic A cell,alpha,alpha,inDrop3,0.03133893,0.56
D102_21,schwann,endothelial cell,schwann,endothelial,celseq,0.082025826,0.5
human3_lib2.final_cell_0312,alpha,pancreatic A cell,alpha,alpha,inDrop3,0.023382962,0.76
HP1526901T2D_D21,delta,pancreatic D cell,delta,delta,smartseq2,0.07247716,0.56
Sample_5,beta,type B pancreatic cell,beta,beta,smarter,0.037734747,0.42
D31-4_43,acinar,pancreatic acinar cell,acinar,acinar,celseq2,0.025953293,1.0
HP1502401_G20,beta,type B pancreatic cell,beta,beta,smartseq2,0.06632972,0.58
human4_lib3.final_cell_0407,alpha,pancreatic A cell,alpha,alpha,inDrop4,0.019385695,0.92
human1_lib2.final_cell_0010,ductal,pancreatic acinar cell,ductal,acinar,inDrop1,0.03153974,0.64
human4_lib3.final_cell_0280,alpha,pancreatic A cell,alpha,alpha,inDrop4,0.021919549,0.9
HP1525301T2D_F16,ductal,pancreatic ductal cell,ductal,ductal,smartseq2,0.08382988,0.86
human3_lib2.final_cell_0847,activated_stellate,fibroblast,stellate,other,inDrop3,0.034297347,0.88
HP1507101_J4,alpha,pancreatic A cell,alpha,alpha,smartseq2,0.035885215,0.86
human2_lib1.final_cell_0324,beta,type B pancreatic cell,beta,beta,inDrop2,0.022634745,0.82
Sample_556,alpha,pancreatic A cell,alpha,alpha,smarter,0.020235002,0.98
D31-1_9,acinar,pancreatic ductal cell,acinar,ductal,celseq2,0.08544767,0.86
human1_lib2.final_cell_0446,beta,type B pancreatic cell,beta,beta,inDrop1,0.020896316,0.98
13th_C20_S142,alpha,pancreatic A cell,alpha,alpha,fluidigmc1,0.028907418,0.98
D28-1_49,ductal,pancreatic ductal cell,ductal,ductal,celseq2,0.06526089,0.8
human2_lib1.final_cell_0231,beta,type B pancreatic cell,beta,beta,inDrop2,0.021126628,0.6
human2_lib3.final_cell_0258,alpha,pancreatic A cell,alpha,alpha,inDrop2,0.020833671,0.84
D30-2_35,ductal,pancreatic ductal cell,ductal,ductal,celseq2,0.04994321,0.54
D2ex_61,acinar,pancreatic acinar cell,acinar,acinar,celseq,0.026854694,1.0
human3_lib1.final_cell_0506,alpha,pancreatic A cell,alpha,alpha,inDrop3,0.017761707,0.64
D72_93,ductal,pancreatic ductal cell,ductal,ductal,celseq,0.04537034,0.58
human2_lib1.final_cell_0460,alpha,pancreatic A cell,alpha,alpha,inDrop2,0.0184412,0.84
human1_lib1.final_cell_0375,ductal,pancreatic ductal cell,ductal,ductal,inDrop1,0.056221128,0.42
human2_lib3.final_cell_0004,beta,type B pancreatic cell,beta,beta,inDrop2,0.025437534,0.78
human3_lib3.final_cell_0923,endothelial,endothelial cell,endothelial,endothelial,inDrop3,0.029335737,0.94
human2_lib2.final_cell_0469,beta,type B pancreatic cell,beta,beta,inDrop2,0.028429568,0.88
Sample_478,alpha,pancreatic A cell,alpha,alpha,smarter,0.02189076,0.88
6th-C28_S49,beta,type B pancreatic cell,beta,beta,fluidigmc1,0.058887064,0.54
human2_lib3.final_cell_0045,alpha,pancreatic A cell,alpha,alpha,inDrop2,0.019047499,0.82
human3_lib3.final_cell_0134,activated_stellate,fibroblast,stellate,other,inDrop3,0.027805448,1.0
human4_lib3.final_cell_0198,beta,type B pancreatic cell,beta,beta,inDrop4,0.03194475,0.58
human1_lib3.final_cell_0583,beta,type B pancreatic cell,beta,beta,inDrop1,0.029296875,1.0
human2_lib1.final_cell_0490,ductal,enteroendocrine cell,ductal,other,inDrop2,0.054442883,0.56
D28-3_76,alpha,pancreatic A cell,alpha,alpha,celseq2,0.042372704,0.88
human3_lib3.final_cell_0087,beta,type B pancreatic cell,beta,beta,inDrop3,0.023446143,0.76
D28-7_61,alpha,pancreatic A cell,alpha,alpha,celseq2,0.04866731,0.92
human2_lib1.final_cell_0322,alpha,pancreatic A cell,alpha,alpha,inDrop2,0.021889031,0.9
D29-7_63,delta,enteroendocrine cell,delta,other,celseq2,0.050148726,0.58
human4_lib1.final_cell_0546,beta,type B pancreatic cell,beta,beta,inDrop4,0.023186684,0.78
human2_lib2.final_cell_0061,beta,enteroendocrine cell,beta,other,inDrop2,0.074640155,0.7
D28-5_15,alpha,pancreatic A cell,alpha,alpha,celseq2,0.035041332,0.96
human3_lib1.final_cell_0671,beta,type B pancreatic cell,beta,beta,inDrop3,0.029885113,0.96
human2_lib1.final_cell_0531,gamma,enteroendocrine cell,gamma,other,inDrop2,0.029294431,0.52
D28-4_91,ductal,pancreatic ductal cell,ductal,ductal,celseq2,0.061239243,0.6
human3_lib4.final_cell_0740,alpha,pancreatic A cell,alpha,alpha,inDrop3,0.019978523,0.96
human1_lib3.final_cell_0328,ductal,epithelial cell,ductal,other,inDrop1,0.07983124,0.3
AZ_B12,alpha,pancreatic A cell,alpha,alpha,smartseq2,0.05036372,0.72
D31-8_29,beta,type B pancreatic cell,beta,beta,celseq2,0.059092164,0.84
D31-7_10,ductal,cholangiocyte,ductal,other,celseq2,0.07271844,0.68
human1_lib2.final_cell_0325,beta,type B pancreatic cell,beta,beta,inDrop1,0.023777485,0.96
human4_lib3.final_cell_0069,ductal,native cell,ductal,other,inDrop4,0.09338373,0.4
human3_lib1.final_cell_0183,beta,type B pancreatic cell,beta,beta,inDrop3,0.023869753,0.62
human4_lib3.final_cell_0210,alpha,pancreatic A cell,alpha,alpha,inDrop4,0.017311513,0.76
human3_lib4.final_cell_0707,ductal,kidney loop of Henle thick ascending limb epithelial cell,ductal,other,inDrop3,0.065099955,0.4
human3_lib2.final_cell_0514,alpha,pancreatic A cell,alpha,alpha,inDrop3,0.021995783,0.66
human4_lib3.final_cell_0311,ductal,native cell,ductal,other,inDrop4,0.031736195,0.84
human3_lib1.final_cell_0606,beta,type B pancreatic cell,beta,beta,inDrop3,0.03216648,0.82
human1_lib2.final_cell_0063,delta,type B pancreatic cell,delta,beta,inDrop1,0.019871235,0.9
human3_lib3.final_cell_0870,beta,type B pancreatic cell,beta,beta,inDrop3,0.025768936,1.0
human3_lib4.final_cell_0069,acinar,pancreatic acinar cell,acinar,acinar,inDrop3,0.017690837,0.98
human3_lib3.final_cell_0640,ductal,pancreatic ductal cell,ductal,ductal,inDrop3,0.047842145,0.9
D31-8_81,acinar,pancreatic acinar cell,acinar,acinar,celseq2,0.03802371,0.88
Sample_487,alpha,pancreatic A cell,alpha,alpha,smarter,0.016365647,1.0
human3_lib2.final_cell_0353,alpha,pancreatic A cell,alpha,alpha,inDrop3,0.021121025,0.74
D30-4_1,beta,enteroendocrine cell,beta,other,celseq2,0.072399974,0.44
D101_22,delta,enteroendocrine cell,delta,other,celseq,0.025099874,0.54
human3_lib1.final_cell_0521,alpha,pancreatic A cell,alpha,alpha,inDrop3,0.023030877,0.48
HP1506401_H14,alpha,pancreatic A cell,alpha,alpha,smartseq2,0.045022786,0.92
human4_lib3.final_cell_0551,beta,type B pancreatic cell,beta,beta,inDrop4,0.023241878,0.94
human4_lib1.final_cell_0049,beta,type B pancreatic cell,beta,beta,inDrop4,0.03008616,0.92
Sample_772,beta,type B pancreatic cell,beta,beta,smarter,0.027373493,0.96
human4_lib3.final_cell_0130,ductal,enteroendocrine cell,ductal,other,inDrop4,0.08041918,0.6
human3_lib1.final_cell_0839,alpha,pancreatic A cell,alpha,alpha,inDrop3,0.02230072,0.88
D17TGFB_56,acinar,pancreatic acinar cell,acinar,acinar,celseq,0.023827672,0.98
HP1506401_I14,gamma,pancreatic A cell,gamma,alpha,smartseq2,0.04026395,0.78
Sample_237,alpha,pancreatic A cell,alpha,alpha,smarter,0.023925006,0.84
human3_lib1.final_cell_0505,acinar,pancreatic acinar cell,acinar,acinar,inDrop3,0.010579109,1.0
human2_lib2.final_cell_0212,alpha,pancreatic A cell,alpha,alpha,inDrop2,0.03011477,0.86
human3_lib3.final_cell_0770,alpha,pancreatic A cell,alpha,alpha,inDrop3,0.028732538,0.82
D31-4_33,ductal,pancreatic ductal cell,ductal,ductal,celseq2,0.05985558,0.82
HP1507101_G4,alpha,pancreatic A cell,alpha,alpha,smartseq2,0.03753698,0.7
human2_lib1.final_cell_0525,mast,mast cell,mast,mast,inDrop2,0.021722972,0.54
human3_lib3.final_cell_0841,endothelial,endothelial cell,endothelial,endothelial,inDrop3,0.02738911,0.74
human4_lib1.final_cell_0209,ductal,native cell,ductal,other,inDrop4,0.03766501,0.8
human2_lib2.final_cell_0231,beta,type B pancreatic cell,beta,beta,inDrop2,0.026822865,0.56
HP1508501T2D_B16,beta,type B pancreatic cell,beta,beta,smartseq2,0.0708884,0.6
human3_lib2.final_cell_0379,ductal,kidney connecting tubule epithelial cell,ductal,other,inDrop3,0.050353527,0.6
Sample_363,alpha,pancreatic A cell,alpha,alpha,smarter,0.014659047,0.98
Sample_241,alpha,pancreatic A cell,alpha,alpha,smarter,0.030622065,0.96
human2_lib2.final_cell_0550,gamma,enteroendocrine cell,gamma,other,inDrop2,0.0305928,0.9
human3_lib3.final_cell_0371,beta,type B pancreatic cell,beta,beta,inDrop3,0.023053288,0.72
human2_lib3.final_cell_0321,alpha,pancreatic A cell,alpha,alpha,inDrop2,0.018158555,0.92
human1_lib3.final_cell_0542,beta,type B pancreatic cell,beta,beta,inDrop1,0.017174125,0.96
human1_lib3.final_cell_0396,beta,type B pancreatic cell,beta,beta,inDrop1,0.023958206,0.58
human3_lib3.final_cell_0897,beta,type B pancreatic cell,beta,beta,inDrop3,0.02034241,1.0
human2_lib3.final_cell_0285,alpha,pancreatic A cell,alpha,alpha,inDrop2,0.021832228,0.74
human2_lib2.final_cell_0129,delta,type B pancreatic cell,delta,beta,inDrop2,0.024891615,0.7
human3_lib4.final_cell_0369,alpha,pancreatic A cell,alpha,alpha,inDrop3,0.016713202,0.88
HP1525301T2D_A19,ductal,native cell,ductal,other,smartseq2,0.050333142,0.58
human3_lib1.final_cell_0258,alpha,pancreatic A cell,alpha,alpha,inDrop3,0.017670214,0.96
D30-1_47,alpha,pancreatic A cell,alpha,alpha,celseq2,0.04218042,0.72
human1_lib2.final_cell_0056,beta,type B pancreatic cell,beta,beta,inDrop1,0.032018423,1.0
human3_lib2.final_cell_0445,acinar,pancreatic acinar cell,acinar,acinar,inDrop3,0.012398839,1.0
human3_lib4.final_cell_0456,alpha,pancreatic A cell,alpha,alpha,inDrop3,0.021512628,0.84
D71_22,activated_stellate,fibroblast,stellate,other,celseq,0.038582087,0.38
Sample_60,beta,type B pancreatic cell,beta,beta,smarter,0.049897194,0.62
Sample_224,alpha,pancreatic A cell,alpha,alpha,smarter,0.0752756,0.46
HP1504101T2D_N10,beta,type B pancreatic cell,beta,beta,smartseq2,0.05957371,0.96
human3_lib3.final_cell_0673,delta,type B pancreatic cell,delta,beta,inDrop3,0.028168797,0.6
human3_lib3.final_cell_0655,alpha,pancreatic A cell,alpha,alpha,inDrop3,0.021904826,1.0
D29-4_33,alpha,pancreatic A cell,alpha,alpha,celseq2,0.03371048,0.94
D31-7_38,acinar,pancreatic acinar cell,acinar,acinar,celseq2,0.05472076,0.96
human4_lib1.final_cell_0406,delta,type B pancreatic cell,delta,beta,inDrop4,0.030754626,0.74
human3_lib4.final_cell_0109,acinar,pancreatic acinar cell,acinar,acinar,inDrop3,0.037433088,0.98
human4_lib3.final_cell_0400,ductal,native cell,ductal,other,inDrop4,0.037039876,0.8
D3en3_2,acinar,pancreatic acinar cell,acinar,acinar,celseq,0.025382936,0.9
human4_lib1.final_cell_0134,ductal,pancreatic acinar cell,ductal,acinar,inDrop4,0.017027318,0.94
human3_lib3.final_cell_0746,alpha,pancreatic A cell,alpha,alpha,inDrop3,0.022111773,0.88
D101_43,gamma,enteroendocrine cell,gamma,other,celseq,0.029927373,0.62
human3_lib4.final_cell_0184,acinar,endothelial cell,acinar,endothelial,inDrop3,0.0487504,0.66
human1_lib3.final_cell_0249,gamma,enteroendocrine cell,gamma,other,inDrop1,0.022226632,0.84
human2_lib2.final_cell_0315,delta,type B pancreatic cell,delta,beta,inDrop2,0.033389926,0.6
HP1508501T2D_K16,gamma,pancreatic A cell,gamma,alpha,smartseq2,0.039630532,0.38
Sample_965,alpha,pancreatic A cell,alpha,alpha,smarter,0.016236901,0.98
human4_lib3.final_cell_0245,ductal,pancreatic acinar cell,ductal,acinar,inDrop4,0.033339262,0.88
human3_lib3.final_cell_0537,acinar,pancreatic acinar cell,acinar,acinar,inDrop3,0.011968315,1.0
human2_lib3.final_cell_0009,alpha,pancreatic A cell,alpha,alpha,inDrop2,0.019397974,0.92
D28-6_13,alpha,pancreatic A cell,alpha,alpha,celseq2,0.049050212,0.94
human3_lib4.final_cell_0173,acinar,pancreatic acinar cell,acinar,acinar,inDrop3,0.07990587,0.78
D30-6_72,alpha,pancreatic A cell,alpha,alpha,celseq2,0.049709618,0.86
HP1508501T2D_I3,activated_stellate,pancreatic stellate cell,stellate,stellate,smartseq2,0.051226974,0.42
HP1507101_N21,alpha,pancreatic A cell,alpha,alpha,smartseq2,0.049539685,0.56
D71_20,alpha,pancreatic A cell,alpha,alpha,celseq,0.017772973,0.92
Sample_1307,alpha,pancreatic A cell,alpha,alpha,smarter,0.018353283,0.82
HP1504901_F9,alpha,pancreatic A cell,alpha,alpha,smartseq2,0.029098868,0.88
human3_lib1.final_cell_0869,beta,type B pancreatic cell,beta,beta,inDrop3,0.02523452,0.92
D30-6_92,delta,pancreatic D cell,delta,delta,celseq2,0.07942492,0.66
human4_lib1.final_cell_0123,alpha,pancreatic A cell,alpha,alpha,inDrop4,0.016874433,0.78
D28-4_31,beta,type B pancreatic cell,beta,beta,celseq2,0.061533332,0.56
human1_lib2.final_cell_0231,alpha,pancreatic A cell,alpha,alpha,inDrop1,0.018496871,0.78
human2_lib3.final_cell_0114,ductal,pancreatic ductal cell,ductal,ductal,inDrop2,0.040315747,0.6
HP1525301T2D_B8,gamma,enteroendocrine cell,gamma,other,smartseq2,0.051940322,0.78
D31-1_91,alpha,pancreatic A cell,alpha,alpha,celseq2,0.056358337,0.88
HP1504901_P18,endothelial,endothelial cell,endothelial,endothelial,smartseq2,0.048820972,0.68
Sample_211,alpha,pancreatic A cell,alpha,alpha,smarter,0.020542145,0.98
human2_lib3.final_cell_0159,delta,type B pancreatic cell,delta,beta,inDrop2,0.028912425,0.54
human1_lib2.final_cell_0218,activated_stellate,myofibroblast cell,stellate,other,inDrop1,0.039508164,0.56
D29-1_87,alpha,pancreatic A cell,alpha,alpha,celseq2,0.024323583,0.88
human2_lib1.final_cell_0022,alpha,pancreatic A cell,alpha,alpha,inDrop2,0.021134317,0.76
human4_lib3.final_cell_0596,alpha,pancreatic A cell,alpha,alpha,inDrop4,0.019166231,0.96
human4_lib3.final_cell_0603,alpha,pancreatic A cell,alpha,alpha,inDrop4,0.023819089,0.78
AZ_F1,beta,type B pancreatic cell,beta,beta,smartseq2,0.07296002,0.62
human3_lib2.final_cell_0770,alpha,pancreatic A cell,alpha,alpha,inDrop3,0.023547888,0.78
human1_lib2.final_cell_0065,alpha,pancreatic A cell,alpha,alpha,inDrop1,0.015341699,0.82
human2_lib2.final_cell_0189,ductal,native cell,ductal,other,inDrop2,0.05172658,0.62
Sample_307,alpha,pancreatic A cell,alpha,alpha,smarter,0.02100873,0.96
HP1526901T2D_A10,delta,pancreatic D cell,delta,delta,smartseq2,0.04839766,0.54
human3_lib2.final_cell_0719,alpha,pancreatic A cell,alpha,alpha,inDrop3,0.019688249,0.76
human3_lib1.final_cell_0265,ductal,pancreatic ductal cell,ductal,ductal,inDrop3,0.047416568,0.72
human1_lib1.final_cell_0433,alpha,pancreatic A cell,alpha,alpha,inDrop1,0.014640927,0.8
human4_lib1.final_cell_0582,beta,type B pancreatic cell,beta,beta,inDrop4,0.025836468,0.62
human3_lib3.final_cell_0180,acinar,pancreatic acinar cell,acinar,acinar,inDrop3,0.024486959,0.98
HP1525301T2D_A16,gamma,pancreatic A cell,gamma,alpha,smartseq2,0.061231494,0.52
human2_lib1.final_cell_0176,alpha,pancreatic A cell,alpha,alpha,inDrop2,0.024240136,0.6
human3_lib2.final_cell_0043,acinar,pancreatic acinar cell,acinar,acinar,inDrop3,0.018193245,1.0
D31-7_70,acinar,pancreatic acinar cell,acinar,acinar,celseq2,0.040020227,0.9
HP1508501T2D_M14,beta,type B pancreatic cell,beta,beta,smartseq2,0.061795175,0.46
human2_lib3.final_cell_0041,delta,type B pancreatic cell,delta,beta,inDrop2,0.020825207,0.78
human2_lib3.final_cell_0247,activated_stellate,pancreatic stellate cell,stellate,stellate,inDrop2,0.046405435,0.42
human4_lib3.final_cell_0225,beta,type B pancreatic cell,beta,beta,inDrop4,0.0317508,0.68
human3_lib1.final_cell_0811,beta,type B pancreatic cell,beta,beta,inDrop3,0.019548476,0.98
human1_lib3.final_cell_0326,quiescent_stellate,pancreatic stellate cell,stellate,stellate,inDrop1,0.041856468,0.88
human4_lib1.final_cell_0512,beta,type B pancreatic cell,beta,beta,inDrop4,0.02216351,0.9
human1_lib3.final_cell_0466,beta,type B pancreatic cell,beta,beta,inDrop1,0.026470482,0.98
D73_51,ductal,native cell,ductal,other,celseq,0.047180116,0.78
D74_20,delta,type B pancreatic cell,delta,beta,celseq,0.033046126,0.64
HP1526901T2D_M15,beta,type B pancreatic cell,beta,beta,smartseq2,0.073346615,0.84
human3_lib3.final_cell_0123,acinar,pancreatic acinar cell,acinar,acinar,inDrop3,0.014563262,1.0
human2_lib3.final_cell_0228,alpha,pancreatic A cell,alpha,alpha,inDrop2,0.024130106,0.78
human4_lib3.final_cell_0236,delta,type B pancreatic cell,delta,beta,inDrop4,0.026177049,0.78
human3_lib1.final_cell_0280,alpha,pancreatic A cell,alpha,alpha,inDrop3,0.02324766,0.72
D29-7_74,beta,type B pancreatic cell,beta,beta,celseq2,0.05897951,0.94
human3_lib4.final_cell_0883,schwann,myofibroblast cell,schwann,other,inDrop3,0.09229553,0.3
D74_93,ductal,native cell,ductal,other,celseq,0.04189211,0.78
Sample_236,alpha,pancreatic A cell,alpha,alpha,smarter,0.03552997,0.66
human4_lib1.final_cell_0336,ductal,native cell,ductal,other,inDrop4,0.033459306,0.82
HP1509101_I14,alpha,pancreatic A cell,alpha,alpha,smartseq2,0.02379167,0.72
D30-4_58,ductal,pancreatic ductal cell,ductal,ductal,celseq2,0.10581756,0.34
human3_lib2.final_cell_0157,beta,type B pancreatic cell,beta,beta,inDrop3,0.025793672,0.78
human1_lib3.final_cell_0045,delta,type B pancreatic cell,delta,beta,inDrop1,0.021183074,0.72
HP1507101_O20,alpha,pancreatic A cell,alpha,alpha,smartseq2,0.034191012,0.82
D17All2_49,delta,type B pancreatic cell,delta,beta,celseq,0.038734555,0.76
HP1525301T2D_C7,acinar,pancreatic ductal cell,acinar,ductal,smartseq2,0.09152359,0.96
Sample_1499,alpha,pancreatic A cell,alpha,alpha,smarter,0.024801552,0.88
human3_lib4.final_cell_0515,ductal,pancreatic ductal cell,ductal,ductal,inDrop3,0.05507922,0.52
human1_lib3.final_cell_0474,ductal,native cell,ductal,other,inDrop1,0.03946489,0.5
Sample_800,beta,type B pancreatic cell,beta,beta,smarter,0.038553715,0.64
Sample_469,alpha,pancreatic A cell,alpha,alpha,smarter,0.021737456,0.88
D31-5_36,alpha,pancreatic A cell,alpha,alpha,celseq2,0.03003484,0.86
human2_lib1.final_cell_0516,beta,type B pancreatic cell,beta,beta,inDrop2,0.023073435,0.82
human3_lib1.final_cell_0498,alpha,pancreatic A cell,alpha,alpha,inDrop3,0.025234103,0.5
HP1526901T2D_B1,beta,type B pancreatic cell,beta,beta,smartseq2,0.06736529,0.8
D28-5_5,beta,type B pancreatic cell,beta,beta,celseq2,0.06956273,0.6
Sample_1353,alpha,pancreatic A cell,alpha,alpha,smarter,0.027390242,0.82
HP1504901_G19,alpha,pancreatic A cell,alpha,alpha,smartseq2,0.04036373,0.88
HP1525301T2D_B14,ductal,pancreatic ductal cell,ductal,ductal,smartseq2,0.05645764,0.7
Sample_199,beta,type B pancreatic cell,beta,beta,smarter,0.04034072,0.7
human1_lib2.final_cell_0356,beta,type B pancreatic cell,beta,beta,inDrop1,0.025093079,0.96
human3_lib4.final_cell_0067,delta,type B pancreatic cell,delta,beta,inDrop3,0.023267925,0.76
D71_65,ductal,native cell,ductal,other,celseq,0.03076297,0.78
human2_lib1.final_cell_0157,alpha,pancreatic A cell,alpha,alpha,inDrop2,0.023247004,0.68
D30-6_31,alpha,pancreatic A cell,alpha,alpha,celseq2,0.03579998,0.9
human1_lib2.final_cell_0609,beta,type B pancreatic cell,beta,beta,inDrop1,0.019183218,0.96
Sample_7,beta,type B pancreatic cell,beta,beta,smarter,0.048039377,0.58
Sample_334,alpha,pancreatic A cell,alpha,alpha,smarter,0.01684612,0.98
D10631_3,ductal,native cell,ductal,other,celseq,0.039004385,0.96
D30-8_55,delta,pancreatic D cell,delta,delta,celseq2,0.07638991,0.54
D30-4_82,acinar,pancreatic acinar cell,acinar,acinar,celseq2,0.049452305,0.5
Sample_1533,delta,pancreatic D cell,delta,delta,smarter,0.0372051,0.96
human1_lib3.final_cell_0729,beta,type B pancreatic cell,beta,beta,inDrop1,0.01716435,0.92
D17All2_56,beta,type B pancreatic cell,beta,beta,celseq,0.067875564,0.88
D29-2_71,alpha,pancreatic A cell,alpha,alpha,celseq2,0.046458006,0.86
human2_lib3.final_cell_0322,beta,type B pancreatic cell,beta,beta,inDrop2,0.03465736,0.86
D2ex_89,ductal,native cell,ductal,other,celseq,0.044070005,0.92
human4_lib1.final_cell_0561,gamma,enteroendocrine cell,gamma,other,inDrop4,0.022943437,0.94
human1_lib2.final_cell_0335,ductal,native cell,ductal,other,inDrop1,0.034187436,0.82
human3_lib2.final_cell_0397,alpha,pancreatic A cell,alpha,alpha,inDrop3,0.022470713,0.72
D30-2_40,ductal,pancreatic A cell,ductal,alpha,celseq2,0.07486451,0.52
13th_C18_S179,alpha,pancreatic A cell,alpha,alpha,fluidigmc1,0.03199655,0.92
human4_lib3.final_cell_0262,beta,type B pancreatic cell,beta,beta,inDrop4,0.029383183,0.78
human1_lib2.final_cell_0207,beta,type B pancreatic cell,beta,beta,inDrop1,0.020879507,0.84
human3_lib4.final_cell_0175,acinar,pancreatic acinar cell,acinar,acinar,inDrop3,0.014560163,0.98
D72_54,alpha,pancreatic A cell,alpha,alpha,celseq,0.019949794,0.88
human3_lib3.final_cell_0059,acinar,pancreatic acinar cell,acinar,acinar,inDrop3,0.016821086,1.0
human3_lib4.final_cell_0046,acinar,pancreatic acinar cell,acinar,acinar,inDrop3,0.01400888,1.0
HP1526901T2D_E14,ductal,enteroendocrine cell,ductal,other,smartseq2,0.14615226,0.5
HP1506401_M8,acinar,pancreatic acinar cell,acinar,acinar,smartseq2,0.04399669,0.92
D29-7_12,beta,type B pancreatic cell,beta,beta,celseq2,0.06063795,0.7
human3_lib2.final_cell_0193,beta,type B pancreatic cell,beta,beta,inDrop3,0.03205228,0.78
Sample_293,alpha,pancreatic A cell,alpha,alpha,smarter,0.033349335,0.8
human3_lib1.final_cell_0804,beta,type B pancreatic cell,beta,beta,inDrop3,0.023858786,0.76
human3_lib3.final_cell_0492,alpha,pancreatic A cell,alpha,alpha,inDrop3,0.018977642,0.68
D31-6_73,endothelial,endothelial cell,endothelial,endothelial,celseq2,0.039363265,0.74
Sample_715,beta,type B pancreatic cell,beta,beta,smarter,0.02813512,0.74
HP1504901_H8,alpha,pancreatic A cell,alpha,alpha,smartseq2,0.03130436,0.94
D30-4_50,alpha,pancreatic A cell,alpha,alpha,celseq2,0.047520995,0.86
HP1526901T2D_A4,delta,pancreatic D cell,delta,delta,smartseq2,0.057457864,0.56
D3en4_69,acinar,pancreatic acinar cell,acinar,acinar,celseq,0.023261905,0.88
human1_lib2.final_cell_0524,beta,type B pancreatic cell,beta,beta,inDrop1,0.029277205,0.88
human2_lib3.final_cell_0143,alpha,pancreatic A cell,alpha,alpha,inDrop2,0.024134457,0.92
D172444_81,alpha,pancreatic A cell,alpha,alpha,celseq,0.023586035,0.94
Sample_1007,alpha,pancreatic A cell,alpha,alpha,smarter,0.019254208,0.92
human1_lib1.final_cell_0060,beta,type B pancreatic cell,beta,beta,inDrop1,0.031598985,0.98
D30-7_85,ductal,native cell,ductal,other,celseq2,0.0745371,0.6
Sample_482,alpha,pancreatic A cell,alpha,alpha,smarter,0.019931972,0.88
D102_4,gamma,enteroendocrine cell,gamma,other,celseq,0.02306658,0.8
D28-1_51,alpha,pancreatic A cell,alpha,alpha,celseq2,0.03636384,0.88
D28-1_90,ductal,pancreatic ductal cell,ductal,ductal,celseq2,0.07736945,1.0
Sample_1437,alpha,pancreatic A cell,alpha,alpha,smarter,0.01622343,0.92
10th_C43_S50,alpha,pancreatic A cell,alpha,alpha,fluidigmc1,0.015235007,0.98
Sample_1288,alpha,pancreatic A cell,alpha,alpha,smarter,0.023019433,0.92
HP1508501T2D_G24,alpha,pancreatic A cell,alpha,alpha,smartseq2,0.04257524,0.76
D28-2_89,acinar,pancreatic acinar cell,acinar,acinar,celseq2,0.055122554,0.98
D29-1_47,alpha,pancreatic A cell,alpha,alpha,celseq2,0.042849362,0.84
human3_lib3.final_cell_0614,gamma,enteroendocrine cell,gamma,other,inDrop3,0.022773266,0.76
human3_lib2.final_cell_0210,beta,type B pancreatic cell,beta,beta,inDrop3,0.023088157,0.86
human2_lib3.final_cell_0196,ductal,pancreatic ductal cell,ductal,ductal,inDrop2,0.032608986,0.8
5th-C9_S92,gamma,pancreatic A cell,gamma,alpha,fluidigmc1,0.06836343,0.72
D28-2_52,alpha,pancreatic A cell,alpha,alpha,celseq2,0.044022083,0.96
HP1504901_O10,alpha,pancreatic A cell,alpha,alpha,smartseq2,0.03473568,0.92
D30-5_85,delta,pancreatic D cell,delta,delta,celseq2,0.07941294,0.68
human3_lib1.final_cell_0525,alpha,pancreatic A cell,alpha,alpha,inDrop3,0.028272986,0.86
D28-8_52,quiescent_stellate,myofibroblast cell,stellate,other,celseq2,0.066034436,0.62
D30-3_49,ductal,pancreatic ductal cell,ductal,ductal,celseq2,0.074180126,0.56
HP1504901_N21,quiescent_stellate,smooth muscle cell,stellate,other,smartseq2,0.08396757,0.34
HP1508501T2D_A8,activated_stellate,pancreatic stellate cell,stellate,stellate,smartseq2,0.047312915,0.62
human3_lib2.final_cell_0821,beta,type B pancreatic cell,beta,beta,inDrop3,0.024913132,0.86
D29-4_83,delta,pancreatic D cell,delta,delta,celseq2,0.057625532,0.52
human1_lib1.final_cell_0412,ductal,pancreatic ductal cell,ductal,ductal,inDrop1,0.047556818,0.38
Sample_1068,alpha,pancreatic A cell,alpha,alpha,smarter,0.024300158,0.92
human3_lib3.final_cell_0368,alpha,pancreatic A cell,alpha,alpha,inDrop3,0.024424076,0.64
human3_lib2.final_cell_0306,beta,type B pancreatic cell,beta,beta,inDrop3,0.024083734,0.9
human3_lib1.final_cell_0322,beta,type B pancreatic cell,beta,beta,inDrop3,0.025560915,0.9
human2_lib3.final_cell_0269,ductal,native cell,ductal,other,inDrop2,0.043455422,0.74
D2ex_27,ductal,pancreatic ductal cell,ductal,ductal,celseq,0.040611684,0.52
HP1508501T2D_D18,acinar,pancreatic ductal cell,acinar,ductal,smartseq2,0.06859535,1.0
Sample_751,beta,type B pancreatic cell,beta,beta,smarter,0.045012474,0.4
human4_lib1.final_cell_0393,delta,type B pancreatic cell,delta,beta,inDrop4,0.021777093,0.6
human3_lib1.final_cell_0709,ductal,pancreatic ductal cell,ductal,ductal,inDrop3,0.04634416,0.64
human3_lib4.final_cell_0299,beta,type B pancreatic cell,beta,beta,inDrop3,0.029080272,0.64
human1_lib1.final_cell_0464,endothelial,endothelial cell,endothelial,endothelial,inDrop1,0.024561822,0.54
D30-8_60,activated_stellate,pancreatic stellate cell,stellate,stellate,celseq2,0.041395843,0.94
human2_lib2.final_cell_0353,endothelial,endothelial cell,endothelial,endothelial,inDrop2,0.03674233,0.52
HP1502401_B7,beta,type B pancreatic cell,beta,beta,smartseq2,0.044586897,0.48
human1_lib3.final_cell_0395,alpha,pancreatic A cell,alpha,alpha,inDrop1,0.030711591,0.64
HP1525301T2D_I6,beta,type B pancreatic cell,beta,beta,smartseq2,0.06845796,0.62
human2_lib2.final_cell_0333,alpha,pancreatic A cell,alpha,alpha,inDrop2,0.026602983,0.84
7th-C8_S13,beta,type B pancreatic cell,beta,beta,fluidigmc1,0.05360043,0.5
human1_lib2.final_cell_0480,beta,type B pancreatic cell,beta,beta,inDrop1,0.019223332,0.92
human3_lib2.final_cell_0087,delta,type B pancreatic cell,delta,beta,inDrop3,0.020233572,0.78
human4_lib1.final_cell_0307,beta,type B pancreatic cell,beta,beta,inDrop4,0.025819182,0.92
D29-4_62,alpha,pancreatic A cell,alpha,alpha,celseq2,0.047092617,0.8
D29-7_37,beta,type B pancreatic cell,beta,beta,celseq2,0.0541327,0.86
human1_lib3.final_cell_0150,quiescent_stellate,pancreatic ductal cell,stellate,ductal,inDrop1,0.066061735,0.78
D30-8_52,alpha,pancreatic A cell,alpha,alpha,celseq2,0.046005487,0.84
human4_lib1.final_cell_0279,alpha,pancreatic A cell,alpha,alpha,inDrop4,0.01771295,0.82
human4_lib3.final_cell_0323,beta,type B pancreatic cell,beta,beta,inDrop4,0.023472548,0.74
D31-8_23,ductal,pancreatic ductal cell,ductal,ductal,celseq2,0.056114435,0.94
D17All1_50,acinar,pancreatic acinar cell,acinar,acinar,celseq,0.04732108,0.84
human4_lib1.final_cell_0275,alpha,pancreatic A cell,alpha,alpha,inDrop4,0.017421722,0.88
human2_lib3.final_cell_0404,alpha,pancreatic A cell,alpha,alpha,inDrop2,0.021734834,0.76
D30-4_9,beta,type B pancreatic cell,beta,beta,celseq2,0.07248509,0.82
D17All1_89,alpha,pancreatic A cell,alpha,alpha,celseq,0.02377963,0.76
D30-1_87,alpha,pancreatic A cell,alpha,alpha,celseq2,0.03476894,0.86
human2_lib3.final_cell_0488,activated_stellate,pancreatic stellate cell,stellate,stellate,inDrop2,0.034387827,0.44
human3_lib2.final_cell_0779,beta,type B pancreatic cell,beta,beta,inDrop3,0.021853805,1.0
human1_lib2.final_cell_0016,acinar,pancreatic acinar cell,acinar,acinar,inDrop1,0.018079579,1.0
human2_lib3.final_cell_0135,alpha,pancreatic A cell,alpha,alpha,inDrop2,0.02676928,0.72
D31-1_85,alpha,pancreatic A cell,alpha,alpha,celseq2,0.032630146,0.82
human4_lib1.final_cell_0587,beta,type B pancreatic cell,beta,beta,inDrop4,0.023317456,0.9
Sample_570,alpha,pancreatic A cell,alpha,alpha,smarter,0.019106269,1.0
human3_lib2.final_cell_0751,beta,type B pancreatic cell,beta,beta,inDrop3,0.021798491,1.0
human3_lib1.final_cell_0320,endothelial,endothelial cell,endothelial,endothelial,inDrop3,0.11796701,0.5
Sample_1101,alpha,pancreatic A cell,alpha,alpha,smarter,0.022188663,0.96
human1_lib3.final_cell_0165,beta,type B pancreatic cell,beta,beta,inDrop1,0.03800118,0.94
HP1508501T2D_G15,alpha,pancreatic A cell,alpha,alpha,smartseq2,0.034471095,0.9
11th-C66_S88,beta,pancreatic A cell,beta,alpha,fluidigmc1,0.08721143,0.5
D2ex_26,acinar,pancreatic acinar cell,acinar,acinar,celseq,0.020245314,1.0
human3_lib1.final_cell_0005,acinar,pancreatic acinar cell,acinar,acinar,inDrop3,0.024535477,1.0
human3_lib3.final_cell_0887,acinar,pancreatic acinar cell,acinar,acinar,inDrop3,0.013059795,1.0
human3_lib1.final_cell_0421,beta,type B pancreatic cell,beta,beta,inDrop3,0.02378571,0.94
HP1504101T2D_G9,beta,type B pancreatic cell,beta,beta,smartseq2,0.04835415,0.86
human2_lib3.final_cell_0546,mast,mast cell,mast,mast,inDrop2,0.024659097,0.6
human1_lib2.final_cell_0621,delta,type B pancreatic cell,delta,beta,inDrop1,0.019176543,0.98
human4_lib1.final_cell_0390,beta,type B pancreatic cell,beta,beta,inDrop4,0.023801148,0.72
D30-7_72,activated_stellate,pancreatic stellate cell,stellate,stellate,celseq2,0.040516257,0.54
human2_lib2.final_cell_0532,alpha,pancreatic A cell,alpha,alpha,inDrop2,0.023493469,0.76
human3_lib1.final_cell_0593,activated_stellate,fibroblast,stellate,other,inDrop3,0.032742262,0.96
human2_lib1.final_cell_0214,alpha,pancreatic A cell,alpha,alpha,inDrop2,0.021487474,0.8
D30-5_28,alpha,pancreatic A cell,alpha,alpha,celseq2,0.030945897,0.86
human4_lib3.final_cell_0450,beta,type B pancreatic cell,beta,beta,inDrop4,0.03146106,0.9
HP1502401_O6,delta,pancreatic D cell,delta,delta,smartseq2,0.035440207,0.74
2nd-C87_S76,beta,type B pancreatic cell,beta,beta,fluidigmc1,0.035671115,0.9
human3_lib3.final_cell_0339,acinar,pancreatic acinar cell,acinar,acinar,inDrop3,0.015690207,1.0
human1_lib2.final_cell_0452,endothelial,endothelial cell,endothelial,endothelial,inDrop1,0.024008274,0.6
HP1504901_E14,alpha,pancreatic A cell,alpha,alpha,smartseq2,0.033000767,0.88
human2_lib1.final_cell_0411,ductal,pancreatic ductal cell,ductal,ductal,inDrop2,0.036202908,0.7
HP1506401_K16,ductal,pancreatic ductal cell,ductal,ductal,smartseq2,0.062541366,0.66
human2_lib1.final_cell_0117,ductal,pancreatic ductal cell,ductal,ductal,inDrop2,0.039625883,0.8
human2_lib1.final_cell_0088,alpha,pancreatic A cell,alpha,alpha,inDrop2,0.025406957,0.76
human4_lib3.final_cell_0598,alpha,pancreatic A cell,alpha,alpha,inDrop4,0.01695764,0.7
HP1506401_G14,acinar,pancreatic acinar cell,acinar,acinar,smartseq2,0.028155804,1.0
human1_lib3.final_cell_0398,beta,type B pancreatic cell,beta,beta,inDrop1,0.02076459,0.9
Sample_1425,alpha,pancreatic A cell,alpha,alpha,smarter,0.0200786,0.58
human3_lib3.final_cell_0767,alpha,pancreatic A cell,alpha,alpha,inDrop3,0.0249151,0.58
human3_lib3.final_cell_0388,ductal,native cell,ductal,other,inDrop3,0.028576732,0.84
D30-1_19,acinar,pancreatic acinar cell,acinar,acinar,celseq2,0.04536277,0.78
human1_lib3.final_cell_0535,alpha,pancreatic A cell,alpha,alpha,inDrop1,0.022960722,0.8
HP1504101T2D_I5,alpha,pancreatic A cell,alpha,alpha,smartseq2,0.04730189,0.66
D31-4_30,alpha,pancreatic A cell,alpha,alpha,celseq2,0.033795238,0.94
human3_lib4.final_cell_0270,acinar,pancreatic acinar cell,acinar,acinar,inDrop3,0.015733361,1.0
HP1508501T2D_J12,alpha,pancreatic A cell,alpha,alpha,smartseq2,0.032589674,0.86
human3_lib1.final_cell_0419,acinar,pancreatic acinar cell,acinar,acinar,inDrop3,0.014277518,1.0
D31-4_9,acinar,pancreatic acinar cell,acinar,acinar,celseq2,0.038441956,0.96
Sample_1319,alpha,pancreatic A cell,alpha,alpha,smarter,0.017107725,1.0
human4_lib3.final_cell_0522,alpha,pancreatic A cell,alpha,alpha,inDrop4,0.017449915,0.84
human4_lib3.final_cell_0643,gamma,enteroendocrine cell,gamma,other,inDrop4,0.020005345,0.54
human3_lib3.final_cell_0456,alpha,pancreatic A cell,alpha,alpha,inDrop3,0.022215128,0.8
HP1506401_O3,alpha,pancreatic A cell,alpha,alpha,smartseq2,0.04406178,0.74
human1_lib3.final_cell_0372,ductal,native cell,ductal,other,inDrop1,0.036049128,0.72
HP1526901T2D_G1,gamma,enteroendocrine cell,gamma,other,smartseq2,0.05362922,0.44
7th-C45_S77,beta,type B pancreatic cell,beta,beta,fluidigmc1,0.07239425,0.44
HP1509101_G16,alpha,pancreatic A cell,alpha,alpha,smartseq2,0.04945171,0.68
human1_lib2.final_cell_0384,beta,type B pancreatic cell,beta,beta,inDrop1,0.021792293,1.0
human3_lib1.final_cell_0850,beta,type B pancreatic cell,beta,beta,inDrop3,0.020233512,0.96
Sample_932,beta,type B pancreatic cell,beta,beta,smarter,0.03434199,0.72
HP1509101_H13,delta,type B pancreatic cell,delta,beta,smartseq2,0.034986377,0.9
D31-3_53,acinar,pancreatic acinar cell,acinar,acinar,celseq2,0.05114734,0.9
Sample_1038,alpha,pancreatic A cell,alpha,alpha,smarter,0.01928848,0.86
D2ex_6,ductal,pancreatic ductal cell,ductal,ductal,celseq,0.05184096,0.58
HP1526901T2D_O23,alpha,pancreatic A cell,alpha,alpha,smartseq2,0.04783678,0.9
human2_lib1.final_cell_0161,alpha,pancreatic A cell,alpha,alpha,inDrop2,0.019864261,0.82
human2_lib2.final_cell_0166,delta,type B pancreatic cell,delta,beta,inDrop2,0.029231787,0.64
D29-4_86,gamma,type B pancreatic cell,gamma,beta,celseq2,0.048155367,0.42
human2_lib3.final_cell_0541,alpha,enteroendocrine cell,alpha,other,inDrop2,0.028782547,0.64
11th-C61_S25,alpha,pancreatic A cell,alpha,alpha,fluidigmc1,0.03761202,0.98
human1_lib3.final_cell_0194,beta,type B pancreatic cell,beta,beta,inDrop1,0.020166159,0.74
human3_lib1.final_cell_0615,ductal,epithelial cell of proximal tubule,ductal,other,inDrop3,0.0628134,0.46
human3_lib2.final_cell_0866,ductal,enteroendocrine cell,ductal,other,inDrop3,0.06125331,0.68
human2_lib2.final_cell_0303,alpha,pancreatic A cell,alpha,alpha,inDrop2,0.025866985,0.92
Sample_683,beta,type B pancreatic cell,beta,beta,smarter,0.05315596,0.94
human4_lib1.final_cell_0065,ductal,pancreatic acinar cell,ductal,acinar,inDrop4,0.042794406,0.9
human3_lib2.final_cell_0162,ductal,pancreatic ductal cell,ductal,ductal,inDrop3,0.063163996,0.44
human3_lib3.final_cell_0595,alpha,pancreatic A cell,alpha,alpha,inDrop3,0.02059263,0.64
D28-6_37,alpha,pancreatic A cell,alpha,alpha,celseq2,0.048961997,0.88
human1_lib1.final_cell_0397,beta,type B pancreatic cell,beta,beta,inDrop1,0.027673185,0.98
HP1509101_F13,alpha,pancreatic A cell,alpha,alpha,smartseq2,0.038033485,0.72
human4_lib3.final_cell_0105,beta,type B pancreatic cell,beta,beta,inDrop4,0.025557995,0.9
AZ_A8,beta,type B pancreatic cell,beta,beta,smartseq2,0.04966587,0.82
human4_lib3.final_cell_0564,beta,type B pancreatic cell,beta,beta,inDrop4,0.025305867,0.74
D17All1_77,delta,type B pancreatic cell,delta,beta,celseq,0.044441104,0.54
HP1508501T2D_L5,ductal,native cell,ductal,other,smartseq2,0.06796861,0.54
human3_lib1.final_cell_0178,beta,type B pancreatic cell,beta,beta,inDrop3,0.023131847,0.9
human2_lib3.final_cell_0160,beta,type B pancreatic cell,beta,beta,inDrop2,0.026283741,0.6
HP1506401_A17,beta,type B pancreatic cell,beta,beta,smartseq2,0.060212314,0.46
D30-2_37,alpha,pancreatic A cell,alpha,alpha,celseq2,0.047971725,0.86
human4_lib3.final_cell_0297,beta,type B pancreatic cell,beta,beta,inDrop4,0.028177738,0.92
human3_lib3.final_cell_0693,ductal,pancreatic ductal cell,ductal,ductal,inDrop3,0.046396494,0.52
human1_lib2.final_cell_0250,alpha,pancreatic A cell,alpha,alpha,inDrop1,0.02427423,0.62
human1_lib2.final_cell_0215,beta,type B pancreatic cell,beta,beta,inDrop1,0.01870346,0.94
human2_lib3.final_cell_0357,activated_stellate,pancreatic stellate cell,stellate,stellate,inDrop2,0.032759547,0.66
human1_lib1.final_cell_0171,acinar,pancreatic acinar cell,acinar,acinar,inDrop1,0.017477572,1.0
human1_lib3.final_cell_0672,beta,type B pancreatic cell,beta,beta,inDrop1,0.022662103,0.94
human3_lib2.final_cell_0020,acinar,pancreatic acinar cell,acinar,acinar,inDrop3,0.022578597,0.98
human3_lib2.final_cell_0197,alpha,pancreatic A cell,alpha,alpha,inDrop3,0.020721555,0.74
human3_lib1.final_cell_0609,alpha,pancreatic A cell,alpha,alpha,inDrop3,0.021224141,0.68
D28-6_89,acinar,pancreatic acinar cell,acinar,acinar,celseq2,0.07208872,0.6
HP1508501T2D_H18,gamma,enteroendocrine cell,gamma,other,smartseq2,0.03930819,0.48
Sample_248,alpha,pancreatic A cell,alpha,alpha,smarter,0.030425906,0.84
human4_lib3.final_cell_0310,beta,type B pancreatic cell,beta,beta,inDrop4,0.024029315,0.94
human3_lib4.final_cell_0733,alpha,pancreatic A cell,alpha,alpha,inDrop3,0.02426064,0.58
Sample_100,beta,type B pancreatic cell,beta,beta,smarter,0.042016804,0.94
human2_lib3.final_cell_0217,ductal,native cell,ductal,other,inDrop2,0.045309722,0.78
D31-3_81,ductal,pancreatic ductal cell,ductal,ductal,celseq2,0.058266997,0.8
human2_lib1.final_cell_0213,ductal,pancreatic ductal cell,ductal,ductal,inDrop2,0.048707962,0.88
human1_lib1.final_cell_0075,beta,type B pancreatic cell,beta,beta,inDrop1,0.018615663,0.92
HP1502401_L12,alpha,pancreatic A cell,alpha,alpha,smartseq2,0.02563703,0.92
human1_lib1.final_cell_0327,alpha,pancreatic A cell,alpha,alpha,inDrop1,0.016792774,0.78
human1_lib1.final_cell_0271,delta,type B pancreatic cell,delta,beta,inDrop1,0.020605862,0.74
HP1502401_N19,alpha,pancreatic A cell,alpha,alpha,smartseq2,0.027065516,0.92
D29-6_41,alpha,pancreatic A cell,alpha,alpha,celseq2,0.032116473,0.86
human2_lib2.final_cell_0289,alpha,pancreatic A cell,alpha,alpha,inDrop2,0.025749624,0.76
human4_lib3.final_cell_0271,delta,type B pancreatic cell,delta,beta,inDrop4,0.030955434,0.7
HP1502401_M8,acinar,pancreatic ductal cell,acinar,ductal,smartseq2,0.07103312,0.68
human2_lib3.final_cell_0316,alpha,pancreatic A cell,alpha,alpha,inDrop2,0.020308495,0.8
human3_lib3.final_cell_0191,acinar,pancreatic acinar cell,acinar,acinar,inDrop3,0.01649952,1.0
D3en4_26,acinar,pancreatic acinar cell,acinar,acinar,celseq,0.023043454,0.96
human1_lib1.final_cell_0435,alpha,pancreatic A cell,alpha,alpha,inDrop1,0.020223975,0.7
HP1506401_P4,ductal,pancreatic ductal cell,ductal,ductal,smartseq2,0.08146429,0.52
human3_lib1.final_cell_0017,acinar,pancreatic acinar cell,acinar,acinar,inDrop3,0.018644333,0.96
AZ_G1,alpha,pancreatic A cell,alpha,alpha,smartseq2,0.041282594,0.78
3rd-C91_S91,alpha,pancreatic A cell,alpha,alpha,fluidigmc1,0.029518545,0.96
human3_lib2.final_cell_0697,activated_stellate,myofibroblast cell,stellate,other,inDrop3,0.037285566,0.32
human1_lib2.final_cell_0309,activated_stellate,fibroblast,stellate,other,inDrop1,0.03014338,0.94
human1_lib3.final_cell_0622,delta,type B pancreatic cell,delta,beta,inDrop1,0.020843923,0.9
human3_lib1.final_cell_0102,alpha,pancreatic A cell,alpha,alpha,inDrop3,0.017601728,0.72
human2_lib2.final_cell_0133,beta,type B pancreatic cell,beta,beta,inDrop2,0.024558306,0.74
human3_lib1.final_cell_0758,beta,type B pancreatic cell,beta,beta,inDrop3,0.024904013,0.96
human1_lib3.final_cell_0446,beta,type B pancreatic cell,beta,beta,inDrop1,0.027716398,0.94
human4_lib3.final_cell_0302,beta,type B pancreatic cell,beta,beta,inDrop4,0.024052083,0.9
human2_lib1.final_cell_0085,alpha,pancreatic A cell,alpha,alpha,inDrop2,0.026448369,0.78
human1_lib2.final_cell_0032,gamma,type B pancreatic cell,gamma,beta,inDrop1,0.027227163,0.48
D30-2_88,alpha,pancreatic A cell,alpha,alpha,celseq2,0.037940145,0.84
Sample_1280,alpha,pancreatic A cell,alpha,alpha,smarter,0.017164826,0.82
HP1525301T2D_H3,ductal,pancreatic ductal cell,ductal,ductal,smartseq2,0.06832582,0.92
4th-C28_S55,beta,pancreatic A cell,beta,alpha,fluidigmc1,0.06479645,0.58
D30-3_44,alpha,pancreatic A cell,alpha,alpha,celseq2,0.044578552,0.86
D31-3_62,delta,pancreatic D cell,delta,delta,celseq2,0.050194383,0.42
D30-1_54,alpha,pancreatic A cell,alpha,alpha,celseq2,0.032592297,0.82
HP1507101_O17,alpha,pancreatic A cell,alpha,alpha,smartseq2,0.01665616,0.9
D29-2_4,delta,pancreatic D cell,delta,delta,celseq2,0.06492382,0.6
D31-3_69,acinar,pancreatic acinar cell,acinar,acinar,celseq2,0.07779884,0.86
human3_lib3.final_cell_0428,beta,type B pancreatic cell,beta,beta,inDrop3,0.02764225,0.9
10th_C46_S94,endothelial,endothelial cell,endothelial,endothelial,fluidigmc1,0.046316385,0.7
human3_lib2.final_cell_0118,acinar,pancreatic acinar cell,acinar,acinar,inDrop3,0.011471689,1.0
Sample_147,beta,type B pancreatic cell,beta,beta,smarter,0.037326455,0.74
human3_lib2.final_cell_0451,alpha,pancreatic A cell,alpha,alpha,inDrop3,0.029836535,0.76
Sample_906,beta,type B pancreatic cell,beta,beta,smarter,0.048823833,0.54
human3_lib4.final_cell_0693,ductal,pancreatic ductal cell,ductal,ductal,inDrop3,0.0320009,0.94
human3_lib3.final_cell_0907,delta,type B pancreatic cell,delta,beta,inDrop3,0.031336844,0.92
HP1507101_B12,alpha,pancreatic A cell,alpha,alpha,smartseq2,0.04595542,0.72
D17All2_21,beta,type B pancreatic cell,beta,beta,celseq,0.10501897,0.68
6th-C42_S75,beta,type B pancreatic cell,beta,beta,fluidigmc1,0.058000445,0.72
D30-5_35,delta,pancreatic D cell,delta,delta,celseq2,0.06679177,0.72
HP1502401_I14,acinar,pancreatic ductal cell,acinar,ductal,smartseq2,0.06615156,1.0
D30-6_93,activated_stellate,fibroblast,stellate,other,celseq2,0.045567274,0.42
D29-4_77,alpha,pancreatic A cell,alpha,alpha,celseq2,0.040311635,0.92
human3_lib1.final_cell_0080,acinar,pancreatic acinar cell,acinar,acinar,inDrop3,0.015158892,1.0
human2_lib3.final_cell_0293,beta,type B pancreatic cell,beta,beta,inDrop2,0.021911383,0.82
human3_lib4.final_cell_0668,alpha,pancreatic A cell,alpha,alpha,inDrop3,0.019803584,0.68
D29-5_6,gamma,enteroendocrine cell,gamma,other,celseq2,0.0463531,0.86
Sample_600,delta,type B pancreatic cell,delta,beta,smarter,0.051187217,0.4
Sample_1508,alpha,pancreatic A cell,alpha,alpha,smarter,0.02061379,0.9
human3_lib4.final_cell_0081,acinar,pancreatic acinar cell,acinar,acinar,inDrop3,0.013575971,0.98
human1_lib1.final_cell_0340,beta,type B pancreatic cell,beta,beta,inDrop1,0.028669298,0.96
human1_lib2.final_cell_0090,beta,type B pancreatic cell,beta,beta,inDrop1,0.022481441,0.9
human1_lib3.final_cell_0656,quiescent_stellate,pancreatic stellate cell,stellate,stellate,inDrop1,0.040757,0.44
human4_lib1.final_cell_0462,ductal,pancreatic ductal cell,ductal,ductal,inDrop4,0.02129674,0.78
HP1502401_I16,alpha,pancreatic A cell,alpha,alpha,smartseq2,0.028283,0.94
human3_lib3.final_cell_0793,beta,type B pancreatic cell,beta,beta,inDrop3,0.027041852,0.92
human1_lib3.final_cell_0040,delta,type B pancreatic cell,delta,beta,inDrop1,0.023532867,0.76
8th-C65_S113,beta,type B pancreatic cell,beta,beta,fluidigmc1,0.06448567,0.46
13th_C39_S153,beta,pancreatic A cell,beta,alpha,fluidigmc1,0.07926881,0.5
Sample_758,beta,pancreatic A cell,beta,alpha,smarter,0.05164349,0.38
HP1502401_C20,delta,pancreatic D cell,delta,delta,smartseq2,0.033422768,0.7
human4_lib1.final_cell_0387,delta,type B pancreatic cell,delta,beta,inDrop4,0.022343159,0.76
human1_lib2.final_cell_0124,acinar,pancreatic acinar cell,acinar,acinar,inDrop1,0.012450337,1.0
D30-1_75,alpha,pancreatic A cell,alpha,alpha,celseq2,0.070694745,0.86
HP1502401_L5,ductal,native cell,ductal,other,smartseq2,0.050757766,0.48
human3_lib2.final_cell_0583,alpha,pancreatic A cell,alpha,alpha,inDrop3,0.025667489,0.3
human3_lib1.final_cell_0636,ductal,pancreatic ductal cell,ductal,ductal,inDrop3,0.039904475,0.48
human4_lib1.final_cell_0461,beta,type B pancreatic cell,beta,beta,inDrop4,0.02750945,0.9
human3_lib3.final_cell_0021,acinar,pancreatic acinar cell,acinar,acinar,inDrop3,0.021430373,0.96
D28-7_51,acinar,pancreatic acinar cell,acinar,acinar,celseq2,0.071958184,0.88
D31-3_3,alpha,enteroendocrine cell,alpha,other,celseq2,0.047502637,0.62
Sample_506,alpha,pancreatic A cell,alpha,alpha,smarter,0.016380668,1.0
D17TGFB_89,acinar,pancreatic acinar cell,acinar,acinar,celseq,0.023052812,1.0
D3ex_34,ductal,epithelial cell,ductal,other,celseq,0.13753045,0.28
human1_lib2.final_cell_0443,delta,type B pancreatic cell,delta,beta,inDrop1,0.018716335,0.82
human1_lib1.final_cell_0121,beta,type B pancreatic cell,beta,beta,inDrop1,0.02030927,0.98
human2_lib1.final_cell_0144,alpha,pancreatic A cell,alpha,alpha,inDrop2,0.020508766,0.74
human2_lib3.final_cell_0425,gamma,enteroendocrine cell,gamma,other,inDrop2,0.022084594,0.56
human4_lib1.final_cell_0011,alpha,pancreatic A cell,alpha,alpha,inDrop4,0.01815164,0.78
human4_lib1.final_cell_0327,alpha,pancreatic A cell,alpha,alpha,inDrop4,0.020275354,0.82
human4_lib1.final_cell_0148,ductal,native cell,ductal,other,inDrop4,0.038061976,0.78
HP1526901T2D_D9,alpha,pancreatic A cell,alpha,alpha,smartseq2,0.06540239,0.76
human2_lib2.final_cell_0101,alpha,pancreatic A cell,alpha,alpha,inDrop2,0.03190267,0.78
Sample_1449,alpha,pancreatic A cell,alpha,alpha,smarter,0.015839279,0.86
human1_lib1.final_cell_0165,beta,type B pancreatic cell,beta,beta,inDrop1,0.021990776,0.48
D30-1_81,alpha,pancreatic A cell,alpha,alpha,celseq2,0.03577578,0.9
D28-7_42,ductal,pancreatic ductal cell,ductal,ductal,celseq2,0.060472965,0.64
human4_lib1.final_cell_0219,beta,type B pancreatic cell,beta,beta,inDrop4,0.024587393,0.72
D30-8_31,alpha,pancreatic A cell,alpha,alpha,celseq2,0.040205956,0.92
human3_lib1.final_cell_0364,beta,type B pancreatic cell,beta,beta,inDrop3,0.028464913,0.76
2nd-C15_S25,beta,type B pancreatic cell,beta,beta,fluidigmc1,0.056482196,0.72
human3_lib3.final_cell_0607,acinar,pancreatic acinar cell,acinar,acinar,inDrop3,0.013207316,0.98
human2_lib2.final_cell_0139,alpha,pancreatic A cell,alpha,alpha,inDrop2,0.028370738,0.74
HP1506401_H23,ductal,native cell,ductal,other,smartseq2,0.061938524,0.56
Sample_1067,alpha,pancreatic A cell,alpha,alpha,smarter,0.024095356,0.88
human1_lib3.final_cell_0081,beta,type B pancreatic cell,beta,beta,inDrop1,0.02145058,0.78
HP1526901T2D_E8,alpha,pancreatic A cell,alpha,alpha,smartseq2,0.0547148,0.82
human3_lib4.final_cell_0650,alpha,pancreatic A cell,alpha,alpha,inDrop3,0.027971566,0.74
D31-8_48,beta,enteroendocrine cell,beta,other,celseq2,0.06270158,0.6
D28-4_85,acinar,pancreatic acinar cell,acinar,acinar,celseq2,0.035235345,1.0
HP1502401_O22,alpha,pancreatic A cell,alpha,alpha,smartseq2,0.030944347,0.88
HP1507101_O5,alpha,pancreatic A cell,alpha,alpha,smartseq2,0.040922284,0.72
human2_lib2.final_cell_0124,alpha,pancreatic A cell,alpha,alpha,inDrop2,0.019251704,0.84
human4_lib1.final_cell_0188,beta,type B pancreatic cell,beta,beta,inDrop4,0.02471292,0.82
D30-8_1,alpha,pancreatic A cell,alpha,alpha,celseq2,0.04919195,0.82
human2_lib3.final_cell_0341,ductal,kidney connecting tubule epithelial cell,ductal,other,inDrop2,0.07184088,0.48
human1_lib2.final_cell_0588,beta,type B pancreatic cell,beta,beta,inDrop1,0.014591575,0.96
human1_lib3.final_cell_0141,delta,type B pancreatic cell,delta,beta,inDrop1,0.01947546,0.78
HP1526901T2D_P11,beta,type B pancreatic cell,beta,beta,smartseq2,0.07604301,0.78
D31-5_88,alpha,pancreatic A cell,alpha,alpha,celseq2,0.033355236,0.96
human3_lib4.final_cell_0128,acinar,pancreatic acinar cell,acinar,acinar,inDrop3,0.012914896,1.0
Sample_881,beta,type B pancreatic cell,beta,beta,smarter,0.032066405,0.8
human3_lib4.final_cell_0533,acinar,pancreatic acinar cell,acinar,acinar,inDrop3,0.012148857,1.0
D30-8_18,activated_stellate,fibroblast,stellate,other,celseq2,0.04182613,0.68
human3_lib4.final_cell_0305,alpha,pancreatic A cell,alpha,alpha,inDrop3,0.021086633,0.78
human2_lib3.final_cell_0104,alpha,pancreatic A cell,alpha,alpha,inDrop2,0.016733527,0.84
D3en2_24,ductal,respiratory epithelial cell,ductal,other,celseq,0.13969421,0.24
human3_lib1.final_cell_0679,alpha,pancreatic A cell,alpha,alpha,inDrop3,0.021952748,0.74
Sample_164,beta,type B pancreatic cell,beta,beta,smarter,0.034766912,0.86
human3_lib3.final_cell_0913,endothelial,endothelial cell,endothelial,endothelial,inDrop3,0.06739098,0.94
D28-6_87,beta,enteroendocrine cell,beta,other,celseq2,0.07785994,0.4
human2_lib2.final_cell_0097,beta,type B pancreatic cell,beta,beta,inDrop2,0.02818209,0.7
human3_lib2.final_cell_0453,acinar,pancreatic acinar cell,acinar,acinar,inDrop3,0.012606025,0.96
Sample_1466,alpha,pancreatic A cell,alpha,alpha,smarter,0.018767893,0.98
D29-6_19,alpha,pancreatic A cell,alpha,alpha,celseq2,0.041254997,0.88
human3_lib4.final_cell_0582,alpha,pancreatic A cell,alpha,alpha,inDrop3,0.023086488,0.84
HP1508501T2D_M10,activated_stellate,myofibroblast cell,stellate,other,smartseq2,0.046720147,0.68
human3_lib1.final_cell_0660,acinar,pancreatic acinar cell,acinar,acinar,inDrop3,0.013490081,1.0
D31-6_56,alpha,pancreatic A cell,alpha,alpha,celseq2,0.03592223,0.88
human3_lib2.final_cell_0729,activated_stellate,fibroblast,stellate,other,inDrop3,0.031451344,1.0
D1713_70,acinar,pancreatic acinar cell,acinar,acinar,celseq,0.023082793,0.98
human1_lib2.final_cell_0497,epsilon,enteroendocrine cell,epsilon,other,inDrop1,0.021682084,1.0
D1713_95,beta,type B pancreatic cell,beta,beta,celseq,0.03779584,0.88
3rd-C47_S35,gamma,pancreatic A cell,gamma,alpha,fluidigmc1,0.07007074,0.44
D17TGFB_11,alpha,pancreatic A cell,alpha,alpha,celseq,0.014038146,0.96
human2_lib2.final_cell_0109,delta,type B pancreatic cell,delta,beta,inDrop2,0.03865683,0.64
human3_lib1.final_cell_0676,ductal,native cell,ductal,other,inDrop3,0.04012537,0.74
human3_lib4.final_cell_0669,alpha,pancreatic A cell,alpha,alpha,inDrop3,0.023413956,0.8
human3_lib4.final_cell_0336,alpha,pancreatic A cell,alpha,alpha,inDrop3,0.020174563,0.7
human2_lib3.final_cell_0384,alpha,pancreatic A cell,alpha,alpha,inDrop2,0.0265491,0.8
human4_lib1.final_cell_0259,alpha,pancreatic A cell,alpha,alpha,inDrop4,0.017935097,0.92
human3_lib1.final_cell_0795,beta,type B pancreatic cell,beta,beta,inDrop3,0.024446726,0.92
D10631_15,acinar,pancreatic acinar cell,acinar,acinar,celseq,0.060614467,0.9
D29-7_46,alpha,pancreatic A cell,alpha,alpha,celseq2,0.036388636,0.88
D73_29,ductal,native cell,ductal,other,celseq,0.03864181,0.84
human3_lib3.final_cell_0848,alpha,pancreatic A cell,alpha,alpha,inDrop3,0.022244692,0.76
human2_lib2.final_cell_0119,activated_stellate,fibroblast,stellate,other,inDrop2,0.047780395,0.36
human3_lib3.final_cell_0301,acinar,pancreatic acinar cell,acinar,acinar,inDrop3,0.02448678,0.98
human3_lib3.final_cell_0616,alpha,pancreatic A cell,alpha,alpha,inDrop3,0.038985014,0.68
human3_lib4.final_cell_0676,alpha,pancreatic A cell,alpha,alpha,inDrop3,0.019736946,0.8
HP1526901T2D_B12,alpha,pancreatic A cell,alpha,alpha,smartseq2,0.03609872,0.9
human3_lib3.final_cell_0054,beta,type B pancreatic cell,beta,beta,inDrop3,0.0236758,1.0
human4_lib1.final_cell_0245,beta,type B pancreatic cell,beta,beta,inDrop4,0.028666258,0.7
HP1525301T2D_P17,alpha,pancreatic A cell,alpha,alpha,smartseq2,0.046857,0.88
human2_lib2.final_cell_0392,beta,type B pancreatic cell,beta,beta,inDrop2,0.027210236,0.7
human3_lib1.final_cell_0378,alpha,pancreatic A cell,alpha,alpha,inDrop3,0.031748414,0.46
human3_lib1.final_cell_0723,alpha,pancreatic A cell,alpha,alpha,inDrop3,0.033974648,0.82
human2_lib1.final_cell_0250,alpha,pancreatic A cell,alpha,alpha,inDrop2,0.027270436,0.92
D31-5_2,alpha,pancreatic A cell,alpha,alpha,celseq2,0.03203249,0.92
human1_lib3.final_cell_0148,beta,type B pancreatic cell,beta,beta,inDrop1,0.028234005,0.96
human1_lib3.final_cell_0634,beta,type B pancreatic cell,beta,beta,inDrop1,0.02843833,0.96
human4_lib3.final_cell_0693,beta,type B pancreatic cell,beta,beta,inDrop4,0.025433183,0.92
human4_lib3.final_cell_0349,gamma,enteroendocrine cell,gamma,other,inDrop4,0.01795572,0.76
human3_lib1.final_cell_0373,acinar,pancreatic acinar cell,acinar,acinar,inDrop3,0.014708757,0.96
human1_lib1.final_cell_0166,beta,type B pancreatic cell,beta,beta,inDrop1,0.030186653,0.94
human4_lib3.final_cell_0305,beta,type B pancreatic cell,beta,beta,inDrop4,0.030790329,0.86
human3_lib1.final_cell_0446,beta,type B pancreatic cell,beta,beta,inDrop3,0.025434077,0.98
human2_lib3.final_cell_0461,alpha,pancreatic A cell,alpha,alpha,inDrop2,0.022547841,0.76
HP1502401_J14,alpha,pancreatic A cell,alpha,alpha,smartseq2,0.032239318,0.86
D29-3_77,alpha,pancreatic A cell,alpha,alpha,celseq2,0.045784473,0.8
HP1506401_H19,gamma,enteroendocrine cell,gamma,other,smartseq2,0.06354338,0.56
human2_lib1.final_cell_0099,alpha,pancreatic A cell,alpha,alpha,inDrop2,0.023038983,0.74
human1_lib3.final_cell_0523,endothelial,endothelial cell,endothelial,endothelial,inDrop1,0.019424558,0.7
D28-4_88,beta,enteroendocrine cell,beta,other,celseq2,0.07330489,0.48
D29-6_55,gamma,enteroendocrine cell,gamma,other,celseq2,0.03752935,0.94
human3_lib4.final_cell_0397,alpha,enteroendocrine cell,alpha,other,inDrop3,0.028987885,0.44
human1_lib1.final_cell_0442,beta,type B pancreatic cell,beta,beta,inDrop1,0.01559943,0.98
human3_lib1.final_cell_0130,delta,type B pancreatic cell,delta,beta,inDrop3,0.026971221,0.9
human3_lib4.final_cell_0057,acinar,pancreatic acinar cell,acinar,acinar,inDrop3,0.012505889,1.0
human3_lib4.final_cell_0347,beta,type B pancreatic cell,beta,beta,inDrop3,0.030775666,0.94
human2_lib2.final_cell_0076,ductal,native cell,ductal,other,inDrop2,0.05057013,0.78
HP1507101_I23,alpha,pancreatic A cell,alpha,alpha,smartseq2,0.03498614,0.74
HP1506401_A6,acinar,pancreatic acinar cell,acinar,acinar,smartseq2,0.033571005,1.0
HP1507101_D1,alpha,pancreatic A cell,alpha,alpha,smartseq2,0.029263616,0.84
human3_lib1.final_cell_0714,beta,type B pancreatic cell,beta,beta,inDrop3,0.025206327,1.0
human2_lib3.final_cell_0362,alpha,pancreatic A cell,alpha,alpha,inDrop2,0.025074124,0.58
human3_lib4.final_cell_0711,alpha,pancreatic A cell,alpha,alpha,inDrop3,0.024015903,0.6
human1_lib3.final_cell_0291,ductal,native cell,ductal,other,inDrop1,0.039262056,0.76
human2_lib1.final_cell_0448,alpha,pancreatic A cell,alpha,alpha,inDrop2,0.020521402,0.94
D29-6_64,alpha,pancreatic A cell,alpha,alpha,celseq2,0.047798157,0.86
Sample_1064,alpha,pancreatic A cell,alpha,alpha,smarter,0.014720559,1.0
D28-7_86,endothelial,endothelial cell,endothelial,endothelial,celseq2,0.049528003,0.86
human3_lib1.final_cell_0784,quiescent_stellate,pericyte,stellate,other,inDrop3,0.07294023,0.42
human4_lib3.final_cell_0373,beta,type B pancreatic cell,beta,beta,inDrop4,0.024225712,0.74
human2_lib3.final_cell_0048,delta,type B pancreatic cell,delta,beta,inDrop2,0.024348974,0.86
human3_lib1.final_cell_0661,acinar,pancreatic acinar cell,acinar,acinar,inDrop3,0.00916028,1.0
human4_lib3.final_cell_0587,ductal,native cell,ductal,other,inDrop4,0.04226488,0.56
human3_lib4.final_cell_0382,alpha,pancreatic A cell,alpha,alpha,inDrop3,0.024083018,0.94
human3_lib2.final_cell_0415,alpha,pancreatic A cell,alpha,alpha,inDrop3,0.025080621,0.66
Sample_521,alpha,pancreatic A cell,alpha,alpha,smarter,0.021295786,0.96
D30-1_9,alpha,pancreatic A cell,alpha,alpha,celseq2,0.029868484,0.88
HP1526901T2D_M14,ductal,duct epithelial cell,ductal,other,smartseq2,0.07439333,0.2
Sample_519,alpha,pancreatic A cell,alpha,alpha,smarter,0.021995306,1.0
human3_lib4.final_cell_0329,beta,type B pancreatic cell,beta,beta,inDrop3,0.023008585,0.9
HP1502401_N15,alpha,pancreatic A cell,alpha,alpha,smartseq2,0.029302001,0.9
D17All1_47,ductal,native cell,ductal,other,celseq,0.06486738,0.62
human3_lib4.final_cell_0201,beta,type B pancreatic cell,beta,beta,inDrop3,0.022277594,0.96
human2_lib3.final_cell_0436,beta,enteroendocrine cell,beta,other,inDrop2,0.022552371,0.56
human3_lib3.final_cell_0472,alpha,pancreatic A cell,alpha,alpha,inDrop3,0.019165874,0.88
human3_lib1.final_cell_0690,alpha,pancreatic A cell,alpha,alpha,inDrop3,0.026002169,0.74
human4_lib3.final_cell_0688,beta,type B pancreatic cell,beta,beta,inDrop4,0.022609174,0.98
Sample_309,alpha,pancreatic A cell,alpha,alpha,smarter,0.017743707,0.86
human3_lib3.final_cell_0826,alpha,pancreatic A cell,alpha,alpha,inDrop3,0.020718694,0.94
human3_lib2.final_cell_0173,alpha,type B pancreatic cell,alpha,beta,inDrop3,0.025230408,0.44
HP1502401_B11,gamma,type B pancreatic cell,gamma,beta,smartseq2,0.03772372,0.44
human4_lib3.final_cell_0546,alpha,pancreatic A cell,alpha,alpha,inDrop4,0.024486959,0.86
D29-8_76,alpha,pancreatic A cell,alpha,alpha,celseq2,0.035157382,0.92
D31-5_50,alpha,pancreatic A cell,alpha,alpha,celseq2,0.030960202,0.88
D31-6_47,beta,type B pancreatic cell,beta,beta,celseq2,0.06949264,0.92
human3_lib1.final_cell_0854,beta,type B pancreatic cell,beta,beta,inDrop3,0.02246505,0.98
Sample_1556,gamma,enteroendocrine cell,gamma,other,smarter,0.024540186,0.48
human2_lib2.final_cell_0157,ductal,pancreatic ductal cell,ductal,ductal,inDrop2,0.042922914,0.88
D29-1_46,alpha,pancreatic A cell,alpha,alpha,celseq2,0.03199029,0.82
HP1504101T2D_L13,gamma,enteroendocrine cell,gamma,other,smartseq2,0.034421146,0.8
4th-C69_S42,alpha,pancreatic A cell,alpha,alpha,fluidigmc1,0.070269644,0.62
D29-1_12,gamma,enteroendocrine cell,gamma,other,celseq2,0.035585523,0.82
5th-C41_S113,ductal,hepatocyte,ductal,other,fluidigmc1,0.10515654,0.72
HP1507101_L13,alpha,pancreatic A cell,alpha,alpha,smartseq2,0.045511365,0.72
human1_lib3.final_cell_0633,beta,type B pancreatic cell,beta,beta,inDrop1,0.017273426,0.92
human2_lib2.final_cell_0366,beta,type B pancreatic cell,beta,beta,inDrop2,0.0304811,0.52
Sample_132,beta,type B pancreatic cell,beta,beta,smarter,0.03877616,0.66
human4_lib1.final_cell_0084,beta,type B pancreatic cell,beta,beta,inDrop4,0.02635777,0.7
Sample_1326,alpha,pancreatic A cell,alpha,alpha,smarter,0.018872619,0.94
human4_lib1.final_cell_0113,beta,type B pancreatic cell,beta,beta,inDrop4,0.023219585,0.66
D31-1_4,alpha,pancreatic A cell,alpha,alpha,celseq2,0.04363078,0.9
human4_lib3.final_cell_0313,beta,type B pancreatic cell,beta,beta,inDrop4,0.02683413,0.76
13th_C57_S171,beta,type B pancreatic cell,beta,beta,fluidigmc1,0.051158845,0.54
human3_lib2.final_cell_0671,acinar,pancreatic acinar cell,acinar,acinar,inDrop3,0.018531084,1.0
human2_lib3.final_cell_0408,gamma,enteroendocrine cell,gamma,other,inDrop2,0.026019394,0.92
D29-6_50,beta,type B pancreatic cell,beta,beta,celseq2,0.058875144,0.92
HP1504101T2D_L5,alpha,pancreatic A cell,alpha,alpha,smartseq2,0.022685647,0.88
human3_lib4.final_cell_0575,acinar,pancreatic acinar cell,acinar,acinar,inDrop3,0.009870529,1.0
human4_lib3.final_cell_0346,delta,type B pancreatic cell,delta,beta,inDrop4,0.028517842,0.76
HP1525301T2D_A13,ductal,pancreatic ductal cell,ductal,ductal,smartseq2,0.05464363,0.86
D31-2_27,beta,enteroendocrine cell,beta,other,celseq2,0.055442214,0.5
human3_lib2.final_cell_0274,ductal,native cell,ductal,other,inDrop3,0.044641316,0.58
human2_lib1.final_cell_0082,ductal,native cell,ductal,other,inDrop2,0.045571566,0.84
D17All1_31,ductal,native cell,ductal,other,celseq,0.049232244,0.76
AZ_D6,beta,pancreatic A cell,beta,alpha,smartseq2,0.070658565,0.46
human3_lib2.final_cell_0289,ductal,kidney connecting tubule epithelial cell,ductal,other,inDrop3,0.07718563,0.36
human3_lib4.final_cell_0045,alpha,pancreatic A cell,alpha,alpha,inDrop3,0.021638453,0.5
human1_lib2.final_cell_0399,alpha,pancreatic A cell,alpha,alpha,inDrop1,0.017144322,0.86
D29-6_82,alpha,pancreatic A cell,alpha,alpha,celseq2,0.046821833,0.9
D29-3_15,gamma,enteroendocrine cell,gamma,other,celseq2,0.039315104,0.8
D29-1_37,alpha,pancreatic A cell,alpha,alpha,celseq2,0.04044622,0.8
D29-4_5,alpha,pancreatic A cell,alpha,alpha,celseq2,0.038723588,0.92
Sample_1362,alpha,pancreatic A cell,alpha,alpha,smarter,0.016276836,0.98
human3_lib1.final_cell_0630,ductal,pancreatic ductal cell,ductal,ductal,inDrop3,0.06994593,0.74
HP1526901T2D_A3,alpha,pancreatic A cell,alpha,alpha,smartseq2,0.033295035,0.92
human1_lib1.final_cell_0432,quiescent_stellate,endothelial cell,stellate,endothelial,inDrop1,0.039320588,0.36
human4_lib1.final_cell_0043,alpha,pancreatic A cell,alpha,alpha,inDrop4,0.02225393,0.74
HP1504101T2D_I24,alpha,pancreatic A cell,alpha,alpha,smartseq2,0.041737556,0.8
D31-4_69,ductal,pancreatic ductal cell,ductal,ductal,celseq2,0.07213855,0.5
human3_lib2.final_cell_0373,endothelial,endothelial cell,endothelial,endothelial,inDrop3,0.027942419,0.86
D28-8_15,alpha,pancreatic A cell,alpha,alpha,celseq2,0.037307978,0.96
human2_lib3.final_cell_0399,gamma,enteroendocrine cell,gamma,other,inDrop2,0.025372624,0.64
human3_lib4.final_cell_0412,ductal,native cell,ductal,other,inDrop3,0.04079485,0.58
human3_lib2.final_cell_0794,activated_stellate,pancreatic stellate cell,stellate,stellate,inDrop3,0.029540896,0.96
human1_lib1.final_cell_0012,acinar,pancreatic acinar cell,acinar,acinar,inDrop1,0.013423622,1.0
human4_lib1.final_cell_0342,beta,type B pancreatic cell,beta,beta,inDrop4,0.027143538,0.92
human4_lib3.final_cell_0345,gamma,enteroendocrine cell,gamma,other,inDrop4,0.023028255,0.5
D17All2_61,delta,type B pancreatic cell,delta,beta,celseq,0.037204504,0.56
human2_lib1.final_cell_0033,alpha,pancreatic A cell,alpha,alpha,inDrop2,0.020326197,0.76
human4_lib1.final_cell_0042,beta,type B pancreatic cell,beta,beta,inDrop4,0.0280689,0.86
HP1504101T2D_N16,gamma,enteroendocrine cell,gamma,other,smartseq2,0.046594143,0.48
D31-2_5,delta,enteroendocrine cell,delta,other,celseq2,0.053605437,0.36
D30-4_30,activated_stellate,fibroblast,stellate,other,celseq2,0.07301313,1.0
D29-1_86,gamma,enteroendocrine cell,gamma,other,celseq2,0.04954648,0.8
human3_lib2.final_cell_0328,alpha,pancreatic A cell,alpha,alpha,inDrop3,0.027051628,0.74
HP1526901T2D_N16,delta,pancreatic D cell,delta,delta,smartseq2,0.06413704,0.64
human1_lib3.final_cell_0637,quiescent_stellate,endothelial cell,stellate,endothelial,inDrop1,0.03449738,0.42
human2_lib3.final_cell_0146,alpha,pancreatic A cell,alpha,alpha,inDrop2,0.02406472,0.68
human1_lib3.final_cell_0532,epsilon,enteroendocrine cell,epsilon,other,inDrop1,0.02562511,0.94
human3_lib3.final_cell_0385,acinar,pancreatic acinar cell,acinar,acinar,inDrop3,0.018914938,0.98
human3_lib3.final_cell_0364,beta,type B pancreatic cell,beta,beta,inDrop3,0.026330471,0.96
HP1507101_B4,alpha,pancreatic A cell,alpha,alpha,smartseq2,0.03234458,0.78
Sample_1284,alpha,pancreatic A cell,alpha,alpha,smarter,0.024841964,0.94
HP1507101_H17,beta,type B pancreatic cell,beta,beta,smartseq2,0.05592048,0.66
D73_5,ductal,pancreatic ductal cell,ductal,ductal,celseq,0.05093777,0.76
HP1509101_O9,alpha,pancreatic A cell,alpha,alpha,smartseq2,0.04488933,0.68
HP1507101_M12,alpha,pancreatic A cell,alpha,alpha,smartseq2,0.048900545,0.76
D73_85,beta,type B pancreatic cell,beta,beta,celseq,0.047629476,0.94
HP1506401_O4,ductal,native cell,ductal,other,smartseq2,0.05876732,0.56
human4_lib3.final_cell_0436,gamma,enteroendocrine cell,gamma,other,inDrop4,0.022069573,0.66
HP1508501T2D_P12,ductal,type B pancreatic cell,ductal,beta,smartseq2,0.091002464,0.3
Sample_736,beta,type B pancreatic cell,beta,beta,smarter,0.02528429,0.62
human3_lib3.final_cell_0628,ductal,type B pancreatic cell,ductal,beta,inDrop3,0.059643507,0.66
D28-6_4,acinar,pancreatic ductal cell,acinar,ductal,celseq2,0.057101548,0.6
HP1504901_J9,gamma,pancreatic A cell,gamma,alpha,smartseq2,0.043601453,0.4
human1_lib3.final_cell_0126,beta,type B pancreatic cell,beta,beta,inDrop1,0.0416888,0.92
human3_lib4.final_cell_0677,alpha,pancreatic A cell,alpha,alpha,inDrop3,0.017917693,0.96
Sample_170,beta,type B pancreatic cell,beta,beta,smarter,0.044728994,0.52
Sample_101,beta,type B pancreatic cell,beta,beta,smarter,0.025004923,0.92
human2_lib2.final_cell_0182,beta,type B pancreatic cell,beta,beta,inDrop2,0.029722571,0.8
D31-5_38,beta,type B pancreatic cell,beta,beta,celseq2,0.057447255,0.66
Sample_792,beta,type B pancreatic cell,beta,beta,smarter,0.038815975,0.68
HP1526901T2D_H24,beta,type B pancreatic cell,beta,beta,smartseq2,0.07449794,0.68
D31-8_16,gamma,enteroendocrine cell,gamma,other,celseq2,0.03744805,0.82
HP1509101_J8,alpha,pancreatic A cell,alpha,alpha,smartseq2,0.043154836,0.76
HP1525301T2D_K11,ductal,pancreatic ductal cell,ductal,ductal,smartseq2,0.062485278,0.7
human3_lib2.final_cell_0377,alpha,pancreatic A cell,alpha,alpha,inDrop3,0.022582114,0.9
human1_lib3.final_cell_0110,delta,type B pancreatic cell,delta,beta,inDrop1,0.026168823,0.52
HP1507101_A4,alpha,pancreatic A cell,alpha,alpha,smartseq2,0.038828254,0.76
D30-2_41,acinar,pancreatic A cell,acinar,alpha,celseq2,0.083714664,0.8
human2_lib1.final_cell_0388,beta,type B pancreatic cell,beta,beta,inDrop2,0.023822427,0.86
human4_lib1.final_cell_0447,activated_stellate,fibroblast,stellate,other,inDrop4,0.059717715,1.0
D29-5_55,beta,type B pancreatic cell,beta,beta,celseq2,0.064082146,0.64
human3_lib3.final_cell_0574,beta,type B pancreatic cell,beta,beta,inDrop3,0.029513538,0.94
HP1526901T2D_C24,delta,pancreatic D cell,delta,delta,smartseq2,0.05122149,0.6
D30-7_60,alpha,pancreatic A cell,alpha,alpha,celseq2,0.02728492,0.94
human1_lib3.final_cell_0185,alpha,pancreatic A cell,alpha,alpha,inDrop1,0.02121532,0.74
human1_lib3.final_cell_0279,ductal,native cell,ductal,other,inDrop1,0.039886832,0.76
D30-6_44,acinar,pancreatic A cell,acinar,alpha,celseq2,0.07643449,0.68
human2_lib2.final_cell_0056,beta,type B pancreatic cell,beta,beta,inDrop2,0.030271709,0.56
human3_lib2.final_cell_0249,beta,type B pancreatic cell,beta,beta,inDrop3,0.036023974,0.82
D73_86,delta,type B pancreatic cell,delta,beta,celseq,0.035464287,0.64
Sample_265,alpha,pancreatic A cell,alpha,alpha,smarter,0.02797699,0.96
human3_lib1.final_cell_0697,endothelial,endothelial cell,endothelial,endothelial,inDrop3,0.032443345,0.9
human2_lib1.final_cell_0414,gamma,enteroendocrine cell,gamma,other,inDrop2,0.022468686,0.84
Sample_1298,alpha,pancreatic A cell,alpha,alpha,smarter,0.018341064,0.94
human3_lib2.final_cell_0728,acinar,pancreatic acinar cell,acinar,acinar,inDrop3,0.011209965,1.0
human1_lib2.final_cell_0181,beta,type B pancreatic cell,beta,beta,inDrop1,0.021828651,0.94
human3_lib2.final_cell_0707,alpha,pancreatic A cell,alpha,alpha,inDrop3,0.03333831,0.36
human1_lib1.final_cell_0286,beta,type B pancreatic cell,beta,beta,inDrop1,0.023846626,0.92
Sample_1187,alpha,pancreatic A cell,alpha,alpha,smarter,0.020133376,0.94
human3_lib3.final_cell_0791,alpha,pancreatic A cell,alpha,alpha,inDrop3,0.0232867,0.66
human1_lib1.final_cell_0393,beta,type B pancreatic cell,beta,beta,inDrop1,0.018984258,0.96
human3_lib4.final_cell_0604,beta,type B pancreatic cell,beta,beta,inDrop3,0.0238024,1.0
human2_lib2.final_cell_0545,alpha,pancreatic A cell,alpha,alpha,inDrop2,0.024053454,0.8
human2_lib1.final_cell_0306,alpha,pancreatic A cell,alpha,alpha,inDrop2,0.021866083,0.86
human1_lib1.final_cell_0529,beta,type B pancreatic cell,beta,beta,inDrop1,0.02012819,1.0
D17TGFB_48,alpha,pancreatic A cell,alpha,alpha,celseq,0.027692556,0.9
human1_lib3.final_cell_0444,quiescent_stellate,smooth muscle cell,stellate,other,inDrop1,0.072451115,0.22
human1_lib2.final_cell_0370,delta,type B pancreatic cell,delta,beta,inDrop1,0.018693805,0.94
human4_lib1.final_cell_0579,macrophage,macrophage,macrophage,macrophage,inDrop4,0.035901606,0.68
human4_lib3.final_cell_0335,ductal,pancreatic acinar cell,ductal,acinar,inDrop4,0.020369768,1.0
human1_lib1.final_cell_0402,beta,type B pancreatic cell,beta,beta,inDrop1,0.03180468,1.0
HP1507101_H11,alpha,pancreatic A cell,alpha,alpha,smartseq2,0.034825087,0.8
D30-5_50,ductal,pancreatic ductal cell,ductal,ductal,celseq2,0.08067727,0.74
Sample_945,beta,type B pancreatic cell,beta,beta,smarter,0.039974928,0.5
human3_lib2.final_cell_0747,alpha,pancreatic A cell,alpha,alpha,inDrop3,0.024074495,0.6
human3_lib3.final_cell_0763,alpha,pancreatic A cell,alpha,alpha,inDrop3,0.02125585,0.74
human3_lib3.final_cell_0014,acinar,pancreatic acinar cell,acinar,acinar,inDrop3,0.011896968,1.0
human3_lib3.final_cell_0610,acinar,pancreatic acinar cell,acinar,acinar,inDrop3,0.00812161,1.0
D31-4_93,acinar,pancreatic acinar cell,acinar,acinar,celseq2,0.042197645,0.96
D28-2_26,ductal,pancreatic ductal cell,ductal,ductal,celseq2,0.0560894,0.82
HP1504901_N2,alpha,pancreatic A cell,alpha,alpha,smartseq2,0.043510437,0.88
D3en4_64,ductal,pancreatic ductal cell,ductal,ductal,celseq,0.046972036,0.68
human3_lib3.final_cell_0297,beta,type B pancreatic cell,beta,beta,inDrop3,0.024110794,0.9
Sample_1572,gamma,enteroendocrine cell,gamma,other,smarter,0.026500225,0.84
D30-8_11,alpha,pancreatic A cell,alpha,alpha,celseq2,0.049099326,0.9
human3_lib4.final_cell_0825,ductal,pancreatic ductal cell,ductal,ductal,inDrop3,0.06719673,0.76
D29-1_15,gamma,enteroendocrine cell,gamma,other,celseq2,0.038595617,0.56
human2_lib3.final_cell_0076,macrophage,macrophage,macrophage,macrophage,inDrop2,0.035621047,0.48
D17TGFB_42,alpha,pancreatic A cell,alpha,alpha,celseq,0.03388524,0.84
human4_lib3.final_cell_0663,beta,type B pancreatic cell,beta,beta,inDrop4,0.027590036,0.64
D31-1_66,alpha,pancreatic A cell,alpha,alpha,celseq2,0.0648554,0.9
human1_lib3.final_cell_0590,endothelial,endothelial cell,endothelial,endothelial,inDrop1,0.02839911,0.64
human3_lib3.final_cell_0878,beta,type B pancreatic cell,beta,beta,inDrop3,0.019643307,1.0
human3_lib4.final_cell_0100,ductal,pancreatic ductal cell,ductal,ductal,inDrop3,0.059148908,0.5
HP1525301T2D_G9,ductal,pancreatic ductal cell,ductal,ductal,smartseq2,0.068909526,0.76
human3_lib1.final_cell_0580,acinar,pancreatic acinar cell,acinar,acinar,inDrop3,0.014760077,1.0
D28-5_51,activated_stellate,fibroblast,stellate,other,celseq2,0.05058241,0.64
human3_lib3.final_cell_0069,acinar,pancreatic acinar cell,acinar,acinar,inDrop3,0.0057098866,1.0
human3_lib3.final_cell_0623,alpha,pancreatic A cell,alpha,alpha,inDrop3,0.018855035,0.78
D17All1_64,alpha,pancreatic A cell,alpha,alpha,celseq,0.02467835,0.7
human2_lib1.final_cell_0317,ductal,native cell,ductal,other,inDrop2,0.04404193,0.72
human2_lib1.final_cell_0419,alpha,pancreatic A cell,alpha,alpha,inDrop2,0.024783254,0.82
human1_lib3.final_cell_0114,delta,type B pancreatic cell,delta,beta,inDrop1,0.026611567,0.52
human4_lib3.final_cell_0556,ductal,native cell,ductal,other,inDrop4,0.049520016,0.74
D28-2_16,ductal,pancreatic ductal cell,ductal,ductal,celseq2,0.05498612,0.84
human4_lib3.final_cell_0004,beta,type B pancreatic cell,beta,beta,inDrop4,0.029219508,0.82
HP1508501T2D_H13,ductal,pancreatic ductal cell,ductal,ductal,smartseq2,0.06595409,0.46
9th-C61_S25,ductal,cholangiocyte,ductal,other,fluidigmc1,0.08632201,0.5
Sample_742,beta,type B pancreatic cell,beta,beta,smarter,0.03496486,0.68
human4_lib1.final_cell_0137,ductal,native cell,ductal,other,inDrop4,0.036541224,0.86
human1_lib1.final_cell_0085,activated_stellate,pancreatic stellate cell,stellate,stellate,inDrop1,0.033671856,0.98
D28-7_52,acinar,pancreatic acinar cell,acinar,acinar,celseq2,0.046257734,0.88
human1_lib1.final_cell_0324,alpha,pancreatic A cell,alpha,alpha,inDrop1,0.01538682,0.8
D30-5_63,alpha,pancreatic A cell,alpha,alpha,celseq2,0.043342948,0.88
human3_lib1.final_cell_0610,beta,type B pancreatic cell,beta,beta,inDrop3,0.0198856,0.9
D31-7_6,alpha,pancreatic A cell,alpha,alpha,celseq2,0.032212794,0.92
D29-5_69,beta,type B pancreatic cell,beta,beta,celseq2,0.06671059,0.8
D30-4_42,ductal,kidney connecting tubule epithelial cell,ductal,other,celseq2,0.083483994,0.56
D30-3_43,delta,pancreatic D cell,delta,delta,celseq2,0.066025734,0.52
human1_lib2.final_cell_0573,beta,type B pancreatic cell,beta,beta,inDrop1,0.035419166,0.86
human1_lib1.final_cell_0455,quiescent_stellate,endothelial cell,stellate,endothelial,inDrop1,0.041649878,0.46
human1_lib3.final_cell_0255,activated_stellate,pancreatic stellate cell,stellate,stellate,inDrop1,0.0338763,0.96
human3_lib1.final_cell_0578,ductal,pancreatic ductal cell,ductal,ductal,inDrop3,0.04494828,0.72
HP1504101T2D_M10,alpha,pancreatic A cell,alpha,alpha,smartseq2,0.03803134,0.8
human3_lib3.final_cell_0483,acinar,endothelial cell,acinar,endothelial,inDrop3,0.044149578,0.72
human1_lib3.final_cell_0730,beta,type B pancreatic cell,beta,beta,inDrop1,0.022180617,0.98
human1_lib3.final_cell_0514,alpha,pancreatic A cell,alpha,alpha,inDrop1,0.024669766,0.6
human1_lib3.final_cell_0347,beta,type B pancreatic cell,beta,beta,inDrop1,0.025239646,0.84
human2_lib2.final_cell_0472,gamma,enteroendocrine cell,gamma,other,inDrop2,0.025385141,0.72
D73_65,ductal,native cell,ductal,other,celseq,0.03997916,0.76
D31-6_94,alpha,pancreatic A cell,alpha,alpha,celseq2,0.043578863,0.88
D172444_26,alpha,pancreatic A cell,alpha,alpha,celseq,0.027489007,0.98
D28-3_41,beta,enteroendocrine cell,beta,other,celseq2,0.07199955,0.44
human3_lib3.final_cell_0079,acinar,pancreatic acinar cell,acinar,acinar,inDrop3,0.023410976,1.0
human4_lib3.final_cell_0627,beta,type B pancreatic cell,beta,beta,inDrop4,0.026666462,0.82
HP1507101_L8,macrophage,inflammatory macrophage,macrophage,other,smartseq2,0.043547332,0.5
human4_lib3.final_cell_0687,beta,type B pancreatic cell,beta,beta,inDrop4,0.018460155,1.0
human3_lib1.final_cell_0682,activated_stellate,pancreatic stellate cell,stellate,stellate,inDrop3,0.027322054,0.88
human1_lib1.final_cell_0213,beta,type B pancreatic cell,beta,beta,inDrop1,0.021449268,0.94
human1_lib3.final_cell_0190,alpha,pancreatic A cell,alpha,alpha,inDrop1,0.051851988,0.5
HP1507101_I18,beta,type B pancreatic cell,beta,beta,smartseq2,0.07077181,0.92
human3_lib2.final_cell_0660,activated_stellate,pancreatic stellate cell,stellate,stellate,inDrop3,0.033700824,0.94
human4_lib1.final_cell_0509,beta,type B pancreatic cell,beta,beta,inDrop4,0.021963596,0.7
D31-8_13,beta,type B pancreatic cell,beta,beta,celseq2,0.062990785,0.9
human1_lib1.final_cell_0476,gamma,enteroendocrine cell,gamma,other,inDrop1,0.021833956,0.48
human1_lib1.final_cell_0485,quiescent_stellate,endothelial cell,stellate,endothelial,inDrop1,0.04077351,0.38
HP1525301T2D_E11,ductal,pancreatic ductal cell,ductal,ductal,smartseq2,0.072942555,0.98
human2_lib2.final_cell_0565,quiescent_stellate,pericyte,stellate,other,inDrop2,0.043685555,0.36
human3_lib3.final_cell_0074,acinar,pancreatic acinar cell,acinar,acinar,inDrop3,0.011076808,1.0
D73_3,alpha,pancreatic A cell,alpha,alpha,celseq,0.021598816,0.84
Sample_111,beta,type B pancreatic cell,beta,beta,smarter,0.032493234,0.84
D31-8_37,ductal,pancreatic ductal cell,ductal,ductal,celseq2,0.055616677,0.62
D29-7_49,acinar,pancreatic acinar cell,acinar,acinar,celseq2,0.07397485,0.7
Sample_744,beta,type B pancreatic cell,beta,beta,smarter,0.03562504,0.72
Sample_934,beta,pancreatic A cell,beta,alpha,smarter,0.04472965,0.46
D30-5_67,alpha,pancreatic A cell,alpha,alpha,celseq2,0.039464355,0.84
human1_lib2.final_cell_0180,beta,type B pancreatic cell,beta,beta,inDrop1,0.025902629,0.96
human2_lib2.final_cell_0278,beta,type B pancreatic cell,beta,beta,inDrop2,0.026508331,0.68
human3_lib3.final_cell_0816,endothelial,endothelial cell,endothelial,endothelial,inDrop3,0.024187148,0.64
D31-6_64,alpha,pancreatic A cell,alpha,alpha,celseq2,0.03203082,0.62
human1_lib3.final_cell_0667,beta,type B pancreatic cell,beta,beta,inDrop1,0.028002143,0.96
human3_lib1.final_cell_0791,beta,type B pancreatic cell,beta,beta,inDrop3,0.017503917,0.98
D31-7_84,beta,type B pancreatic cell,beta,beta,celseq2,0.062125564,0.84
HP1509101_B24,ductal,native cell,ductal,other,smartseq2,0.06196499,0.5
human2_lib1.final_cell_0185,gamma,enteroendocrine cell,gamma,other,inDrop2,0.025978982,0.96
human1_lib2.final_cell_0080,beta,type B pancreatic cell,beta,beta,inDrop1,0.016520739,0.92
human4_lib3.final_cell_0697,activated_stellate,fibroblast,stellate,other,inDrop4,0.029603899,0.36
D31-6_54,alpha,pancreatic A cell,alpha,alpha,celseq2,0.029676497,0.92
Sample_690,beta,type B pancreatic cell,beta,beta,smarter,0.023445785,0.96
human2_lib2.final_cell_0506,alpha,pancreatic A cell,alpha,alpha,inDrop2,0.021974206,0.84
human3_lib3.final_cell_0210,beta,type B pancreatic cell,beta,beta,inDrop3,0.02380997,0.88
human2_lib3.final_cell_0064,ductal,pancreatic acinar cell,ductal,acinar,inDrop2,0.04597193,0.64
human3_lib1.final_cell_0793,ductal,pancreatic ductal cell,ductal,ductal,inDrop3,0.05753851,0.56
D17All1_83,beta,type B pancreatic cell,beta,beta,celseq,0.045530975,0.96
human3_lib1.final_cell_0137,beta,type B pancreatic cell,beta,beta,inDrop3,0.029132009,0.92
D172444_88,alpha,pancreatic A cell,alpha,alpha,celseq,0.022012234,0.84
Sample_778,beta,type B pancreatic cell,beta,beta,smarter,0.020959795,0.96
human3_lib1.final_cell_0191,alpha,pancreatic A cell,alpha,alpha,inDrop3,0.024403155,0.7
human3_lib4.final_cell_0280,alpha,enteroendocrine cell,alpha,other,inDrop3,0.023969889,0.42
human2_lib1.final_cell_0283,endothelial,endothelial cell,endothelial,endothelial,inDrop2,0.039587855,0.86
D17All1_2,gamma,enteroendocrine cell,gamma,other,celseq,0.03200513,0.88
human1_lib3.final_cell_0450,acinar,pancreatic acinar cell,acinar,acinar,inDrop1,0.0097510815,1.0
human3_lib2.final_cell_0647,endothelial,endothelial cell,endothelial,endothelial,inDrop3,0.037413,0.78
HP1504101T2D_F1,acinar,pancreatic ductal cell,acinar,ductal,smartseq2,0.06631839,0.76
D29-2_48,alpha,pancreatic A cell,alpha,alpha,celseq2,0.04927671,0.78
human1_lib1.final_cell_0309,epsilon,enteroendocrine cell,epsilon,other,inDrop1,0.028274596,0.9
D72_75,delta,type B pancreatic cell,delta,beta,celseq,0.0258165,0.92
HP1502401_D12,delta,pancreatic D cell,delta,delta,smartseq2,0.0316419,0.62
HP1504101T2D_M3,gamma,enteroendocrine cell,gamma,other,smartseq2,0.04406476,0.98
human2_lib1.final_cell_0313,ductal,pancreatic acinar cell,ductal,acinar,inDrop2,0.02171278,0.98
Sample_1456,alpha,pancreatic A cell,alpha,alpha,smarter,0.02218169,0.82
13th_C76_S216,alpha,pancreatic A cell,alpha,alpha,fluidigmc1,0.05274105,0.94
human4_lib3.final_cell_0352,beta,type B pancreatic cell,beta,beta,inDrop4,0.040705085,0.8
human3_lib2.final_cell_0096,acinar,pancreatic acinar cell,acinar,acinar,inDrop3,0.016896605,1.0
human3_lib2.final_cell_0439,beta,type B pancreatic cell,beta,beta,inDrop3,0.027427554,0.96
human1_lib2.final_cell_0171,beta,type B pancreatic cell,beta,beta,inDrop1,0.022902131,0.82
HP1504101T2D_K20,alpha,pancreatic A cell,alpha,alpha,smartseq2,0.033320308,0.82
human1_lib1.final_cell_0131,alpha,pancreatic A cell,alpha,alpha,inDrop1,0.02305609,0.82
human3_lib3.final_cell_0181,beta,type B pancreatic cell,beta,beta,inDrop3,0.02874875,0.84
human2_lib3.final_cell_0033,delta,type B pancreatic cell,delta,beta,inDrop2,0.029317796,0.88
12th-C81_S207,alpha,pancreatic A cell,alpha,alpha,fluidigmc1,0.03405845,0.98
human3_lib4.final_cell_0603,endothelial,endothelial cell,endothelial,endothelial,inDrop3,0.05425632,0.78
D3en4_39,acinar,pancreatic acinar cell,acinar,acinar,celseq,0.02083379,0.92
HP1507101_L3,alpha,pancreatic A cell,alpha,alpha,smartseq2,0.039013326,0.78
human4_lib1.final_cell_0290,beta,type B pancreatic cell,beta,beta,inDrop4,0.02823621,0.68
human4_lib3.final_cell_0059,activated_stellate,fibroblast,stellate,other,inDrop4,0.04320109,0.5
D17All1_54,delta,type B pancreatic cell,delta,beta,celseq,0.044668198,0.6
human3_lib1.final_cell_0624,alpha,pancreatic A cell,alpha,alpha,inDrop3,0.021223009,0.72
human2_lib2.final_cell_0051,alpha,pancreatic A cell,alpha,alpha,inDrop2,0.021015048,0.74
human3_lib3.final_cell_0304,beta,type B pancreatic cell,beta,beta,inDrop3,0.026597202,0.92
HP1525301T2D_I15,ductal,cholangiocyte,ductal,other,smartseq2,0.04577756,0.78
human3_lib3.final_cell_0598,alpha,pancreatic A cell,alpha,alpha,inDrop3,0.01967597,0.7
D30-1_71,alpha,pancreatic A cell,alpha,alpha,celseq2,0.027049422,0.98
human2_lib2.final_cell_0142,beta,type B pancreatic cell,beta,beta,inDrop2,0.02418089,0.92
human3_lib4.final_cell_0814,beta,type B pancreatic cell,beta,beta,inDrop3,0.02098465,0.96
Sample_997,alpha,pancreatic A cell,alpha,alpha,smarter,0.021825314,0.84
human1_lib1.final_cell_0181,beta,type B pancreatic cell,beta,beta,inDrop1,0.019657731,0.9
Sample_315,alpha,pancreatic A cell,alpha,alpha,smarter,0.0247159,0.8
human3_lib1.final_cell_0114,delta,type B pancreatic cell,delta,beta,inDrop3,0.020620704,0.82
human3_lib2.final_cell_0255,alpha,pancreatic A cell,alpha,alpha,inDrop3,0.02254641,0.72
11th-C62_S33,alpha,pancreatic A cell,alpha,alpha,fluidigmc1,0.045835555,0.98
human3_lib4.final_cell_0273,alpha,pancreatic A cell,alpha,alpha,inDrop3,0.018262148,0.74
HP1526901T2D_A8,alpha,pancreatic A cell,alpha,alpha,smartseq2,0.042728066,0.88
HP1502401_D7,beta,type B pancreatic cell,beta,beta,smartseq2,0.029479384,0.9
D29-7_41,beta,type B pancreatic cell,beta,beta,celseq2,0.056588292,0.6
human1_lib1.final_cell_0140,delta,type B pancreatic cell,delta,beta,inDrop1,0.019866228,0.88
D17All2_80,alpha,pancreatic A cell,alpha,alpha,celseq,0.062381864,0.46
human2_lib1.final_cell_0158,alpha,pancreatic A cell,alpha,alpha,inDrop2,0.026909947,0.8
HP1525301T2D_E1,alpha,pancreatic A cell,alpha,alpha,smartseq2,0.026713908,0.94
human2_lib1.final_cell_0172,alpha,pancreatic A cell,alpha,alpha,inDrop2,0.025972843,0.86
D28-4_40,acinar,pancreatic ductal cell,acinar,ductal,celseq2,0.06900847,0.46
human3_lib4.final_cell_0435,delta,type B pancreatic cell,delta,beta,inDrop3,0.0214504,0.88
human3_lib3.final_cell_0345,delta,type B pancreatic cell,delta,beta,inDrop3,0.019821048,0.64
D31-5_1,acinar,pancreatic acinar cell,acinar,acinar,celseq2,0.056944966,0.94
Sample_1334,alpha,pancreatic A cell,alpha,alpha,smarter,0.019259036,0.98
HP1508501T2D_G4,alpha,pancreatic A cell,alpha,alpha,smartseq2,0.034805894,0.76
3rd-C82_S11,beta,pancreatic A cell,beta,alpha,fluidigmc1,0.083058715,0.62
Sample_225,alpha,pancreatic A cell,alpha,alpha,smarter,0.022123039,0.98
D31-4_23,alpha,pancreatic A cell,alpha,alpha,celseq2,0.042283416,0.82
human4_lib1.final_cell_0420,ductal,pancreatic ductal cell,ductal,ductal,inDrop4,0.039060593,0.46
human1_lib2.final_cell_0426,alpha,pancreatic A cell,alpha,alpha,inDrop1,0.014792502,0.8
human3_lib4.final_cell_0549,acinar,pancreatic acinar cell,acinar,acinar,inDrop3,0.02643907,0.86
D30-8_77,alpha,pancreatic A cell,alpha,alpha,celseq2,0.04890144,0.88
HP1507101_B3,alpha,pancreatic A cell,alpha,alpha,smartseq2,0.03867203,0.76
human2_lib1.final_cell_0010,ductal,pancreatic ductal cell,ductal,ductal,inDrop2,0.0398978,0.84
human2_lib2.final_cell_0471,alpha,pancreatic A cell,alpha,alpha,inDrop2,0.027636707,0.86
human2_lib3.final_cell_0411,alpha,pancreatic A cell,alpha,alpha,inDrop2,0.019990802,0.84
human2_lib1.final_cell_0464,alpha,pancreatic A cell,alpha,alpha,inDrop2,0.021075726,0.9
human1_lib1.final_cell_0158,beta,type B pancreatic cell,beta,beta,inDrop1,0.026704311,0.84
human3_lib1.final_cell_0729,alpha,pancreatic A cell,alpha,alpha,inDrop3,0.018486738,0.82
human1_lib1.final_cell_0431,gamma,enteroendocrine cell,gamma,other,inDrop1,0.018497348,0.62
7th-C73_S47,beta,type B pancreatic cell,beta,beta,fluidigmc1,0.07330781,0.46
HP1526901T2D_L4,beta,type B pancreatic cell,beta,beta,smartseq2,0.076993585,0.86
human2_lib1.final_cell_0143,activated_stellate,pancreatic stellate cell,stellate,stellate,inDrop2,0.038645625,0.4
human3_lib4.final_cell_0294,alpha,pancreatic A cell,alpha,alpha,inDrop3,0.019438148,0.76
human2_lib2.final_cell_0195,beta,type B pancreatic cell,beta,beta,inDrop2,0.026939511,0.6
human1_lib1.final_cell_0109,acinar,pancreatic acinar cell,acinar,acinar,inDrop1,0.02386403,1.0
D17All1_41,ductal,pancreatic ductal cell,ductal,ductal,celseq,0.07251525,0.58
human4_lib1.final_cell_0551,beta,type B pancreatic cell,beta,beta,inDrop4,0.0226475,0.98
human3_lib4.final_cell_0723,beta,type B pancreatic cell,beta,beta,inDrop3,0.026239991,0.88
HP1509101_L24,alpha,pancreatic A cell,alpha,alpha,smartseq2,0.037848413,0.68
HP1525301T2D_P8,alpha,pancreatic A cell,alpha,alpha,smartseq2,0.03867656,0.8
human3_lib4.final_cell_0159,beta,type B pancreatic cell,beta,beta,inDrop3,0.021135688,0.86
D1713_68,acinar,native cell,acinar,other,celseq,0.05769825,0.4
6th-C29_S50,beta,type B pancreatic cell,beta,beta,fluidigmc1,0.068307996,0.5
human3_lib1.final_cell_0282,acinar,pancreatic acinar cell,acinar,acinar,inDrop3,0.022538602,1.0
human1_lib1.final_cell_0447,beta,type B pancreatic cell,beta,beta,inDrop1,0.037570298,0.9
11th-C22_S65,beta,type B pancreatic cell,beta,beta,fluidigmc1,0.039610744,0.66
D30-7_92,alpha,pancreatic A cell,alpha,alpha,celseq2,0.052583456,0.82
Sample_1332,alpha,pancreatic A cell,alpha,alpha,smarter,0.019482851,1.0
HP1526901T2D_K2,alpha,pancreatic A cell,alpha,alpha,smartseq2,0.04311943,0.9
human2_lib1.final_cell_0293,beta,type B pancreatic cell,beta,beta,inDrop2,0.02377981,0.86
human3_lib3.final_cell_0778,beta,type B pancreatic cell,beta,beta,inDrop3,0.022167563,0.98
D31-6_42,beta,type B pancreatic cell,beta,beta,celseq2,0.06384653,0.9
human1_lib1.final_cell_0537,endothelial,endothelial cell,endothelial,endothelial,inDrop1,0.019883573,0.5
HP1526901T2D_O22,alpha,pancreatic A cell,alpha,alpha,smartseq2,0.044555068,0.84
human2_lib2.final_cell_0176,alpha,pancreatic A cell,alpha,alpha,inDrop2,0.03181547,0.72
human1_lib3.final_cell_0378,beta,type B pancreatic cell,beta,beta,inDrop1,0.020616949,0.92
human1_lib2.final_cell_0295,beta,type B pancreatic cell,beta,beta,inDrop1,0.029866517,0.98
Sample_628,gamma,type B pancreatic cell,gamma,beta,smarter,0.0223881,0.34
D74_15,ductal,pancreatic A cell,ductal,alpha,celseq,0.11438292,0.6
HP1504901_F19,alpha,pancreatic A cell,alpha,alpha,smartseq2,0.041442692,0.94
HP1507101_H21,alpha,pancreatic A cell,alpha,alpha,smartseq2,0.051434398,0.98
Sample_548,alpha,pancreatic A cell,alpha,alpha,smarter,0.019305587,0.96
human3_lib1.final_cell_0603,acinar,pancreatic acinar cell,acinar,acinar,inDrop3,0.010780156,1.0
Sample_933,beta,type B pancreatic cell,beta,beta,smarter,0.042441368,0.42
human1_lib3.final_cell_0100,alpha,pancreatic A cell,alpha,alpha,inDrop1,0.019500256,0.74
Sample_790,beta,type B pancreatic cell,beta,beta,smarter,0.044771194,0.44
6th-C21_S33,alpha,pancreatic A cell,alpha,alpha,fluidigmc1,0.05840695,0.92
human4_lib3.final_cell_0563,alpha,pancreatic A cell,alpha,alpha,inDrop4,0.018612504,0.88
D29-4_92,beta,type B pancreatic cell,beta,beta,celseq2,0.0697968,0.68
human3_lib1.final_cell_0396,beta,type B pancreatic cell,beta,beta,inDrop3,0.025971591,0.9
D31-5_82,activated_stellate,fibroblast,stellate,other,celseq2,0.040058017,0.56
human1_lib1.final_cell_0111,beta,type B pancreatic cell,beta,beta,inDrop1,0.019450366,0.92
12th-C28_S142,alpha,pancreatic A cell,alpha,alpha,fluidigmc1,0.028805614,0.96
human1_lib1.final_cell_0027,beta,type B pancreatic cell,beta,beta,inDrop1,0.020483255,0.66
3rd-C1_S39,delta,pancreatic D cell,delta,delta,fluidigmc1,0.039115727,0.68
human3_lib3.final_cell_0534,beta,type B pancreatic cell,beta,beta,inDrop3,0.022697031,0.94
HP1504901_D22,alpha,pancreatic A cell,alpha,alpha,smartseq2,0.050311208,0.92
Sample_260,alpha,pancreatic A cell,alpha,alpha,smarter,0.024452388,0.92
human3_lib2.final_cell_0354,beta,type B pancreatic cell,beta,beta,inDrop3,0.022811234,0.8
human2_lib2.final_cell_0092,alpha,pancreatic A cell,alpha,alpha,inDrop2,0.029475868,0.78
HP1502401_H6,delta,pancreatic D cell,delta,delta,smartseq2,0.035424888,0.72
D17All2_90,beta,type B pancreatic cell,beta,beta,celseq,0.0332157,0.98
D30-8_68,beta,type B pancreatic cell,beta,beta,celseq2,0.066584945,0.54
human3_lib3.final_cell_0165,beta,type B pancreatic cell,beta,beta,inDrop3,0.026438594,0.92
HP1507101_D8,alpha,pancreatic A cell,alpha,alpha,smartseq2,0.033967555,0.84
D31-5_49,alpha,pancreatic A cell,alpha,alpha,celseq2,0.038282216,0.88
human3_lib1.final_cell_0250,alpha,pancreatic A cell,alpha,alpha,inDrop3,0.029522419,0.54
HP1504101T2D_J14,delta,pancreatic D cell,delta,delta,smartseq2,0.031927228,0.6
D3en2_6,acinar,pancreatic acinar cell,acinar,acinar,celseq,0.019819796,0.98
HP1504101T2D_C21,gamma,enteroendocrine cell,gamma,other,smartseq2,0.047017455,0.94
human4_lib1.final_cell_0488,gamma,enteroendocrine cell,gamma,other,inDrop4,0.019619226,0.6
human4_lib1.final_cell_0477,alpha,pancreatic A cell,alpha,alpha,inDrop4,0.018348813,0.88
Sample_1167,alpha,pancreatic A cell,alpha,alpha,smarter,0.022583246,0.98
human4_lib3.final_cell_0375,alpha,pancreatic A cell,alpha,alpha,inDrop4,0.01700139,0.86
human4_lib1.final_cell_0394,alpha,pancreatic A cell,alpha,alpha,inDrop4,0.016929626,0.82
D10631_88,ductal,epithelial cell of proximal tubule,ductal,other,celseq,0.1219219,0.82
human2_lib1.final_cell_0532,beta,type B pancreatic cell,beta,beta,inDrop2,0.025378108,0.82
HP1507101_J2,alpha,pancreatic A cell,alpha,alpha,smartseq2,0.04735458,0.74
HP1509101_C12,alpha,pancreatic A cell,alpha,alpha,smartseq2,0.019790292,0.82
Sample_451,alpha,pancreatic A cell,alpha,alpha,smarter,0.018755317,1.0
HP1504101T2D_I17,alpha,pancreatic A cell,alpha,alpha,smartseq2,0.032382607,0.8
human1_lib3.final_cell_0027,beta,type B pancreatic cell,beta,beta,inDrop1,0.02399993,0.92
human2_lib3.final_cell_0201,alpha,pancreatic A cell,alpha,alpha,inDrop2,0.01944536,0.84
human4_lib1.final_cell_0458,gamma,enteroendocrine cell,gamma,other,inDrop4,0.023206353,0.54
human3_lib4.final_cell_0873,ductal,cholangiocyte,ductal,other,inDrop3,0.034400642,0.34
human3_lib4.final_cell_0436,alpha,pancreatic A cell,alpha,alpha,inDrop3,0.060168028,0.94
D30-1_89,beta,type B pancreatic cell,beta,beta,celseq2,0.053432405,0.7
HP1502401_D13,beta,type B pancreatic cell,beta,beta,smartseq2,0.053617,0.8
human1_lib3.final_cell_0292,delta,type B pancreatic cell,delta,beta,inDrop1,0.020421326,0.88
HP1525301T2D_E13,alpha,pancreatic A cell,alpha,alpha,smartseq2,0.036141336,0.9
human3_lib1.final_cell_0527,alpha,pancreatic A cell,alpha,alpha,inDrop3,0.018351912,0.96
human1_lib1.final_cell_0033,delta,type B pancreatic cell,delta,beta,inDrop1,0.017835379,0.78
human1_lib3.final_cell_0417,quiescent_stellate,pancreatic stellate cell,stellate,stellate,inDrop1,0.033608913,0.7
human3_lib2.final_cell_0342,beta,type B pancreatic cell,beta,beta,inDrop3,0.022775173,0.76
D172444_52,alpha,pancreatic A cell,alpha,alpha,celseq,0.024341047,0.82
8th-C2_S85,beta,type B pancreatic cell,beta,beta,fluidigmc1,0.08959985,0.48
human1_lib1.final_cell_0387,beta,type B pancreatic cell,beta,beta,inDrop1,0.01987362,0.98
human3_lib4.final_cell_0111,acinar,pancreatic acinar cell,acinar,acinar,inDrop3,0.019895196,1.0
human1_lib3.final_cell_0653,beta,type B pancreatic cell,beta,beta,inDrop1,0.01960814,0.98
human4_lib3.final_cell_0408,alpha,pancreatic A cell,alpha,alpha,inDrop4,0.020827949,0.84
Sample_358,alpha,pancreatic A cell,alpha,alpha,smarter,0.016519427,0.72
HP1508501T2D_G13,ductal,pancreatic ductal cell,ductal,ductal,smartseq2,0.05578339,0.46
human3_lib3.final_cell_0832,beta,type B pancreatic cell,beta,beta,inDrop3,0.02043891,0.68
human2_lib3.final_cell_0543,beta,type B pancreatic cell,beta,beta,inDrop2,0.02144587,0.92
D17All2_16,alpha,pancreatic A cell,alpha,alpha,celseq,0.024622917,0.8
D30-2_57,beta,type B pancreatic cell,beta,beta,celseq2,0.06572521,0.44
HP1509101_N21,beta,type B pancreatic cell,beta,beta,smartseq2,0.043360114,0.64
human1_lib2.final_cell_0602,beta,type B pancreatic cell,beta,beta,inDrop1,0.021171153,0.98
human3_lib4.final_cell_0304,alpha,pancreatic A cell,alpha,alpha,inDrop3,0.023154616,0.8
human4_lib1.final_cell_0513,beta,enteroendocrine cell,beta,other,inDrop4,0.018600166,1.0
human4_lib1.final_cell_0500,beta,type B pancreatic cell,beta,beta,inDrop4,0.023905635,0.92
human4_lib1.final_cell_0177,beta,type B pancreatic cell,beta,beta,inDrop4,0.026906729,0.9
human3_lib3.final_cell_0503,beta,type B pancreatic cell,beta,beta,inDrop3,0.028289378,0.82
D28-6_41,acinar,pancreatic ductal cell,acinar,ductal,celseq2,0.0741868,0.94
Sample_498,alpha,pancreatic A cell,alpha,alpha,smarter,0.024632692,0.9
human3_lib2.final_cell_0714,alpha,pancreatic A cell,alpha,alpha,inDrop3,0.024219751,0.74
HP1509101_P15,beta,pancreatic A cell,beta,alpha,smartseq2,0.051440835,0.42
human3_lib2.final_cell_0004,acinar,pancreatic acinar cell,acinar,acinar,inDrop3,0.013921499,1.0
human1_lib3.final_cell_0207,beta,type B pancreatic cell,beta,beta,inDrop1,0.019481063,0.86
Sample_571,alpha,pancreatic A cell,alpha,alpha,smarter,0.023290992,0.86
human2_lib1.final_cell_0264,alpha,pancreatic A cell,alpha,alpha,inDrop2,0.022756696,0.86
HP1507101_A6,beta,enteroendocrine cell,beta,other,smartseq2,0.055830956,0.38
human3_lib4.final_cell_0126,acinar,pancreatic acinar cell,acinar,acinar,inDrop3,0.022564411,0.96
HP1509101_C1,beta,type B pancreatic cell,beta,beta,smartseq2,0.058730662,0.42
D73_84,ductal,pancreatic ductal cell,ductal,ductal,celseq,0.064462066,0.9
HP1526901T2D_P4,beta,type B pancreatic cell,beta,beta,smartseq2,0.072383225,0.7
10th_C50_S73,alpha,pancreatic A cell,alpha,alpha,fluidigmc1,0.022883058,0.96
human3_lib1.final_cell_0368,alpha,pancreatic A cell,alpha,alpha,inDrop3,0.023902714,0.62
HP1506401_B24,ductal,pancreatic ductal cell,ductal,ductal,smartseq2,0.08164334,0.74
D28-5_65,alpha,pancreatic A cell,alpha,alpha,celseq2,0.045917332,0.94
human2_lib3.final_cell_0358,gamma,enteroendocrine cell,gamma,other,inDrop2,0.018607736,0.58
human3_lib4.final_cell_0345,acinar,pancreatic acinar cell,acinar,acinar,inDrop3,0.01564145,0.94
Sample_497,alpha,pancreatic A cell,alpha,alpha,smarter,0.018988848,0.9
human2_lib2.final_cell_0194,alpha,pancreatic A cell,alpha,alpha,inDrop2,0.030091047,0.52
Sample_251,alpha,pancreatic A cell,alpha,alpha,smarter,0.02599752,0.82
human4_lib1.final_cell_0350,alpha,pancreatic A cell,alpha,alpha,inDrop4,0.023034692,0.68
D17All1_84,ductal,pancreatic ductal cell,ductal,ductal,celseq,0.084664166,0.76
D28-1_61,delta,type B pancreatic cell,delta,beta,celseq2,0.07029158,0.58
human2_lib3.final_cell_0150,alpha,pancreatic A cell,alpha,alpha,inDrop2,0.020911932,0.8
D30-7_90,endothelial,endothelial cell,endothelial,endothelial,celseq2,0.04384762,0.8
HP1504101T2D_L11,delta,pancreatic D cell,delta,delta,smartseq2,0.030490458,0.68
HP1504101T2D_A6,alpha,pancreatic A cell,alpha,alpha,smartseq2,0.025807142,0.9
Sample_993,alpha,pancreatic A cell,alpha,alpha,smarter,0.0146814585,0.9
human3_lib4.final_cell_0379,delta,type B pancreatic cell,delta,beta,inDrop3,0.023156822,0.92
human1_lib3.final_cell_0224,beta,type B pancreatic cell,beta,beta,inDrop1,0.022324264,0.74
Sample_1110,alpha,pancreatic A cell,alpha,alpha,smarter,0.015739202,0.86
10th_C4_S103,ductal,pancreatic ductal cell,ductal,ductal,fluidigmc1,0.06868261,0.62
D31-7_72,beta,type B pancreatic cell,beta,beta,celseq2,0.07022256,0.94
human3_lib1.final_cell_0299,alpha,pancreatic A cell,alpha,alpha,inDrop3,0.02381885,0.78
human3_lib2.final_cell_0084,acinar,pancreatic acinar cell,acinar,acinar,inDrop3,0.016734004,1.0
human1_lib1.final_cell_0070,alpha,pancreatic A cell,alpha,alpha,inDrop1,0.025110245,0.82
HP1502401_E17,alpha,type B pancreatic cell,alpha,beta,smartseq2,0.056718826,0.36
human2_lib2.final_cell_0337,alpha,pancreatic A cell,alpha,alpha,inDrop2,0.024006605,0.62
D71_4,beta,type B pancreatic cell,beta,beta,celseq,0.026491761,0.54
human3_lib1.final_cell_0074,acinar,pancreatic acinar cell,acinar,acinar,inDrop3,0.01372534,0.96
human1_lib1.final_cell_0376,endothelial,type B pancreatic cell,endothelial,beta,inDrop1,0.048119664,0.64
11th-C67_S26,alpha,pancreatic A cell,alpha,alpha,fluidigmc1,0.023237228,1.0
human3_lib4.final_cell_0261,gamma,enteroendocrine cell,gamma,other,inDrop3,0.033923626,0.68
human1_lib3.final_cell_0310,beta,type B pancreatic cell,beta,beta,inDrop1,0.02273184,0.88
human4_lib3.final_cell_0027,beta,type B pancreatic cell,beta,beta,inDrop4,0.02646041,0.9
D30-8_27,beta,type B pancreatic cell,beta,beta,celseq2,0.03895825,0.52
human4_lib3.final_cell_0217,alpha,pancreatic A cell,alpha,alpha,inDrop4,0.015310168,0.92
