cell_id,true_label,predicted_label,batch
D101_43,gamma,gamma,celseq
D102_4,gamma,gamma,celseq
D17All1_2,gamma,gamma,celseq
D17All1_28,gamma,gamma,celseq
D17All2_46,gamma,gamma,celseq
D28-4_38,gamma,gamma,celseq2
D29-1_12,gamma,gamma,celseq2
D29-1_15,gamma,gamma,celseq2
D29-1_35,gamma,gamma,celseq2
D29-1_86,gamma,gamma,celseq2
D29-2_19,gamma,gamma,celseq2
D29-3_15,gamma,gamma,celseq2
D29-4_86,gamma,gamma,celseq2
D29-5_6,gamma,gamma,celseq2
D29-6_55,gamma,gamma,celseq2
D29-7_40,gamma,gamma,celseq2
D29-7_61,gamma,gamma,celseq2
D29-7_77,gamma,gamma,celseq2
D29-7_89,gamma,gamma,celseq2
D29-7_94,gamma,gamma,celseq2
D30-3_21,gamma,gamma,celseq2
D31-6_5,gamma,gamma,celseq2
D31-8_16,gamma,gamma,celseq2
3rd-C47_S35,gamma,gamma,fluidigmc1
5th-C9_S92,gamma,gamma,fluidigmc1
9th-C79_S57,gamma,gamma,fluidigmc1
AZ_D8,gamma,gamma,smartseq2
HP1502401_L14,gamma,gamma,smartseq2
HP1502401_B11,gamma,gamma,smartseq2
HP1504101T2D_B22,gamma,gamma,smartseq2
HP1504101T2D_L13,gamma,gamma,smartseq2
HP1504101T2D_I16,gamma,gamma,smartseq2
HP1504101T2D_N20,gamma,gamma,smartseq2
HP1504101T2D_A17,gamma,gamma,smartseq2
HP1504101T2D_C21,gamma,gamma,smartseq2
HP1504101T2D_D24,gamma,gamma,smartseq2
HP1504101T2D_L24,gamma,gamma,smartseq2
HP1504101T2D_M3,gamma,gamma,smartseq2
HP1504101T2D_N16,gamma,gamma,smartseq2
HP1504901_J9,gamma,gamma,smartseq2
HP1506401_I14,gamma,alpha,smartseq2
HP1506401_K23,gamma,gamma,smartseq2
HP1506401_H19,gamma,gamma,smartseq2
HP1508501T2D_K16,gamma,gamma,smartseq2
HP1508501T2D_H18,gamma,gamma,smartseq2
HP1508501T2D_P4,gamma,gamma,smartseq2
HP1509101_K8,gamma,gamma,smartseq2
HP1525301T2D_B8,gamma,gamma,smartseq2
HP1525301T2D_A16,gamma,gamma,smartseq2
HP1525301T2D_N21,gamma,gamma,smartseq2
HP1526901T2D_G1,gamma,gamma,smartseq2
HP1526901T2D_O10,gamma,gamma,smartseq2
HP1526901T2D_J17,gamma,epsilon,smartseq2
D101_82,acinar,acinar,celseq
D10631_15,acinar,acinar,celseq
D1713_33,acinar,acinar,celseq
D1713_50,acinar,acinar,celseq
D1713_63,acinar,acinar,celseq
D1713_68,acinar,ductal,celseq
D1713_70,acinar,acinar,celseq
D1713_71,acinar,acinar,celseq
D17All1_50,acinar,acinar,celseq
D17TGFB_21,acinar,acinar,celseq
D17TGFB_23,acinar,acinar,celseq
D17TGFB_45,acinar,acinar,celseq
D17TGFB_56,acinar,acinar,celseq
D17TGFB_89,acinar,acinar,celseq
D17TGFB_93,acinar,acinar,celseq
D2ex_16,acinar,acinar,celseq
D2ex_24,acinar,acinar,celseq
D2ex_26,acinar,acinar,celseq
D2ex_61,acinar,acinar,celseq
D3en2_6,acinar,acinar,celseq
D3en3_2,acinar,acinar,celseq
D3en3_68,acinar,acinar,celseq
D3en4_26,acinar,acinar,celseq
D3en4_39,acinar,acinar,celseq
D3en4_69,acinar,acinar,celseq
D71_16,acinar,ductal,celseq
D71_39,acinar,acinar,celseq
D72_22,acinar,acinar,celseq
D28-2_89,acinar,acinar,celseq2
D28-3_91,acinar,acinar,celseq2
D28-4_40,acinar,acinar,celseq2
D28-4_61,acinar,acinar,celseq2
D28-4_67,acinar,acinar,celseq2
D28-4_85,acinar,acinar,celseq2
D28-5_31,acinar,alpha,celseq2
D28-5_37,acinar,acinar,celseq2
D28-5_54,acinar,acinar,celseq2
D28-6_4,acinar,acinar,celseq2
D28-6_41,acinar,acinar,celseq2
D28-6_42,acinar,acinar,celseq2
D28-6_89,acinar,acinar,celseq2
D28-7_37,acinar,acinar,celseq2
D28-7_39,acinar,acinar,celseq2
D28-7_51,acinar,acinar,celseq2
D28-7_52,acinar,acinar,celseq2
D28-8_39,acinar,acinar,celseq2
D29-1_68,acinar,acinar,celseq2
D29-7_49,acinar,acinar,celseq2
D30-1_19,acinar,acinar,celseq2
D30-1_55,acinar,acinar,celseq2
D30-2_41,acinar,acinar,celseq2
D30-2_42,acinar,acinar,celseq2
D30-4_62,acinar,acinar,celseq2
D30-4_82,acinar,acinar,celseq2
D30-6_44,acinar,acinar,celseq2
D30-7_20,acinar,acinar,celseq2
D31-1_9,acinar,acinar,celseq2
D31-2_15,acinar,acinar,celseq2
D31-2_30,acinar,acinar,celseq2
D31-2_38,acinar,acinar,celseq2
D31-2_83,acinar,acinar,celseq2
D31-3_53,acinar,acinar,celseq2
D31-3_69,acinar,acinar,celseq2
D31-4_9,acinar,acinar,celseq2
D31-4_36,acinar,acinar,celseq2
D31-4_43,acinar,acinar,celseq2
D31-4_93,acinar,acinar,celseq2
D31-5_1,acinar,acinar,celseq2
D31-5_4,acinar,acinar,celseq2
D31-5_57,acinar,acinar,celseq2
D31-7_38,acinar,acinar,celseq2
D31-7_70,acinar,acinar,celseq2
D31-7_77,acinar,acinar,celseq2
D31-8_81,acinar,acinar,celseq2
D31-8_89,acinar,acinar,celseq2
12th-C53_S168,acinar,acinar,fluidigmc1
AZ_B8,acinar,acinar,smartseq2
AZ_H10,acinar,acinar,smartseq2
HP1502401_I14,acinar,acinar,smartseq2
HP1502401_B17,acinar,acinar,smartseq2
HP1502401_M8,acinar,acinar,smartseq2
HP1502401_K10,acinar,acinar,smartseq2
HP1502401_E2,acinar,acinar,smartseq2
HP1504101T2D_F1,acinar,acinar,smartseq2
HP1506401_K2,acinar,acinar,smartseq2
HP1506401_J9,acinar,acinar,smartseq2
HP1506401_G14,acinar,acinar,smartseq2
HP1506401_G15,acinar,acinar,smartseq2
HP1506401_M8,acinar,acinar,smartseq2
HP1506401_A6,acinar,acinar,smartseq2
HP1506401_P23,acinar,acinar,smartseq2
HP1506401_H1,acinar,acinar,smartseq2
HP1507101_E22,acinar,acinar,smartseq2
HP1507101_J7,acinar,acinar,smartseq2
HP1508501T2D_O13,acinar,acinar,smartseq2
HP1508501T2D_P2,acinar,acinar,smartseq2
HP1508501T2D_D18,acinar,acinar,smartseq2
HP1508501T2D_G23,acinar,acinar,smartseq2
HP1508501T2D_A11,acinar,acinar,smartseq2
HP1525301T2D_H9,acinar,acinar,smartseq2
HP1525301T2D_C23,acinar,acinar,smartseq2
HP1525301T2D_C7,acinar,acinar,smartseq2
HP1526901T2D_M18,acinar,acinar,smartseq2
D101_84,alpha,alpha,celseq
D172444_26,alpha,alpha,celseq
D172444_46,alpha,alpha,celseq
D172444_52,alpha,alpha,celseq
D172444_56,alpha,alpha,celseq
D172444_60,alpha,alpha,celseq
D172444_71,alpha,alpha,celseq
D172444_73,alpha,alpha,celseq
D172444_78,alpha,alpha,celseq
D172444_81,alpha,alpha,celseq
D172444_88,alpha,alpha,celseq
D17All1_64,alpha,alpha,celseq
D17All1_89,alpha,alpha,celseq
D17All2_16,alpha,alpha,celseq
D17All2_44,alpha,alpha,celseq
D17All2_80,alpha,ductal,celseq
D17TGFB_11,alpha,alpha,celseq
D17TGFB_42,alpha,alpha,celseq
D17TGFB_48,alpha,alpha,celseq
D71_20,alpha,alpha,celseq
D72_54,alpha,alpha,celseq
D72_88,alpha,alpha,celseq
D73_3,alpha,alpha,celseq
D73_31,alpha,alpha,celseq
D73_41,alpha,alpha,celseq
D74_55,alpha,alpha,celseq
D74_68,alpha,alpha,celseq
D28-1_51,alpha,alpha,celseq2
D28-2_5,alpha,alpha,celseq2
D28-2_52,alpha,alpha,celseq2
D28-2_90,alpha,alpha,celseq2
D28-3_42,alpha,alpha,celseq2
D28-3_76,alpha,alpha,celseq2
D28-4_37,alpha,alpha,celseq2
D28-4_56,alpha,alpha,celseq2
D28-5_15,alpha,alpha,celseq2
D28-5_65,alpha,alpha,celseq2
D28-5_74,alpha,alpha,celseq2
D28-5_86,alpha,alpha,celseq2
D28-6_13,alpha,alpha,celseq2
D28-6_37,alpha,alpha,celseq2
D28-6_65,alpha,alpha,celseq2
D28-7_3,alpha,alpha,celseq2
D28-7_13,alpha,alpha,celseq2
D28-7_49,alpha,alpha,celseq2
D28-7_61,alpha,alpha,celseq2
D28-8_15,alpha,alpha,celseq2
D29-1_7,alpha,alpha,celseq2
D29-1_29,alpha,alpha,celseq2
D29-1_37,alpha,alpha,celseq2
D29-1_46,alpha,alpha,celseq2
D29-1_47,alpha,alpha,celseq2
D29-1_87,alpha,alpha,celseq2
D29-2_48,alpha,alpha,celseq2
D29-2_71,alpha,alpha,celseq2
D29-2_91,alpha,alpha,celseq2
D29-3_38,alpha,alpha,celseq2
D29-3_77,alpha,alpha,celseq2
D29-4_5,alpha,alpha,celseq2
D29-4_12,alpha,alpha,celseq2
D29-4_26,alpha,alpha,celseq2
D29-4_29,alpha,alpha,celseq2
D29-4_30,alpha,alpha,celseq2
D29-4_33,alpha,alpha,celseq2
D29-4_55,alpha,alpha,celseq2
D29-4_62,alpha,alpha,celseq2
D29-4_77,alpha,alpha,celseq2
D29-6_19,alpha,alpha,celseq2
D29-6_41,alpha,alpha,celseq2
D29-6_53,alpha,alpha,celseq2
D29-6_64,alpha,alpha,celseq2
D29-6_69,alpha,alpha,celseq2
D29-6_82,alpha,alpha,celseq2
D29-7_46,alpha,alpha,celseq2
D29-7_59,alpha,alpha,celseq2
D29-7_84,alpha,alpha,celseq2
D29-8_2,alpha,alpha,celseq2
D29-8_76,alpha,alpha,celseq2
D29-8_77,alpha,alpha,celseq2
D30-1_9,alpha,alpha,celseq2
D30-1_21,alpha,alpha,celseq2
D30-1_28,alpha,alpha,celseq2
D30-1_47,alpha,gamma,celseq2
D30-1_54,alpha,alpha,celseq2
D30-1_71,alpha,alpha,celseq2
D30-1_75,alpha,alpha,celseq2
D30-1_81,alpha,alpha,celseq2
D30-1_87,alpha,alpha,celseq2
D30-2_16,alpha,alpha,celseq2
D30-2_37,alpha,alpha,celseq2
D30-2_80,alpha,alpha,celseq2
D30-2_88,alpha,alpha,celseq2
D30-3_33,alpha,alpha,celseq2
D30-3_44,alpha,alpha,celseq2
D30-4_39,alpha,alpha,celseq2
D30-4_50,alpha,alpha,celseq2
D30-4_69,alpha,alpha,celseq2
D30-4_88,alpha,alpha,celseq2
D30-5_28,alpha,alpha,celseq2
D30-5_63,alpha,alpha,celseq2
D30-5_65,alpha,alpha,celseq2
D30-5_67,alpha,alpha,celseq2
D30-6_31,alpha,alpha,celseq2
D30-6_72,alpha,alpha,celseq2
D30-7_36,alpha,alpha,celseq2
D30-7_60,alpha,alpha,celseq2
D30-7_66,alpha,alpha,celseq2
D30-7_73,alpha,alpha,celseq2
D30-7_92,alpha,alpha,celseq2
D30-7_93,alpha,alpha,celseq2
D30-8_1,alpha,alpha,celseq2
D30-8_11,alpha,alpha,celseq2
D30-8_31,alpha,alpha,celseq2
D30-8_48,alpha,gamma,celseq2
D30-8_52,alpha,alpha,celseq2
D30-8_77,alpha,alpha,celseq2
D30-8_90,alpha,alpha,celseq2
D31-1_4,alpha,alpha,celseq2
D31-1_32,alpha,alpha,celseq2
D31-1_49,alpha,alpha,celseq2
D31-1_61,alpha,alpha,celseq2
D31-1_66,alpha,alpha,celseq2
D31-1_85,alpha,alpha,celseq2
D31-1_91,alpha,alpha,celseq2
D31-2_74,alpha,alpha,celseq2
D31-3_3,alpha,gamma,celseq2
D31-3_52,alpha,alpha,celseq2
D31-3_76,alpha,alpha,celseq2
D31-4_18,alpha,alpha,celseq2
D31-4_23,alpha,alpha,celseq2
D31-4_27,alpha,alpha,celseq2
D31-4_30,alpha,alpha,celseq2
D31-4_50,alpha,alpha,celseq2
D31-5_2,alpha,alpha,celseq2
D31-5_12,alpha,alpha,celseq2
D31-5_33,alpha,alpha,celseq2
D31-5_36,alpha,alpha,celseq2
D31-5_44,alpha,alpha,celseq2
D31-5_49,alpha,alpha,celseq2
D31-5_50,alpha,alpha,celseq2
D31-5_54,alpha,alpha,celseq2
D31-5_62,alpha,alpha,celseq2
D31-5_88,alpha,alpha,celseq2
D31-6_2,alpha,alpha,celseq2
D31-6_54,alpha,alpha,celseq2
D31-6_56,alpha,alpha,celseq2
D31-6_64,alpha,alpha,celseq2
D31-6_74,alpha,alpha,celseq2
D31-6_94,alpha,alpha,celseq2
D31-7_6,alpha,alpha,celseq2
D31-7_35,alpha,alpha,celseq2
D31-7_50,alpha,alpha,celseq2
D31-7_93,alpha,alpha,celseq2
D31-8_62,alpha,alpha,celseq2
10th_C43_S50,alpha,alpha,fluidigmc1
10th_C50_S73,alpha,alpha,fluidigmc1
11th-C61_S25,alpha,alpha,fluidigmc1
11th-C62_S33,alpha,alpha,fluidigmc1
11th-C67_S26,alpha,alpha,fluidigmc1
12th-C28_S142,alpha,alpha,fluidigmc1
12th-C81_S207,alpha,alpha,fluidigmc1
13th_C18_S179,alpha,alpha,fluidigmc1
13th_C20_S142,alpha,alpha,fluidigmc1
13th_C54_S212,alpha,alpha,fluidigmc1
13th_C76_S216,alpha,alpha,fluidigmc1
2nd-C4_S9,alpha,alpha,fluidigmc1
2nd-C58_S22,alpha,alpha,fluidigmc1
2nd-C80_S65,alpha,alpha,fluidigmc1
2nd-C94_S96,alpha,alpha,fluidigmc1
3rd-C49_S60,alpha,alpha,fluidigmc1
3rd-C63_S54,alpha,alpha,fluidigmc1
3rd-C85_S83,alpha,alpha,fluidigmc1
3rd-C91_S91,alpha,alpha,fluidigmc1
4th-C22_S45,alpha,alpha,fluidigmc1
4th-C36_S69,alpha,alpha,fluidigmc1
4th-C69_S42,alpha,alpha,fluidigmc1
4th-C86_S77,alpha,alpha,fluidigmc1
4th-C88_S84,alpha,alpha,fluidigmc1
5th-C66_S101,alpha,alpha,fluidigmc1
5th-C7_S93,alpha,beta,fluidigmc1
6th-C21_S33,alpha,alpha,fluidigmc1
8th-C37_S146,alpha,alpha,fluidigmc1
8th-C79_S140,alpha,alpha,fluidigmc1
9th-C9_S13,alpha,alpha,fluidigmc1
AZ_B11,alpha,alpha,smartseq2
AZ_B12,alpha,alpha,smartseq2
AZ_D9,alpha,alpha,smartseq2
AZ_C8,alpha,alpha,smartseq2
AZ_G1,alpha,alpha,smartseq2
HP1502401_J14,alpha,alpha,smartseq2
HP1502401_M14,alpha,alpha,smartseq2
HP1502401_M5,alpha,alpha,smartseq2
HP1502401_K17,alpha,alpha,smartseq2
HP1502401_N15,alpha,alpha,smartseq2
HP1502401_K15,alpha,alpha,smartseq2
HP1502401_O22,alpha,alpha,smartseq2
HP1502401_L12,alpha,alpha,smartseq2
HP1502401_I16,alpha,alpha,smartseq2
HP1502401_B5,alpha,alpha,smartseq2
HP1502401_G7,alpha,alpha,smartseq2
HP1502401_E17,alpha,gamma,smartseq2
HP1502401_L9,alpha,alpha,smartseq2
HP1502401_M3,alpha,alpha,smartseq2
HP1502401_F10,alpha,alpha,smartseq2
HP1502401_N19,alpha,alpha,smartseq2
HP1504101T2D_M18,alpha,alpha,smartseq2
HP1504101T2D_M4,alpha,gamma,smartseq2
HP1504101T2D_I24,alpha,alpha,smartseq2
HP1504101T2D_I5,alpha,alpha,smartseq2
HP1504101T2D_I17,alpha,alpha,smartseq2
HP1504101T2D_D7,alpha,alpha,smartseq2
HP1504101T2D_B16,alpha,alpha,smartseq2
HP1504101T2D_P2,alpha,alpha,smartseq2
HP1504101T2D_J6,alpha,alpha,smartseq2
HP1504101T2D_M10,alpha,alpha,smartseq2
HP1504101T2D_O22,alpha,alpha,smartseq2
HP1504101T2D_A6,alpha,alpha,smartseq2
HP1504101T2D_I8,alpha,alpha,smartseq2
HP1504101T2D_I23,alpha,alpha,smartseq2
HP1504101T2D_L5,alpha,alpha,smartseq2
HP1504101T2D_K20,alpha,alpha,smartseq2
HP1504901_N2,alpha,alpha,smartseq2
HP1504901_D12,alpha,alpha,smartseq2
HP1504901_K1,alpha,alpha,smartseq2
HP1504901_D22,alpha,alpha,smartseq2
HP1504901_J20,alpha,alpha,smartseq2
HP1504901_F19,alpha,alpha,smartseq2
HP1504901_N16,alpha,alpha,smartseq2
HP1504901_A19,alpha,alpha,smartseq2
HP1504901_H8,alpha,alpha,smartseq2
HP1504901_M24,alpha,alpha,smartseq2
HP1504901_O10,alpha,alpha,smartseq2
HP1504901_F9,alpha,alpha,smartseq2
HP1504901_E14,alpha,alpha,smartseq2
HP1504901_J6,alpha,alpha,smartseq2
HP1504901_G19,alpha,alpha,smartseq2
HP1506401_H14,alpha,alpha,smartseq2
HP1506401_O3,alpha,alpha,smartseq2
HP1506401_C5,alpha,alpha,smartseq2
HP1506401_E8,alpha,alpha,smartseq2
HP1506401_E11,alpha,alpha,smartseq2
HP1507101_G3,alpha,alpha,smartseq2
HP1507101_C2,alpha,alpha,smartseq2
HP1507101_B3,alpha,alpha,smartseq2
HP1507101_M12,alpha,alpha,smartseq2
HP1507101_O17,alpha,alpha,smartseq2
HP1507101_L13,alpha,alpha,smartseq2
HP1507101_O20,alpha,alpha,smartseq2
HP1507101_N21,alpha,alpha,smartseq2
HP1507101_I15,alpha,alpha,smartseq2
HP1507101_O5,alpha,alpha,smartseq2
HP1507101_G4,alpha,alpha,smartseq2
HP1507101_H11,alpha,alpha,smartseq2
HP1507101_N22,alpha,alpha,smartseq2
HP1507101_G22,alpha,alpha,smartseq2
HP1507101_J18,alpha,alpha,smartseq2
HP1507101_I23,alpha,alpha,smartseq2
HP1507101_L3,alpha,alpha,smartseq2
HP1507101_A4,alpha,alpha,smartseq2
HP1507101_I4,alpha,alpha,smartseq2
HP1507101_D1,alpha,alpha,smartseq2
HP1507101_D8,alpha,alpha,smartseq2
HP1507101_P23,alpha,alpha,smartseq2
HP1507101_H21,alpha,alpha,smartseq2
HP1507101_J2,alpha,alpha,smartseq2
HP1507101_B4,alpha,alpha,smartseq2
HP1507101_B12,alpha,alpha,smartseq2
HP1507101_N2,alpha,alpha,smartseq2
HP1507101_E9,alpha,alpha,smartseq2
HP1507101_I5,alpha,alpha,smartseq2
HP1507101_J4,alpha,alpha,smartseq2
HP1507101_J22,alpha,alpha,smartseq2
HP1508501T2D_E1,alpha,alpha,smartseq2
HP1508501T2D_G15,alpha,alpha,smartseq2
HP1508501T2D_E6,alpha,alpha,smartseq2
HP1508501T2D_D6,alpha,alpha,smartseq2
HP1508501T2D_P3,alpha,alpha,smartseq2
HP1508501T2D_D1,alpha,alpha,smartseq2
HP1508501T2D_J9,alpha,alpha,smartseq2
HP1508501T2D_G24,alpha,alpha,smartseq2
HP1508501T2D_E8,alpha,alpha,smartseq2
HP1508501T2D_J12,alpha,alpha,smartseq2
HP1508501T2D_A4,alpha,alpha,smartseq2
HP1508501T2D_B12,alpha,alpha,smartseq2
HP1508501T2D_M5,alpha,alpha,smartseq2
HP1508501T2D_G4,alpha,alpha,smartseq2
HP1508501T2D_D8,alpha,alpha,smartseq2
HP1509101_I14,alpha,alpha,smartseq2
HP1509101_I5,alpha,alpha,smartseq2
HP1509101_F13,alpha,alpha,smartseq2
HP1509101_O9,alpha,alpha,smartseq2
HP1509101_H22,alpha,alpha,smartseq2
HP1509101_F1,alpha,alpha,smartseq2
HP1509101_C12,alpha,alpha,smartseq2
HP1509101_B20,alpha,alpha,smartseq2
HP1509101_C22,alpha,alpha,smartseq2
HP1509101_J8,alpha,alpha,smartseq2
HP1509101_I8,alpha,alpha,smartseq2
HP1509101_O19,alpha,alpha,smartseq2
HP1509101_L24,alpha,alpha,smartseq2
HP1509101_G16,alpha,alpha,smartseq2
HP1525301T2D_E1,alpha,alpha,smartseq2
HP1525301T2D_B23,alpha,alpha,smartseq2
HP1525301T2D_P8,alpha,alpha,smartseq2
HP1525301T2D_E23,alpha,alpha,smartseq2
HP1525301T2D_F2,alpha,alpha,smartseq2
HP1525301T2D_P17,alpha,alpha,smartseq2
HP1525301T2D_H12,alpha,alpha,smartseq2
HP1525301T2D_E13,alpha,alpha,smartseq2
HP1525301T2D_E16,alpha,alpha,smartseq2
HP1525301T2D_N19,alpha,alpha,smartseq2
HP1525301T2D_J1,alpha,alpha,smartseq2
HP1526901T2D_A3,alpha,alpha,smartseq2
HP1526901T2D_M21,alpha,alpha,smartseq2
HP1526901T2D_O22,alpha,alpha,smartseq2
HP1526901T2D_F21,alpha,alpha,smartseq2
HP1526901T2D_E8,alpha,alpha,smartseq2
HP1526901T2D_A12,alpha,alpha,smartseq2
HP1526901T2D_B12,alpha,alpha,smartseq2
HP1526901T2D_A17,alpha,alpha,smartseq2
HP1526901T2D_O23,alpha,alpha,smartseq2
HP1526901T2D_K2,alpha,alpha,smartseq2
HP1526901T2D_D9,alpha,alpha,smartseq2
HP1526901T2D_L23,alpha,alpha,smartseq2
HP1526901T2D_B14,alpha,alpha,smartseq2
HP1526901T2D_D16,alpha,alpha,smartseq2
HP1526901T2D_A8,alpha,alpha,smartseq2
D101_22,delta,delta,celseq
D172444_1,delta,delta,celseq
D17All1_39,delta,delta,celseq
D17All1_54,delta,delta,celseq
D17All1_77,delta,delta,celseq
D17All2_49,delta,delta,celseq
D17All2_61,delta,delta,celseq
D71_87,delta,delta,celseq
D72_39,delta,delta,celseq
D72_75,delta,delta,celseq
D73_86,delta,delta,celseq
D74_20,delta,delta,celseq
D28-1_61,delta,delta,celseq2
D29-2_4,delta,delta,celseq2
D29-4_64,delta,delta,celseq2
D29-4_83,delta,delta,celseq2
D29-6_30,delta,delta,celseq2
D29-7_63,delta,delta,celseq2
D29-7_81,delta,delta,celseq2
D29-8_10,delta,delta,celseq2
D29-8_72,delta,delta,celseq2
D30-1_83,delta,delta,celseq2
D30-2_49,delta,delta,celseq2
D30-3_43,delta,delta,celseq2
D30-5_11,delta,delta,celseq2
D30-5_35,delta,delta,celseq2
D30-5_85,delta,delta,celseq2
D30-6_58,delta,delta,celseq2
D30-6_92,delta,delta,celseq2
D30-7_53,delta,delta,celseq2
D30-8_55,delta,delta,celseq2
D31-1_6,delta,delta,celseq2
D31-2_5,delta,delta,celseq2
D31-3_62,delta,delta,celseq2
D31-4_2,delta,delta,celseq2
D31-4_8,delta,delta,celseq2
D31-4_62,delta,delta,celseq2
D31-5_42,delta,delta,celseq2
D31-7_66,delta,delta,celseq2
D31-8_1,delta,delta,celseq2
D31-8_76,delta,delta,celseq2
2nd-C25_S49,delta,delta,fluidigmc1
3rd-C1_S39,delta,delta,fluidigmc1
7th-C15_S23,delta,delta,fluidigmc1
HP1502401_O6,delta,delta,smartseq2
HP1502401_H6,delta,delta,smartseq2
HP1502401_D12,delta,delta,smartseq2
HP1502401_C20,delta,delta,smartseq2
HP1504101T2D_L11,delta,delta,smartseq2
HP1504101T2D_J14,delta,delta,smartseq2
HP1507101_E16,delta,delta,smartseq2
HP1509101_O1,delta,delta,smartseq2
HP1509101_H13,delta,delta,smartseq2
HP1526901T2D_A10,delta,delta,smartseq2
HP1526901T2D_E20,delta,delta,smartseq2
HP1526901T2D_A4,delta,delta,smartseq2
HP1526901T2D_E21,delta,delta,smartseq2
HP1526901T2D_E3,delta,delta,smartseq2
HP1526901T2D_C24,delta,delta,smartseq2
HP1526901T2D_D21,delta,delta,smartseq2
HP1526901T2D_N16,delta,delta,smartseq2
D101_73,beta,gamma,celseq
D1713_18,beta,beta,celseq
D1713_95,beta,beta,celseq
D172444_51,beta,beta,celseq
D17All1_6,beta,beta,celseq
D17All1_83,beta,beta,celseq
D17All1_90,beta,beta,celseq
D17All2_20,beta,beta,celseq
D17All2_21,beta,beta,celseq
D17All2_30,beta,beta,celseq
D17All2_36,beta,beta,celseq
D17All2_56,beta,beta,celseq
D17All2_87,beta,beta,celseq
D17All2_90,beta,beta,celseq
D71_4,beta,beta,celseq
D71_15,beta,beta,celseq
D71_30,beta,beta,celseq
D71_42,beta,beta,celseq
D71_49,beta,beta,celseq
D72_55,beta,beta,celseq
D72_81,beta,beta,celseq
D73_42,beta,beta,celseq
D73_85,beta,beta,celseq
D74_82,beta,beta,celseq
D28-3_41,beta,gamma,celseq2
D28-4_31,beta,beta,celseq2
D28-4_77,beta,beta,celseq2
D28-4_88,beta,gamma,celseq2
D28-5_1,beta,beta,celseq2
D28-5_5,beta,beta,celseq2
D28-6_87,beta,beta,celseq2
D29-1_77,beta,beta,celseq2
D29-2_26,beta,beta,celseq2
D29-2_72,beta,beta,celseq2
D29-3_28,beta,beta,celseq2
D29-3_83,beta,beta,celseq2
D29-4_67,beta,beta,celseq2
D29-4_92,beta,beta,celseq2
D29-5_14,beta,beta,celseq2
D29-5_55,beta,beta,celseq2
D29-5_69,beta,beta,celseq2
D29-5_70,beta,beta,celseq2
D29-5_91,beta,beta,celseq2
D29-6_50,beta,beta,celseq2
D29-6_59,beta,beta,celseq2
D29-7_12,beta,beta,celseq2
D29-7_37,beta,beta,celseq2
D29-7_41,beta,beta,celseq2
D29-7_68,beta,beta,celseq2
D29-7_69,beta,beta,celseq2
D29-7_74,beta,beta,celseq2
D29-8_11,beta,beta,celseq2
D30-1_14,beta,beta,celseq2
D30-1_26,beta,beta,celseq2
D30-1_65,beta,beta,celseq2
D30-1_89,beta,beta,celseq2
D30-2_30,beta,delta,celseq2
D30-2_57,beta,beta,celseq2
D30-3_36,beta,beta,celseq2
D30-4_1,beta,beta,celseq2
D30-4_9,beta,beta,celseq2
D30-4_61,beta,delta,celseq2
D30-5_32,beta,beta,celseq2
D30-6_15,beta,beta,celseq2
D30-7_54,beta,beta,celseq2
D30-7_79,beta,beta,celseq2
D30-8_27,beta,beta,celseq2
D30-8_46,beta,beta,celseq2
D30-8_68,beta,beta,celseq2
D30-8_73,beta,beta,celseq2
D31-1_39,beta,beta,celseq2
D31-1_68,beta,beta,celseq2
D31-2_27,beta,beta,celseq2
D31-2_43,beta,beta,celseq2
D31-2_48,beta,beta,celseq2
D31-2_65,beta,beta,celseq2
D31-4_39,beta,beta,celseq2
D31-4_64,beta,beta,celseq2
D31-4_83,beta,beta,celseq2
D31-5_9,beta,beta,celseq2
D31-5_38,beta,beta,celseq2
D31-5_85,beta,delta,celseq2
D31-6_15,beta,beta,celseq2
D31-6_20,beta,beta,celseq2
D31-6_22,beta,beta,celseq2
D31-6_42,beta,beta,celseq2
D31-6_47,beta,beta,celseq2
D31-7_1,beta,beta,celseq2
D31-7_67,beta,beta,celseq2
D31-7_72,beta,beta,celseq2
D31-7_84,beta,beta,celseq2
D31-8_13,beta,beta,celseq2
D31-8_29,beta,beta,celseq2
D31-8_48,beta,beta,celseq2
10th_C33_S64,beta,beta,fluidigmc1
10th_C37_S49,beta,beta,fluidigmc1
11th-C22_S65,beta,beta,fluidigmc1
11th-C44_S15,beta,beta,fluidigmc1
11th-C66_S88,beta,delta,fluidigmc1
12th-C26_S192,beta,beta,fluidigmc1
12th-C96_S167,beta,beta,fluidigmc1
13th_C15_S134,beta,beta,fluidigmc1
13th_C39_S153,beta,beta,fluidigmc1
13th_C57_S171,beta,beta,fluidigmc1
1st-C77_S86,beta,beta,fluidigmc1
2nd-C15_S25,beta,beta,fluidigmc1
2nd-C76_S60,beta,beta,fluidigmc1
2nd-C87_S76,beta,beta,fluidigmc1
3rd-C56_S90,beta,beta,fluidigmc1
3rd-C82_S11,beta,beta,fluidigmc1
4th-C28_S55,beta,beta,fluidigmc1
5th-C25_S108,beta,beta,fluidigmc1
6th-C19_S35,beta,beta,fluidigmc1
6th-C28_S49,beta,beta,fluidigmc1
6th-C29_S50,beta,beta,fluidigmc1
6th-C42_S75,beta,beta,fluidigmc1
6th-C79_S60,beta,beta,fluidigmc1
7th-C21_S34,beta,beta,fluidigmc1
7th-C3_S1,beta,beta,fluidigmc1
7th-C45_S77,beta,beta,fluidigmc1
7th-C73_S47,beta,beta,fluidigmc1
7th-C84_S62,beta,beta,fluidigmc1
7th-C8_S13,beta,beta,fluidigmc1
8th-C2_S85,beta,beta,fluidigmc1
8th-C65_S113,beta,beta,fluidigmc1
8th-C70_S123,beta,beta,fluidigmc1
8th-C75_S128,beta,beta,fluidigmc1
9th-C1_S3,beta,beta,fluidigmc1
9th-C57_S16,beta,alpha,fluidigmc1
9th-C8_S14,beta,beta,fluidigmc1
AZ_A8,beta,beta,smartseq2
AZ_D6,beta,beta,smartseq2
AZ_F1,beta,beta,smartseq2
HP1502401_B14,beta,beta,smartseq2
HP1502401_D13,beta,beta,smartseq2
HP1502401_B7,beta,beta,smartseq2
HP1502401_E22,beta,beta,smartseq2
HP1502401_D7,beta,beta,smartseq2
HP1502401_F22,beta,beta,smartseq2
HP1502401_G20,beta,delta,smartseq2
HP1502401_C21,beta,beta,smartseq2
HP1502401_A10,beta,beta,smartseq2
HP1504101T2D_D8,beta,delta,smartseq2
HP1504101T2D_N10,beta,beta,smartseq2
HP1504101T2D_G9,beta,beta,smartseq2
HP1504101T2D_H6,beta,delta,smartseq2
HP1504901_L8,beta,beta,smartseq2
HP1506401_O11,beta,beta,smartseq2
HP1506401_F11,beta,beta,smartseq2
HP1506401_L2,beta,gamma,smartseq2
HP1506401_A17,beta,beta,smartseq2
HP1507101_A6,beta,beta,smartseq2
HP1507101_I18,beta,beta,smartseq2
HP1507101_H17,beta,beta,smartseq2
HP1508501T2D_K20,beta,beta,smartseq2
HP1508501T2D_M14,beta,beta,smartseq2
HP1508501T2D_B16,beta,beta,smartseq2
HP1509101_C1,beta,beta,smartseq2
HP1509101_G9,beta,beta,smartseq2
HP1509101_N21,beta,beta,smartseq2
HP1509101_O18,beta,beta,smartseq2
HP1509101_P15,beta,alpha,smartseq2
HP1525301T2D_I6,beta,beta,smartseq2
HP1525301T2D_D23,beta,beta,smartseq2
HP1526901T2D_H24,beta,beta,smartseq2
HP1526901T2D_M15,beta,beta,smartseq2
HP1526901T2D_B4,beta,beta,smartseq2
HP1526901T2D_L4,beta,beta,smartseq2
HP1526901T2D_N23,beta,beta,smartseq2
HP1526901T2D_B1,beta,beta,smartseq2
HP1526901T2D_P11,beta,beta,smartseq2
HP1526901T2D_C11,beta,beta,smartseq2
HP1526901T2D_P4,beta,beta,smartseq2
HP1526901T2D_F18,beta,beta,smartseq2
D10631_3,ductal,ductal,celseq
D10631_24,ductal,ductal,celseq
D10631_88,ductal,t_cell,celseq
D1713_35,ductal,ductal,celseq
D1713_47,ductal,ductal,celseq
D1713_48,ductal,ductal,celseq
D1713_53,ductal,ductal,celseq
D1713_84,ductal,ductal,celseq
D1713_87,ductal,ductal,celseq
D1713_88,ductal,ductal,celseq
D17All1_25,ductal,ductal,celseq
D17All1_29,ductal,ductal,celseq
D17All1_31,ductal,ductal,celseq
D17All1_41,ductal,ductal,celseq
D17All1_47,ductal,ductal,celseq
D17All1_84,ductal,ductal,celseq
D17All1_96,ductal,ductal,celseq
D17All2_18,ductal,ductal,celseq
D17All2_81,ductal,ductal,celseq
D17TGFB_24,ductal,ductal,celseq
D17TGFB_25,ductal,ductal,celseq
D17TGFB_81,ductal,ductal,celseq
D2ex_6,ductal,ductal,celseq
D2ex_12,ductal,ductal,celseq
D2ex_14,ductal,ductal,celseq
D2ex_27,ductal,ductal,celseq
D2ex_36,ductal,ductal,celseq
D2ex_75,ductal,ductal,celseq
D2ex_85,ductal,ductal,celseq
D2ex_89,ductal,ductal,celseq
D3en2_24,ductal,ductal,celseq
D3en2_91,ductal,ductal,celseq
D3en4_64,ductal,ductal,celseq
D3ex_34,ductal,beta,celseq
D71_65,ductal,ductal,celseq
D71_73,ductal,ductal,celseq
D71_95,ductal,ductal,celseq
D72_61,ductal,ductal,celseq
D72_93,ductal,ductal,celseq
D73_2,ductal,ductal,celseq
D73_5,ductal,ductal,celseq
D73_29,ductal,ductal,celseq
D73_51,ductal,ductal,celseq
D73_65,ductal,ductal,celseq
D73_84,ductal,ductal,celseq
D74_15,ductal,ductal,celseq
D74_31,ductal,ductal,celseq
D74_79,ductal,ductal,celseq
D74_93,ductal,ductal,celseq
D74_94,ductal,ductal,celseq
D28-1_49,ductal,ductal,celseq2
D28-1_90,ductal,ductal,celseq2
D28-2_13,ductal,ductal,celseq2
D28-2_16,ductal,ductal,celseq2
D28-2_26,ductal,ductal,celseq2
D28-3_63,ductal,ductal,celseq2
D28-4_91,ductal,ductal,celseq2
D28-7_42,ductal,ductal,celseq2
D29-2_7,ductal,ductal,celseq2
D29-2_57,ductal,ductal,celseq2
D29-4_45,ductal,ductal,celseq2
D29-8_63,ductal,ductal,celseq2
D30-1_78,ductal,ductal,celseq2
D30-2_35,ductal,ductal,celseq2
D30-2_40,ductal,ductal,celseq2
D30-2_58,ductal,ductal,celseq2
D30-3_49,ductal,ductal,celseq2
D30-4_13,ductal,ductal,celseq2
D30-4_42,ductal,ductal,celseq2
D30-4_58,ductal,ductal,celseq2
D30-5_50,ductal,ductal,celseq2
D30-5_81,ductal,ductal,celseq2
D30-6_57,ductal,ductal,celseq2
D30-6_78,ductal,ductal,celseq2
D30-7_85,ductal,ductal,celseq2
D31-1_77,ductal,ductal,celseq2
D31-2_35,ductal,ductal,celseq2
D31-2_68,ductal,ductal,celseq2
D31-3_21,ductal,ductal,celseq2
D31-3_81,ductal,ductal,celseq2
D31-4_33,ductal,ductal,celseq2
D31-4_38,ductal,ductal,celseq2
D31-4_69,ductal,ductal,celseq2
D31-6_50,ductal,ductal,celseq2
D31-6_82,ductal,ductal,celseq2
D31-6_93,ductal,ductal,celseq2
D31-7_10,ductal,ductal,celseq2
D31-7_57,ductal,ductal,celseq2
D31-8_19,ductal,ductal,celseq2
D31-8_23,ductal,ductal,celseq2
D31-8_37,ductal,ductal,celseq2
D31-8_77,ductal,ductal,celseq2
10th_C4_S103,ductal,ductal,fluidigmc1
10th_C7_S60,ductal,ductal,fluidigmc1
10th_C88_S130,ductal,ductal,fluidigmc1
3rd-C20_S22,ductal,ductal,fluidigmc1
5th-C41_S113,ductal,ductal,fluidigmc1
7th-C76_S52,ductal,ductal,fluidigmc1
9th-C61_S25,ductal,ductal,fluidigmc1
HP1502401_G23,ductal,ductal,smartseq2
HP1502401_L5,ductal,ductal,smartseq2
HP1502401_N18,ductal,ductal,smartseq2
HP1504101T2D_B8,ductal,ductal,smartseq2
HP1504901_J10,ductal,ductal,smartseq2
HP1504901_E6,ductal,ductal,smartseq2
HP1506401_D15,ductal,ductal,smartseq2
HP1506401_D21,ductal,ductal,smartseq2
HP1506401_A18,ductal,ductal,smartseq2
HP1506401_O4,ductal,ductal,smartseq2
HP1506401_D2,ductal,ductal,smartseq2
HP1506401_G19,ductal,ductal,smartseq2
HP1506401_L4,ductal,ductal,smartseq2
HP1506401_H6,ductal,ductal,smartseq2
HP1506401_F23,ductal,ductal,smartseq2
HP1506401_K16,ductal,ductal,smartseq2
HP1506401_H23,ductal,ductal,smartseq2
HP1506401_B24,ductal,ductal,smartseq2
HP1506401_G23,ductal,ductal,smartseq2
HP1506401_D18,ductal,ductal,smartseq2
HP1506401_P4,ductal,ductal,smartseq2
HP1507101_J15,ductal,ductal,smartseq2
HP1507101_K16,ductal,ductal,smartseq2
HP1507101_H16,ductal,ductal,smartseq2
HP1508501T2D_K13,ductal,ductal,smartseq2
HP1508501T2D_N19,ductal,ductal,smartseq2
HP1508501T2D_H13,ductal,ductal,smartseq2
HP1508501T2D_P12,ductal,ductal,smartseq2
HP1508501T2D_K15,ductal,ductal,smartseq2
HP1508501T2D_N23,ductal,ductal,smartseq2
HP1508501T2D_C18,ductal,ductal,smartseq2
HP1508501T2D_L5,ductal,ductal,smartseq2
HP1508501T2D_I4,ductal,ductal,smartseq2
HP1508501T2D_G13,ductal,ductal,smartseq2
HP1508501T2D_D22,ductal,ductal,smartseq2
HP1509101_E3,ductal,ductal,smartseq2
HP1509101_P17,ductal,ductal,smartseq2
HP1509101_B24,ductal,ductal,smartseq2
HP1509101_G4,ductal,ductal,smartseq2
HP1509101_O14,ductal,ductal,smartseq2
HP1509101_P5,ductal,ductal,smartseq2
HP1509101_O17,ductal,ductal,smartseq2
HP1509101_F7,ductal,ductal,smartseq2
HP1509101_H20,ductal,ductal,smartseq2
HP1525301T2D_P14,ductal,ductal,smartseq2
HP1525301T2D_E11,ductal,ductal,smartseq2
HP1525301T2D_C24,ductal,ductal,smartseq2
HP1525301T2D_G14,ductal,ductal,smartseq2
HP1525301T2D_D2,ductal,ductal,smartseq2
HP1525301T2D_I3,ductal,ductal,smartseq2
HP1525301T2D_H3,ductal,ductal,smartseq2
HP1525301T2D_N5,ductal,ductal,smartseq2
HP1525301T2D_J15,ductal,ductal,smartseq2
HP1525301T2D_A19,ductal,ductal,smartseq2
HP1525301T2D_O7,ductal,ductal,smartseq2
HP1525301T2D_A12,ductal,ductal,smartseq2
HP1525301T2D_K11,ductal,ductal,smartseq2
HP1525301T2D_L2,ductal,ductal,smartseq2
HP1525301T2D_B10,ductal,ductal,smartseq2
HP1525301T2D_D3,ductal,ductal,smartseq2
HP1525301T2D_F16,ductal,ductal,smartseq2
HP1525301T2D_G9,ductal,ductal,smartseq2
HP1525301T2D_A13,ductal,ductal,smartseq2
HP1525301T2D_I15,ductal,ductal,smartseq2
HP1525301T2D_L6,ductal,ductal,smartseq2
HP1525301T2D_P19,ductal,ductal,smartseq2
HP1525301T2D_N20,ductal,ductal,smartseq2
HP1525301T2D_L16,ductal,ductal,smartseq2
HP1525301T2D_C19,ductal,ductal,smartseq2
HP1525301T2D_B14,ductal,ductal,smartseq2
HP1525301T2D_O16,ductal,ductal,smartseq2
HP1525301T2D_C22,ductal,ductal,smartseq2
HP1526901T2D_I1,ductal,ductal,smartseq2
HP1526901T2D_A11,ductal,ductal,smartseq2
HP1526901T2D_M14,ductal,ductal,smartseq2
HP1526901T2D_E14,ductal,acinar,smartseq2
D28-7_86,endothelial,endothelial,celseq2
D30-1_44,endothelial,endothelial,celseq2
D30-7_90,endothelial,endothelial,celseq2
D31-6_73,endothelial,endothelial,celseq2
10th_C46_S94,endothelial,endothelial,fluidigmc1
12th-C76_S177,endothelial,endothelial,fluidigmc1
HP1504901_P18,endothelial,endothelial,smartseq2
HP1504901_F16,endothelial,endothelial,smartseq2
HP1504901_D4,endothelial,endothelial,smartseq2
HP1509101_H17,endothelial,endothelial,smartseq2
D101_48,activated_stellate,activated_stellate,celseq
D17All2_86,activated_stellate,activated_stellate,celseq
D71_22,activated_stellate,activated_stellate,celseq
D28-5_51,activated_stellate,activated_stellate,celseq2
D30-1_79,activated_stellate,activated_stellate,celseq2
D30-3_61,activated_stellate,activated_stellate,celseq2
D30-4_30,activated_stellate,activated_stellate,celseq2
D30-5_3,activated_stellate,activated_stellate,celseq2
D30-6_93,activated_stellate,activated_stellate,celseq2
D30-7_72,activated_stellate,activated_stellate,celseq2
D30-8_18,activated_stellate,activated_stellate,celseq2
D30-8_57,activated_stellate,activated_stellate,celseq2
D30-8_60,activated_stellate,activated_stellate,celseq2
D31-5_82,activated_stellate,activated_stellate,celseq2
HP1504901_J18,activated_stellate,activated_stellate,smartseq2
HP1507101_K13,activated_stellate,activated_stellate,smartseq2
HP1508501T2D_A8,activated_stellate,activated_stellate,smartseq2
HP1508501T2D_I3,activated_stellate,activated_stellate,smartseq2
HP1508501T2D_M10,activated_stellate,activated_stellate,smartseq2
HP1509101_P23,activated_stellate,quiescent_stellate,smartseq2
HP1509101_B17,activated_stellate,activated_stellate,smartseq2
HP1525301T2D_F24,activated_stellate,activated_stellate,smartseq2
D102_21,schwann,schwann,celseq
4th-C3_S1,schwann,activated_stellate,fluidigmc1
D30-4_65,mast,mast,celseq2
9th-C5_S8,mast,alpha,fluidigmc1
D28-8_42,macrophage,macrophage,celseq2
HP1507101_L8,macrophage,macrophage,smartseq2
HP1508501T2D_C9,macrophage,alpha,smartseq2
HP1526901T2D_G11,macrophage,macrophage,smartseq2
D28-3_1,quiescent_stellate,quiescent_stellate,celseq2
D28-4_14,quiescent_stellate,quiescent_stellate,celseq2
D28-5_88,quiescent_stellate,quiescent_stellate,celseq2
D28-6_43,quiescent_stellate,activated_stellate,celseq2
D28-8_52,quiescent_stellate,quiescent_stellate,celseq2
HP1504901_N21,quiescent_stellate,quiescent_stellate,smartseq2
human1_lib1.final_cell_0009,acinar,acinar,inDrop1
human1_lib1.final_cell_0012,acinar,acinar,inDrop1
human1_lib1.final_cell_0021,beta,beta,inDrop1
human1_lib1.final_cell_0027,beta,beta,inDrop1
human1_lib1.final_cell_0033,delta,delta,inDrop1
human1_lib1.final_cell_0038,beta,beta,inDrop1
human1_lib1.final_cell_0048,activated_stellate,activated_stellate,inDrop1
human1_lib1.final_cell_0053,acinar,acinar,inDrop1
human1_lib1.final_cell_0055,beta,beta,inDrop1
human1_lib1.final_cell_0060,beta,beta,inDrop1
human1_lib1.final_cell_0063,beta,beta,inDrop1
human1_lib1.final_cell_0070,alpha,alpha,inDrop1
human1_lib1.final_cell_0075,beta,beta,inDrop1
human1_lib1.final_cell_0076,beta,beta,inDrop1
human1_lib1.final_cell_0078,beta,beta,inDrop1
human1_lib1.final_cell_0085,activated_stellate,activated_stellate,inDrop1
human1_lib1.final_cell_0093,beta,beta,inDrop1
human1_lib1.final_cell_0104,delta,delta,inDrop1
human1_lib1.final_cell_0107,beta,beta,inDrop1
human1_lib1.final_cell_0109,acinar,acinar,inDrop1
human1_lib1.final_cell_0110,delta,delta,inDrop1
human1_lib1.final_cell_0111,beta,beta,inDrop1
human1_lib1.final_cell_0121,beta,beta,inDrop1
human1_lib1.final_cell_0126,beta,beta,inDrop1
human1_lib1.final_cell_0131,alpha,alpha,inDrop1
human1_lib1.final_cell_0136,beta,beta,inDrop1
human1_lib1.final_cell_0140,delta,delta,inDrop1
human1_lib1.final_cell_0158,beta,beta,inDrop1
human1_lib1.final_cell_0164,beta,beta,inDrop1
human1_lib1.final_cell_0165,beta,beta,inDrop1
human1_lib1.final_cell_0166,beta,beta,inDrop1
human1_lib1.final_cell_0171,acinar,acinar,inDrop1
human1_lib1.final_cell_0178,delta,delta,inDrop1
human1_lib1.final_cell_0180,delta,delta,inDrop1
human1_lib1.final_cell_0181,beta,beta,inDrop1
human1_lib1.final_cell_0182,acinar,acinar,inDrop1
human1_lib1.final_cell_0190,beta,beta,inDrop1
human1_lib1.final_cell_0198,alpha,alpha,inDrop1
human1_lib1.final_cell_0206,beta,beta,inDrop1
human1_lib1.final_cell_0213,beta,beta,inDrop1
human1_lib1.final_cell_0226,alpha,alpha,inDrop1
human1_lib1.final_cell_0232,delta,delta,inDrop1
human1_lib1.final_cell_0251,delta,delta,inDrop1
human1_lib1.final_cell_0255,delta,delta,inDrop1
human1_lib1.final_cell_0256,gamma,gamma,inDrop1
human1_lib1.final_cell_0271,delta,delta,inDrop1
human1_lib1.final_cell_0276,beta,beta,inDrop1
human1_lib1.final_cell_0283,beta,beta,inDrop1
human1_lib1.final_cell_0285,alpha,alpha,inDrop1
human1_lib1.final_cell_0286,beta,beta,inDrop1
human1_lib1.final_cell_0288,macrophage,macrophage,inDrop1
human1_lib1.final_cell_0289,endothelial,endothelial,inDrop1
human1_lib1.final_cell_0291,beta,beta,inDrop1
human1_lib1.final_cell_0298,beta,beta,inDrop1
human1_lib1.final_cell_0308,gamma,gamma,inDrop1
human1_lib1.final_cell_0309,epsilon,epsilon,inDrop1
human1_lib1.final_cell_0324,alpha,alpha,inDrop1
human1_lib1.final_cell_0327,alpha,alpha,inDrop1
human1_lib1.final_cell_0338,delta,delta,inDrop1
human1_lib1.final_cell_0339,beta,beta,inDrop1
human1_lib1.final_cell_0340,beta,beta,inDrop1
human1_lib1.final_cell_0346,beta,beta,inDrop1
human1_lib1.final_cell_0349,beta,beta,inDrop1
human1_lib1.final_cell_0373,gamma,gamma,inDrop1
human1_lib1.final_cell_0375,ductal,ductal,inDrop1
human1_lib1.final_cell_0376,endothelial,endothelial,inDrop1
human1_lib1.final_cell_0379,beta,beta,inDrop1
human1_lib1.final_cell_0387,beta,beta,inDrop1
human1_lib1.final_cell_0393,beta,beta,inDrop1
human1_lib1.final_cell_0395,beta,beta,inDrop1
human1_lib1.final_cell_0397,beta,beta,inDrop1
human1_lib1.final_cell_0399,activated_stellate,activated_stellate,inDrop1
human1_lib1.final_cell_0402,beta,beta,inDrop1
human1_lib1.final_cell_0412,ductal,ductal,inDrop1
human1_lib1.final_cell_0416,beta,delta,inDrop1
human1_lib1.final_cell_0431,gamma,gamma,inDrop1
human1_lib1.final_cell_0432,quiescent_stellate,quiescent_stellate,inDrop1
human1_lib1.final_cell_0433,alpha,alpha,inDrop1
human1_lib1.final_cell_0435,alpha,alpha,inDrop1
human1_lib1.final_cell_0441,beta,beta,inDrop1
human1_lib1.final_cell_0442,beta,beta,inDrop1
human1_lib1.final_cell_0447,beta,beta,inDrop1
human1_lib1.final_cell_0455,quiescent_stellate,quiescent_stellate,inDrop1
human1_lib1.final_cell_0456,endothelial,endothelial,inDrop1
human1_lib1.final_cell_0464,endothelial,endothelial,inDrop1
human1_lib1.final_cell_0472,beta,beta,inDrop1
human1_lib1.final_cell_0476,gamma,gamma,inDrop1
human1_lib1.final_cell_0485,quiescent_stellate,quiescent_stellate,inDrop1
human1_lib1.final_cell_0486,delta,delta,inDrop1
human1_lib1.final_cell_0492,alpha,alpha,inDrop1
human1_lib1.final_cell_0518,beta,beta,inDrop1
human1_lib1.final_cell_0529,beta,beta,inDrop1
human1_lib1.final_cell_0532,endothelial,endothelial,inDrop1
human1_lib1.final_cell_0534,endothelial,endothelial,inDrop1
human1_lib1.final_cell_0535,beta,beta,inDrop1
human1_lib1.final_cell_0537,endothelial,endothelial,inDrop1
human1_lib1.final_cell_0563,beta,beta,inDrop1
human1_lib1.final_cell_0568,beta,beta,inDrop1
human1_lib2.final_cell_0006,acinar,acinar,inDrop1
human1_lib2.final_cell_0010,ductal,ductal,inDrop1
human1_lib2.final_cell_0016,acinar,acinar,inDrop1
human1_lib2.final_cell_0023,alpha,alpha,inDrop1
human1_lib2.final_cell_0032,gamma,gamma,inDrop1
human1_lib2.final_cell_0034,delta,delta,inDrop1
human1_lib2.final_cell_0035,beta,beta,inDrop1
human1_lib2.final_cell_0050,beta,beta,inDrop1
human1_lib2.final_cell_0051,alpha,alpha,inDrop1
human1_lib2.final_cell_0056,beta,beta,inDrop1
human1_lib2.final_cell_0058,delta,delta,inDrop1
human1_lib2.final_cell_0063,delta,delta,inDrop1
human1_lib2.final_cell_0065,alpha,alpha,inDrop1
human1_lib2.final_cell_0071,beta,beta,inDrop1
human1_lib2.final_cell_0080,beta,beta,inDrop1
human1_lib2.final_cell_0081,delta,delta,inDrop1
human1_lib2.final_cell_0090,beta,beta,inDrop1
human1_lib2.final_cell_0097,delta,delta,inDrop1
human1_lib2.final_cell_0124,acinar,acinar,inDrop1
human1_lib2.final_cell_0171,beta,beta,inDrop1
human1_lib2.final_cell_0177,acinar,acinar,inDrop1
human1_lib2.final_cell_0180,beta,beta,inDrop1
human1_lib2.final_cell_0181,beta,beta,inDrop1
human1_lib2.final_cell_0191,delta,delta,inDrop1
human1_lib2.final_cell_0207,beta,beta,inDrop1
human1_lib2.final_cell_0215,beta,beta,inDrop1
human1_lib2.final_cell_0218,activated_stellate,activated_stellate,inDrop1
human1_lib2.final_cell_0227,beta,beta,inDrop1
human1_lib2.final_cell_0231,alpha,alpha,inDrop1
human1_lib2.final_cell_0242,beta,beta,inDrop1
human1_lib2.final_cell_0250,alpha,alpha,inDrop1
human1_lib2.final_cell_0259,beta,beta,inDrop1
human1_lib2.final_cell_0266,beta,beta,inDrop1
human1_lib2.final_cell_0268,ductal,ductal,inDrop1
human1_lib2.final_cell_0271,beta,beta,inDrop1
human1_lib2.final_cell_0287,macrophage,macrophage,inDrop1
human1_lib2.final_cell_0295,beta,beta,inDrop1
human1_lib2.final_cell_0299,beta,beta,inDrop1
human1_lib2.final_cell_0303,macrophage,macrophage,inDrop1
human1_lib2.final_cell_0309,activated_stellate,activated_stellate,inDrop1
human1_lib2.final_cell_0311,alpha,alpha,inDrop1
human1_lib2.final_cell_0325,beta,beta,inDrop1
human1_lib2.final_cell_0327,beta,beta,inDrop1
human1_lib2.final_cell_0329,delta,delta,inDrop1
human1_lib2.final_cell_0335,ductal,ductal,inDrop1
human1_lib2.final_cell_0346,quiescent_stellate,quiescent_stellate,inDrop1
human1_lib2.final_cell_0356,beta,beta,inDrop1
human1_lib2.final_cell_0366,delta,delta,inDrop1
human1_lib2.final_cell_0370,delta,delta,inDrop1
human1_lib2.final_cell_0380,macrophage,macrophage,inDrop1
human1_lib2.final_cell_0383,acinar,acinar,inDrop1
human1_lib2.final_cell_0384,beta,beta,inDrop1
human1_lib2.final_cell_0399,alpha,alpha,inDrop1
human1_lib2.final_cell_0421,delta,delta,inDrop1
human1_lib2.final_cell_0423,alpha,alpha,inDrop1
human1_lib2.final_cell_0425,endothelial,endothelial,inDrop1
human1_lib2.final_cell_0426,alpha,alpha,inDrop1
human1_lib2.final_cell_0431,activated_stellate,quiescent_stellate,inDrop1
human1_lib2.final_cell_0443,delta,delta,inDrop1
human1_lib2.final_cell_0446,beta,beta,inDrop1
human1_lib2.final_cell_0451,schwann,schwann,inDrop1
human1_lib2.final_cell_0452,endothelial,endothelial,inDrop1
human1_lib2.final_cell_0455,ductal,ductal,inDrop1
human1_lib2.final_cell_0476,endothelial,endothelial,inDrop1
human1_lib2.final_cell_0480,beta,beta,inDrop1
human1_lib2.final_cell_0486,alpha,alpha,inDrop1
human1_lib2.final_cell_0497,epsilon,gamma,inDrop1
human1_lib2.final_cell_0500,gamma,gamma,inDrop1
human1_lib2.final_cell_0512,beta,beta,inDrop1
human1_lib2.final_cell_0524,beta,beta,inDrop1
human1_lib2.final_cell_0539,endothelial,endothelial,inDrop1
human1_lib2.final_cell_0540,beta,beta,inDrop1
human1_lib2.final_cell_0551,beta,beta,inDrop1
human1_lib2.final_cell_0571,endothelial,endothelial,inDrop1
human1_lib2.final_cell_0573,beta,beta,inDrop1
human1_lib2.final_cell_0581,alpha,alpha,inDrop1
human1_lib2.final_cell_0588,beta,beta,inDrop1
human1_lib2.final_cell_0599,beta,beta,inDrop1
human1_lib2.final_cell_0601,quiescent_stellate,quiescent_stellate,inDrop1
human1_lib2.final_cell_0602,beta,beta,inDrop1
human1_lib2.final_cell_0608,alpha,alpha,inDrop1
human1_lib2.final_cell_0609,beta,beta,inDrop1
human1_lib2.final_cell_0612,activated_stellate,quiescent_stellate,inDrop1
human1_lib2.final_cell_0621,delta,beta,inDrop1
human1_lib2.final_cell_0622,endothelial,endothelial,inDrop1
human1_lib3.final_cell_0001,acinar,acinar,inDrop1
human1_lib3.final_cell_0027,beta,beta,inDrop1
human1_lib3.final_cell_0031,acinar,acinar,inDrop1
human1_lib3.final_cell_0040,delta,delta,inDrop1
human1_lib3.final_cell_0045,delta,delta,inDrop1
human1_lib3.final_cell_0053,beta,beta,inDrop1
human1_lib3.final_cell_0073,ductal,ductal,inDrop1
human1_lib3.final_cell_0074,delta,delta,inDrop1
human1_lib3.final_cell_0080,alpha,alpha,inDrop1
human1_lib3.final_cell_0081,beta,beta,inDrop1
human1_lib3.final_cell_0100,alpha,alpha,inDrop1
human1_lib3.final_cell_0110,delta,delta,inDrop1
human1_lib3.final_cell_0114,delta,epsilon,inDrop1
human1_lib3.final_cell_0116,delta,delta,inDrop1
human1_lib3.final_cell_0126,beta,beta,inDrop1
human1_lib3.final_cell_0133,beta,beta,inDrop1
human1_lib3.final_cell_0135,delta,delta,inDrop1
human1_lib3.final_cell_0141,delta,delta,inDrop1
human1_lib3.final_cell_0142,beta,beta,inDrop1
human1_lib3.final_cell_0148,beta,beta,inDrop1
human1_lib3.final_cell_0150,quiescent_stellate,ductal,inDrop1
human1_lib3.final_cell_0156,acinar,acinar,inDrop1
human1_lib3.final_cell_0165,beta,beta,inDrop1
human1_lib3.final_cell_0167,beta,beta,inDrop1
human1_lib3.final_cell_0175,beta,beta,inDrop1
human1_lib3.final_cell_0185,alpha,alpha,inDrop1
human1_lib3.final_cell_0190,alpha,alpha,inDrop1
human1_lib3.final_cell_0194,beta,beta,inDrop1
human1_lib3.final_cell_0201,delta,delta,inDrop1
human1_lib3.final_cell_0207,beta,beta,inDrop1
human1_lib3.final_cell_0216,delta,delta,inDrop1
human1_lib3.final_cell_0220,beta,beta,inDrop1
human1_lib3.final_cell_0224,beta,beta,inDrop1
human1_lib3.final_cell_0229,alpha,alpha,inDrop1
human1_lib3.final_cell_0232,delta,delta,inDrop1
human1_lib3.final_cell_0242,alpha,alpha,inDrop1
human1_lib3.final_cell_0249,gamma,gamma,inDrop1
human1_lib3.final_cell_0254,beta,beta,inDrop1
human1_lib3.final_cell_0255,activated_stellate,activated_stellate,inDrop1
human1_lib3.final_cell_0259,beta,beta,inDrop1
human1_lib3.final_cell_0262,beta,beta,inDrop1
human1_lib3.final_cell_0269,alpha,alpha,inDrop1
human1_lib3.final_cell_0270,epsilon,delta,inDrop1
human1_lib3.final_cell_0276,beta,beta,inDrop1
human1_lib3.final_cell_0279,ductal,ductal,inDrop1
human1_lib3.final_cell_0283,beta,beta,inDrop1
human1_lib3.final_cell_0290,beta,beta,inDrop1
human1_lib3.final_cell_0291,ductal,ductal,inDrop1
human1_lib3.final_cell_0292,delta,delta,inDrop1
human1_lib3.final_cell_0301,beta,beta,inDrop1
human1_lib3.final_cell_0310,beta,beta,inDrop1
human1_lib3.final_cell_0317,beta,beta,inDrop1
human1_lib3.final_cell_0321,beta,beta,inDrop1
human1_lib3.final_cell_0326,quiescent_stellate,quiescent_stellate,inDrop1
human1_lib3.final_cell_0328,ductal,ductal,inDrop1
human1_lib3.final_cell_0347,beta,beta,inDrop1
human1_lib3.final_cell_0370,beta,beta,inDrop1
human1_lib3.final_cell_0372,ductal,ductal,inDrop1
human1_lib3.final_cell_0378,beta,beta,inDrop1
human1_lib3.final_cell_0390,alpha,alpha,inDrop1
human1_lib3.final_cell_0395,alpha,alpha,inDrop1
human1_lib3.final_cell_0396,beta,beta,inDrop1
human1_lib3.final_cell_0397,alpha,alpha,inDrop1
human1_lib3.final_cell_0398,beta,beta,inDrop1
human1_lib3.final_cell_0417,quiescent_stellate,quiescent_stellate,inDrop1
human1_lib3.final_cell_0444,quiescent_stellate,quiescent_stellate,inDrop1
human1_lib3.final_cell_0446,beta,beta,inDrop1
human1_lib3.final_cell_0450,acinar,acinar,inDrop1
human1_lib3.final_cell_0463,epsilon,epsilon,inDrop1
human1_lib3.final_cell_0466,beta,beta,inDrop1
human1_lib3.final_cell_0474,ductal,ductal,inDrop1
human1_lib3.final_cell_0485,beta,beta,inDrop1
human1_lib3.final_cell_0489,alpha,alpha,inDrop1
human1_lib3.final_cell_0514,alpha,alpha,inDrop1
human1_lib3.final_cell_0521,beta,beta,inDrop1
human1_lib3.final_cell_0523,endothelial,endothelial,inDrop1
human1_lib3.final_cell_0527,beta,beta,inDrop1
human1_lib3.final_cell_0532,epsilon,epsilon,inDrop1
human1_lib3.final_cell_0535,alpha,alpha,inDrop1
human1_lib3.final_cell_0542,beta,beta,inDrop1
human1_lib3.final_cell_0545,beta,beta,inDrop1
human1_lib3.final_cell_0561,beta,beta,inDrop1
human1_lib3.final_cell_0577,beta,beta,inDrop1
human1_lib3.final_cell_0583,beta,beta,inDrop1
human1_lib3.final_cell_0590,endothelial,endothelial,inDrop1
human1_lib3.final_cell_0595,quiescent_stellate,quiescent_stellate,inDrop1
human1_lib3.final_cell_0602,endothelial,endothelial,inDrop1
human1_lib3.final_cell_0605,alpha,alpha,inDrop1
human1_lib3.final_cell_0612,beta,beta,inDrop1
human1_lib3.final_cell_0622,delta,delta,inDrop1
human1_lib3.final_cell_0628,acinar,acinar,inDrop1
human1_lib3.final_cell_0629,beta,beta,inDrop1
human1_lib3.final_cell_0633,beta,beta,inDrop1
human1_lib3.final_cell_0634,beta,beta,inDrop1
human1_lib3.final_cell_0637,quiescent_stellate,quiescent_stellate,inDrop1
human1_lib3.final_cell_0653,beta,beta,inDrop1
human1_lib3.final_cell_0656,quiescent_stellate,quiescent_stellate,inDrop1
human1_lib3.final_cell_0662,quiescent_stellate,quiescent_stellate,inDrop1
human1_lib3.final_cell_0667,beta,beta,inDrop1
human1_lib3.final_cell_0672,beta,beta,inDrop1
human1_lib3.final_cell_0698,quiescent_stellate,quiescent_stellate,inDrop1
human1_lib3.final_cell_0699,alpha,alpha,inDrop1
human1_lib3.final_cell_0701,beta,beta,inDrop1
human1_lib3.final_cell_0705,beta,beta,inDrop1
human1_lib3.final_cell_0711,endothelial,endothelial,inDrop1
human1_lib3.final_cell_0728,quiescent_stellate,quiescent_stellate,inDrop1
human1_lib3.final_cell_0729,beta,beta,inDrop1
human1_lib3.final_cell_0730,beta,beta,inDrop1
human1_lib3.final_cell_0737,beta,beta,inDrop1
human1_lib3.final_cell_0740,quiescent_stellate,quiescent_stellate,inDrop1
human2_lib1.final_cell_0007,delta,delta,inDrop2
human2_lib1.final_cell_0009,activated_stellate,activated_stellate,inDrop2
human2_lib1.final_cell_0010,ductal,ductal,inDrop2
human2_lib1.final_cell_0022,alpha,alpha,inDrop2
human2_lib1.final_cell_0029,ductal,ductal,inDrop2
human2_lib1.final_cell_0033,alpha,alpha,inDrop2
human2_lib1.final_cell_0038,ductal,ductal,inDrop2
human2_lib1.final_cell_0069,ductal,ductal,inDrop2
human2_lib1.final_cell_0082,ductal,ductal,inDrop2
human2_lib1.final_cell_0085,alpha,alpha,inDrop2
human2_lib1.final_cell_0088,alpha,alpha,inDrop2
human2_lib1.final_cell_0093,alpha,alpha,inDrop2
human2_lib1.final_cell_0099,alpha,alpha,inDrop2
human2_lib1.final_cell_0106,alpha,alpha,inDrop2
human2_lib1.final_cell_0112,ductal,ductal,inDrop2
human2_lib1.final_cell_0115,beta,beta,inDrop2
human2_lib1.final_cell_0117,ductal,ductal,inDrop2
human2_lib1.final_cell_0129,ductal,ductal,inDrop2
human2_lib1.final_cell_0137,beta,beta,inDrop2
human2_lib1.final_cell_0143,activated_stellate,activated_stellate,inDrop2
human2_lib1.final_cell_0144,alpha,alpha,inDrop2
human2_lib1.final_cell_0150,beta,beta,inDrop2
human2_lib1.final_cell_0154,alpha,alpha,inDrop2
human2_lib1.final_cell_0157,alpha,alpha,inDrop2
human2_lib1.final_cell_0158,alpha,alpha,inDrop2
human2_lib1.final_cell_0161,alpha,alpha,inDrop2
human2_lib1.final_cell_0165,activated_stellate,activated_stellate,inDrop2
human2_lib1.final_cell_0172,alpha,alpha,inDrop2
human2_lib1.final_cell_0175,alpha,alpha,inDrop2
human2_lib1.final_cell_0176,alpha,alpha,inDrop2
human2_lib1.final_cell_0182,beta,beta,inDrop2
human2_lib1.final_cell_0185,gamma,gamma,inDrop2
human2_lib1.final_cell_0189,gamma,gamma,inDrop2
human2_lib1.final_cell_0195,beta,beta,inDrop2
human2_lib1.final_cell_0202,activated_stellate,activated_stellate,inDrop2
human2_lib1.final_cell_0206,beta,beta,inDrop2
human2_lib1.final_cell_0213,ductal,ductal,inDrop2
human2_lib1.final_cell_0214,alpha,alpha,inDrop2
human2_lib1.final_cell_0231,beta,beta,inDrop2
human2_lib1.final_cell_0241,alpha,alpha,inDrop2
human2_lib1.final_cell_0246,delta,delta,inDrop2
human2_lib1.final_cell_0250,alpha,alpha,inDrop2
human2_lib1.final_cell_0264,alpha,alpha,inDrop2
human2_lib1.final_cell_0270,beta,beta,inDrop2
human2_lib1.final_cell_0283,endothelial,endothelial,inDrop2
human2_lib1.final_cell_0287,activated_stellate,activated_stellate,inDrop2
human2_lib1.final_cell_0293,beta,beta,inDrop2
human2_lib1.final_cell_0299,alpha,alpha,inDrop2
human2_lib1.final_cell_0304,beta,beta,inDrop2
human2_lib1.final_cell_0306,alpha,alpha,inDrop2
human2_lib1.final_cell_0308,alpha,alpha,inDrop2
human2_lib1.final_cell_0313,ductal,acinar,inDrop2
human2_lib1.final_cell_0316,alpha,alpha,inDrop2
human2_lib1.final_cell_0317,ductal,ductal,inDrop2
human2_lib1.final_cell_0322,alpha,alpha,inDrop2
human2_lib1.final_cell_0324,beta,beta,inDrop2
human2_lib1.final_cell_0326,beta,beta,inDrop2
human2_lib1.final_cell_0331,alpha,alpha,inDrop2
human2_lib1.final_cell_0346,ductal,ductal,inDrop2
human2_lib1.final_cell_0351,ductal,ductal,inDrop2
human2_lib1.final_cell_0352,alpha,gamma,inDrop2
human2_lib1.final_cell_0385,alpha,alpha,inDrop2
human2_lib1.final_cell_0388,beta,beta,inDrop2
human2_lib1.final_cell_0398,gamma,gamma,inDrop2
human2_lib1.final_cell_0409,alpha,alpha,inDrop2
human2_lib1.final_cell_0411,ductal,ductal,inDrop2
human2_lib1.final_cell_0414,gamma,gamma,inDrop2
human2_lib1.final_cell_0419,alpha,alpha,inDrop2
human2_lib1.final_cell_0439,gamma,gamma,inDrop2
human2_lib1.final_cell_0448,alpha,alpha,inDrop2
human2_lib1.final_cell_0454,alpha,alpha,inDrop2
human2_lib1.final_cell_0460,alpha,alpha,inDrop2
human2_lib1.final_cell_0464,alpha,alpha,inDrop2
human2_lib1.final_cell_0485,endothelial,endothelial,inDrop2
human2_lib1.final_cell_0487,beta,beta,inDrop2
human2_lib1.final_cell_0488,beta,beta,inDrop2
human2_lib1.final_cell_0489,alpha,alpha,inDrop2
human2_lib1.final_cell_0490,ductal,epsilon,inDrop2
human2_lib1.final_cell_0500,quiescent_stellate,quiescent_stellate,inDrop2
human2_lib1.final_cell_0516,beta,beta,inDrop2
human2_lib1.final_cell_0525,mast,mast,inDrop2
human2_lib1.final_cell_0531,gamma,gamma,inDrop2
human2_lib1.final_cell_0532,beta,beta,inDrop2
human2_lib1.final_cell_0537,alpha,alpha,inDrop2
human2_lib1.final_cell_0545,gamma,gamma,inDrop2
human2_lib1.final_cell_0552,alpha,alpha,inDrop2
human2_lib1.final_cell_0555,ductal,ductal,inDrop2
human2_lib2.final_cell_0003,alpha,alpha,inDrop2
human2_lib2.final_cell_0018,ductal,ductal,inDrop2
human2_lib2.final_cell_0019,alpha,alpha,inDrop2
human2_lib2.final_cell_0024,ductal,ductal,inDrop2
human2_lib2.final_cell_0025,beta,beta,inDrop2
human2_lib2.final_cell_0042,beta,beta,inDrop2
human2_lib2.final_cell_0051,alpha,alpha,inDrop2
human2_lib2.final_cell_0056,beta,beta,inDrop2
human2_lib2.final_cell_0058,beta,beta,inDrop2
human2_lib2.final_cell_0061,beta,beta,inDrop2
human2_lib2.final_cell_0063,alpha,alpha,inDrop2
human2_lib2.final_cell_0064,beta,beta,inDrop2
human2_lib2.final_cell_0076,ductal,ductal,inDrop2
human2_lib2.final_cell_0090,gamma,gamma,inDrop2
human2_lib2.final_cell_0092,alpha,alpha,inDrop2
human2_lib2.final_cell_0097,beta,beta,inDrop2
human2_lib2.final_cell_0101,alpha,alpha,inDrop2
human2_lib2.final_cell_0109,delta,delta,inDrop2
human2_lib2.final_cell_0112,activated_stellate,activated_stellate,inDrop2
human2_lib2.final_cell_0119,activated_stellate,activated_stellate,inDrop2
human2_lib2.final_cell_0124,alpha,alpha,inDrop2
human2_lib2.final_cell_0129,delta,delta,inDrop2
human2_lib2.final_cell_0133,beta,beta,inDrop2
human2_lib2.final_cell_0134,alpha,alpha,inDrop2
human2_lib2.final_cell_0135,beta,beta,inDrop2
human2_lib2.final_cell_0139,alpha,alpha,inDrop2
human2_lib2.final_cell_0142,beta,beta,inDrop2
human2_lib2.final_cell_0154,acinar,ductal,inDrop2
human2_lib2.final_cell_0157,ductal,ductal,inDrop2
human2_lib2.final_cell_0166,delta,delta,inDrop2
human2_lib2.final_cell_0168,alpha,alpha,inDrop2
human2_lib2.final_cell_0176,alpha,alpha,inDrop2
human2_lib2.final_cell_0182,beta,beta,inDrop2
human2_lib2.final_cell_0189,ductal,ductal,inDrop2
human2_lib2.final_cell_0194,alpha,alpha,inDrop2
human2_lib2.final_cell_0195,beta,beta,inDrop2
human2_lib2.final_cell_0212,alpha,alpha,inDrop2
human2_lib2.final_cell_0221,activated_stellate,activated_stellate,inDrop2
human2_lib2.final_cell_0223,beta,beta,inDrop2
human2_lib2.final_cell_0226,ductal,ductal,inDrop2
human2_lib2.final_cell_0231,beta,beta,inDrop2
human2_lib2.final_cell_0269,beta,beta,inDrop2
human2_lib2.final_cell_0278,beta,beta,inDrop2
human2_lib2.final_cell_0280,ductal,ductal,inDrop2
human2_lib2.final_cell_0283,delta,delta,inDrop2
human2_lib2.final_cell_0289,alpha,alpha,inDrop2
human2_lib2.final_cell_0292,alpha,alpha,inDrop2
human2_lib2.final_cell_0303,alpha,alpha,inDrop2
human2_lib2.final_cell_0311,alpha,alpha,inDrop2
human2_lib2.final_cell_0315,delta,delta,inDrop2
human2_lib2.final_cell_0319,alpha,alpha,inDrop2
human2_lib2.final_cell_0328,beta,beta,inDrop2
human2_lib2.final_cell_0333,alpha,alpha,inDrop2
human2_lib2.final_cell_0337,alpha,alpha,inDrop2
human2_lib2.final_cell_0338,beta,beta,inDrop2
human2_lib2.final_cell_0339,gamma,gamma,inDrop2
human2_lib2.final_cell_0351,gamma,gamma,inDrop2
human2_lib2.final_cell_0353,endothelial,endothelial,inDrop2
human2_lib2.final_cell_0354,alpha,alpha,inDrop2
human2_lib2.final_cell_0355,alpha,alpha,inDrop2
human2_lib2.final_cell_0366,beta,beta,inDrop2
human2_lib2.final_cell_0384,ductal,ductal,inDrop2
human2_lib2.final_cell_0392,beta,beta,inDrop2
human2_lib2.final_cell_0415,alpha,alpha,inDrop2
human2_lib2.final_cell_0422,alpha,alpha,inDrop2
human2_lib2.final_cell_0442,alpha,alpha,inDrop2
human2_lib2.final_cell_0446,alpha,alpha,inDrop2
human2_lib2.final_cell_0448,activated_stellate,activated_stellate,inDrop2
human2_lib2.final_cell_0450,alpha,alpha,inDrop2
human2_lib2.final_cell_0454,beta,beta,inDrop2
human2_lib2.final_cell_0460,alpha,alpha,inDrop2
human2_lib2.final_cell_0469,beta,beta,inDrop2
human2_lib2.final_cell_0471,alpha,alpha,inDrop2
human2_lib2.final_cell_0472,gamma,gamma,inDrop2
human2_lib2.final_cell_0475,beta,beta,inDrop2
human2_lib2.final_cell_0479,alpha,alpha,inDrop2
human2_lib2.final_cell_0489,alpha,alpha,inDrop2
human2_lib2.final_cell_0496,beta,beta,inDrop2
human2_lib2.final_cell_0498,alpha,alpha,inDrop2
human2_lib2.final_cell_0500,activated_stellate,activated_stellate,inDrop2
human2_lib2.final_cell_0503,alpha,alpha,inDrop2
human2_lib2.final_cell_0506,alpha,alpha,inDrop2
human2_lib2.final_cell_0507,beta,beta,inDrop2
human2_lib2.final_cell_0508,beta,beta,inDrop2
human2_lib2.final_cell_0526,mast,mast,inDrop2
human2_lib2.final_cell_0532,alpha,alpha,inDrop2
human2_lib2.final_cell_0537,alpha,alpha,inDrop2
human2_lib2.final_cell_0545,alpha,alpha,inDrop2
human2_lib2.final_cell_0550,gamma,gamma,inDrop2
human2_lib2.final_cell_0553,activated_stellate,activated_stellate,inDrop2
human2_lib2.final_cell_0563,ductal,ductal,inDrop2
human2_lib2.final_cell_0565,quiescent_stellate,quiescent_stellate,inDrop2
human2_lib2.final_cell_0579,gamma,gamma,inDrop2
human2_lib2.final_cell_0582,t_cell,t_cell,inDrop2
human2_lib3.final_cell_0004,beta,beta,inDrop2
human2_lib3.final_cell_0005,ductal,acinar,inDrop2
human2_lib3.final_cell_0007,beta,beta,inDrop2
human2_lib3.final_cell_0009,alpha,alpha,inDrop2
human2_lib3.final_cell_0018,ductal,ductal,inDrop2
human2_lib3.final_cell_0030,ductal,ductal,inDrop2
human2_lib3.final_cell_0033,delta,delta,inDrop2
human2_lib3.final_cell_0034,alpha,alpha,inDrop2
human2_lib3.final_cell_0041,delta,delta,inDrop2
human2_lib3.final_cell_0045,alpha,alpha,inDrop2
human2_lib3.final_cell_0048,delta,delta,inDrop2
human2_lib3.final_cell_0062,activated_stellate,activated_stellate,inDrop2
human2_lib3.final_cell_0064,ductal,ductal,inDrop2
human2_lib3.final_cell_0076,macrophage,macrophage,inDrop2
human2_lib3.final_cell_0079,beta,beta,inDrop2
human2_lib3.final_cell_0102,activated_stellate,activated_stellate,inDrop2
human2_lib3.final_cell_0104,alpha,alpha,inDrop2
human2_lib3.final_cell_0110,beta,beta,inDrop2
human2_lib3.final_cell_0114,ductal,ductal,inDrop2
human2_lib3.final_cell_0127,alpha,alpha,inDrop2
human2_lib3.final_cell_0134,beta,beta,inDrop2
human2_lib3.final_cell_0135,alpha,alpha,inDrop2
human2_lib3.final_cell_0138,alpha,alpha,inDrop2
human2_lib3.final_cell_0143,alpha,alpha,inDrop2
human2_lib3.final_cell_0146,alpha,alpha,inDrop2
human2_lib3.final_cell_0150,alpha,alpha,inDrop2
human2_lib3.final_cell_0158,ductal,ductal,inDrop2
human2_lib3.final_cell_0159,delta,delta,inDrop2
human2_lib3.final_cell_0160,beta,beta,inDrop2
human2_lib3.final_cell_0163,alpha,alpha,inDrop2
human2_lib3.final_cell_0164,alpha,alpha,inDrop2
human2_lib3.final_cell_0173,ductal,ductal,inDrop2
human2_lib3.final_cell_0181,alpha,alpha,inDrop2
human2_lib3.final_cell_0185,beta,beta,inDrop2
human2_lib3.final_cell_0191,ductal,ductal,inDrop2
human2_lib3.final_cell_0195,beta,beta,inDrop2
human2_lib3.final_cell_0196,ductal,ductal,inDrop2
human2_lib3.final_cell_0200,beta,beta,inDrop2
human2_lib3.final_cell_0201,alpha,alpha,inDrop2
human2_lib3.final_cell_0211,beta,beta,inDrop2
human2_lib3.final_cell_0217,ductal,ductal,inDrop2
human2_lib3.final_cell_0223,delta,delta,inDrop2
human2_lib3.final_cell_0228,alpha,alpha,inDrop2
human2_lib3.final_cell_0245,alpha,alpha,inDrop2
human2_lib3.final_cell_0247,activated_stellate,activated_stellate,inDrop2
human2_lib3.final_cell_0251,quiescent_stellate,quiescent_stellate,inDrop2
human2_lib3.final_cell_0258,alpha,alpha,inDrop2
human2_lib3.final_cell_0266,beta,beta,inDrop2
human2_lib3.final_cell_0269,ductal,ductal,inDrop2
human2_lib3.final_cell_0279,activated_stellate,activated_stellate,inDrop2
human2_lib3.final_cell_0285,alpha,alpha,inDrop2
human2_lib3.final_cell_0293,beta,beta,inDrop2
human2_lib3.final_cell_0297,ductal,ductal,inDrop2
human2_lib3.final_cell_0315,ductal,ductal,inDrop2
human2_lib3.final_cell_0316,alpha,alpha,inDrop2
human2_lib3.final_cell_0319,beta,ductal,inDrop2
human2_lib3.final_cell_0321,alpha,alpha,inDrop2
human2_lib3.final_cell_0322,beta,beta,inDrop2
human2_lib3.final_cell_0340,alpha,alpha,inDrop2
human2_lib3.final_cell_0341,ductal,ductal,inDrop2
human2_lib3.final_cell_0357,activated_stellate,activated_stellate,inDrop2
human2_lib3.final_cell_0358,gamma,gamma,inDrop2
human2_lib3.final_cell_0362,alpha,alpha,inDrop2
human2_lib3.final_cell_0375,alpha,alpha,inDrop2
human2_lib3.final_cell_0384,alpha,alpha,inDrop2
human2_lib3.final_cell_0399,gamma,gamma,inDrop2
human2_lib3.final_cell_0404,alpha,alpha,inDrop2
human2_lib3.final_cell_0408,gamma,epsilon,inDrop2
human2_lib3.final_cell_0411,alpha,alpha,inDrop2
human2_lib3.final_cell_0416,alpha,alpha,inDrop2
human2_lib3.final_cell_0425,gamma,gamma,inDrop2
human2_lib3.final_cell_0429,quiescent_stellate,quiescent_stellate,inDrop2
human2_lib3.final_cell_0436,beta,beta,inDrop2
human2_lib3.final_cell_0442,alpha,alpha,inDrop2
human2_lib3.final_cell_0449,alpha,alpha,inDrop2
human2_lib3.final_cell_0461,alpha,alpha,inDrop2
human2_lib3.final_cell_0469,alpha,alpha,inDrop2
human2_lib3.final_cell_0470,gamma,gamma,inDrop2
human2_lib3.final_cell_0488,activated_stellate,activated_stellate,inDrop2
human2_lib3.final_cell_0526,gamma,gamma,inDrop2
human2_lib3.final_cell_0530,mast,mast,inDrop2
human2_lib3.final_cell_0537,alpha,alpha,inDrop2
human2_lib3.final_cell_0541,alpha,gamma,inDrop2
human2_lib3.final_cell_0543,beta,beta,inDrop2
human2_lib3.final_cell_0546,mast,mast,inDrop2
human2_lib3.final_cell_0557,beta,beta,inDrop2
human3_lib1.final_cell_0005,acinar,acinar,inDrop3
human3_lib1.final_cell_0017,acinar,acinar,inDrop3
human3_lib1.final_cell_0021,acinar,acinar,inDrop3
human3_lib1.final_cell_0023,acinar,acinar,inDrop3
human3_lib1.final_cell_0029,acinar,acinar,inDrop3
human3_lib1.final_cell_0041,acinar,acinar,inDrop3
human3_lib1.final_cell_0042,acinar,acinar,inDrop3
human3_lib1.final_cell_0054,acinar,acinar,inDrop3
human3_lib1.final_cell_0060,acinar,acinar,inDrop3
human3_lib1.final_cell_0065,ductal,ductal,inDrop3
human3_lib1.final_cell_0074,acinar,acinar,inDrop3
human3_lib1.final_cell_0080,acinar,acinar,inDrop3
human3_lib1.final_cell_0101,acinar,acinar,inDrop3
human3_lib1.final_cell_0102,alpha,alpha,inDrop3
human3_lib1.final_cell_0106,delta,delta,inDrop3
human3_lib1.final_cell_0107,acinar,acinar,inDrop3
human3_lib1.final_cell_0114,delta,delta,inDrop3
human3_lib1.final_cell_0121,acinar,acinar,inDrop3
human3_lib1.final_cell_0130,delta,delta,inDrop3
human3_lib1.final_cell_0137,beta,beta,inDrop3
human3_lib1.final_cell_0147,beta,beta,inDrop3
human3_lib1.final_cell_0162,ductal,ductal,inDrop3
human3_lib1.final_cell_0177,alpha,alpha,inDrop3
human3_lib1.final_cell_0178,beta,beta,inDrop3
human3_lib1.final_cell_0183,beta,beta,inDrop3
human3_lib1.final_cell_0191,alpha,alpha,inDrop3
human3_lib1.final_cell_0193,delta,delta,inDrop3
human3_lib1.final_cell_0206,ductal,ductal,inDrop3
human3_lib1.final_cell_0220,acinar,acinar,inDrop3
human3_lib1.final_cell_0229,alpha,alpha,inDrop3
human3_lib1.final_cell_0230,acinar,acinar,inDrop3
human3_lib1.final_cell_0237,alpha,alpha,inDrop3
human3_lib1.final_cell_0250,alpha,alpha,inDrop3
human3_lib1.final_cell_0258,alpha,alpha,inDrop3
human3_lib1.final_cell_0265,ductal,ductal,inDrop3
human3_lib1.final_cell_0280,alpha,alpha,inDrop3
human3_lib1.final_cell_0282,acinar,acinar,inDrop3
human3_lib1.final_cell_0283,beta,beta,inDrop3
human3_lib1.final_cell_0285,alpha,alpha,inDrop3
human3_lib1.final_cell_0294,beta,beta,inDrop3
human3_lib1.final_cell_0299,alpha,alpha,inDrop3
human3_lib1.final_cell_0320,endothelial,endothelial,inDrop3
human3_lib1.final_cell_0322,beta,beta,inDrop3
human3_lib1.final_cell_0334,alpha,alpha,inDrop3
human3_lib1.final_cell_0336,alpha,alpha,inDrop3
human3_lib1.final_cell_0343,beta,beta,inDrop3
human3_lib1.final_cell_0351,alpha,alpha,inDrop3
human3_lib1.final_cell_0364,beta,beta,inDrop3
human3_lib1.final_cell_0368,alpha,alpha,inDrop3
human3_lib1.final_cell_0372,alpha,alpha,inDrop3
human3_lib1.final_cell_0373,acinar,acinar,inDrop3
human3_lib1.final_cell_0378,alpha,alpha,inDrop3
human3_lib1.final_cell_0390,alpha,alpha,inDrop3
human3_lib1.final_cell_0396,beta,beta,inDrop3
human3_lib1.final_cell_0398,acinar,acinar,inDrop3
human3_lib1.final_cell_0419,acinar,acinar,inDrop3
human3_lib1.final_cell_0421,beta,beta,inDrop3
human3_lib1.final_cell_0422,acinar,acinar,inDrop3
human3_lib1.final_cell_0424,beta,beta,inDrop3
human3_lib1.final_cell_0426,delta,delta,inDrop3
human3_lib1.final_cell_0437,ductal,ductal,inDrop3
human3_lib1.final_cell_0446,beta,beta,inDrop3
human3_lib1.final_cell_0449,beta,beta,inDrop3
human3_lib1.final_cell_0450,alpha,alpha,inDrop3
human3_lib1.final_cell_0453,activated_stellate,activated_stellate,inDrop3
human3_lib1.final_cell_0454,alpha,alpha,inDrop3
human3_lib1.final_cell_0494,beta,beta,inDrop3
human3_lib1.final_cell_0498,alpha,alpha,inDrop3
human3_lib1.final_cell_0502,gamma,gamma,inDrop3
human3_lib1.final_cell_0505,acinar,acinar,inDrop3
human3_lib1.final_cell_0506,alpha,alpha,inDrop3
human3_lib1.final_cell_0517,ductal,ductal,inDrop3
human3_lib1.final_cell_0521,alpha,alpha,inDrop3
human3_lib1.final_cell_0525,alpha,alpha,inDrop3
human3_lib1.final_cell_0527,alpha,alpha,inDrop3
human3_lib1.final_cell_0529,ductal,ductal,inDrop3
human3_lib1.final_cell_0548,beta,beta,inDrop3
human3_lib1.final_cell_0564,ductal,ductal,inDrop3
human3_lib1.final_cell_0567,ductal,ductal,inDrop3
human3_lib1.final_cell_0578,ductal,ductal,inDrop3
human3_lib1.final_cell_0580,acinar,acinar,inDrop3
human3_lib1.final_cell_0590,alpha,alpha,inDrop3
human3_lib1.final_cell_0592,alpha,alpha,inDrop3
human3_lib1.final_cell_0593,activated_stellate,activated_stellate,inDrop3
human3_lib1.final_cell_0602,alpha,alpha,inDrop3
human3_lib1.final_cell_0603,acinar,acinar,inDrop3
human3_lib1.final_cell_0606,beta,beta,inDrop3
human3_lib1.final_cell_0609,alpha,alpha,inDrop3
human3_lib1.final_cell_0610,beta,beta,inDrop3
human3_lib1.final_cell_0615,ductal,ductal,inDrop3
human3_lib1.final_cell_0620,alpha,alpha,inDrop3
human3_lib1.final_cell_0624,alpha,alpha,inDrop3
human3_lib1.final_cell_0630,ductal,ductal,inDrop3
human3_lib1.final_cell_0636,ductal,ductal,inDrop3
human3_lib1.final_cell_0640,beta,beta,inDrop3
human3_lib1.final_cell_0648,ductal,ductal,inDrop3
human3_lib1.final_cell_0658,alpha,alpha,inDrop3
human3_lib1.final_cell_0660,acinar,acinar,inDrop3
human3_lib1.final_cell_0661,acinar,acinar,inDrop3
human3_lib1.final_cell_0671,beta,beta,inDrop3
human3_lib1.final_cell_0676,ductal,ductal,inDrop3
human3_lib1.final_cell_0679,alpha,alpha,inDrop3
human3_lib1.final_cell_0682,activated_stellate,activated_stellate,inDrop3
human3_lib1.final_cell_0687,alpha,alpha,inDrop3
human3_lib1.final_cell_0690,alpha,alpha,inDrop3
human3_lib1.final_cell_0697,endothelial,endothelial,inDrop3
human3_lib1.final_cell_0709,ductal,ductal,inDrop3
human3_lib1.final_cell_0713,beta,beta,inDrop3
human3_lib1.final_cell_0714,beta,beta,inDrop3
human3_lib1.final_cell_0723,alpha,alpha,inDrop3
human3_lib1.final_cell_0729,alpha,alpha,inDrop3
human3_lib1.final_cell_0731,alpha,alpha,inDrop3
human3_lib1.final_cell_0734,endothelial,endothelial,inDrop3
human3_lib1.final_cell_0737,alpha,alpha,inDrop3
human3_lib1.final_cell_0741,beta,beta,inDrop3
human3_lib1.final_cell_0748,alpha,alpha,inDrop3
human3_lib1.final_cell_0758,beta,beta,inDrop3
human3_lib1.final_cell_0759,alpha,alpha,inDrop3
human3_lib1.final_cell_0769,alpha,alpha,inDrop3
human3_lib1.final_cell_0777,acinar,acinar,inDrop3
human3_lib1.final_cell_0780,alpha,alpha,inDrop3
human3_lib1.final_cell_0784,quiescent_stellate,quiescent_stellate,inDrop3
human3_lib1.final_cell_0791,beta,beta,inDrop3
human3_lib1.final_cell_0793,ductal,ductal,inDrop3
human3_lib1.final_cell_0795,beta,beta,inDrop3
human3_lib1.final_cell_0797,alpha,alpha,inDrop3
human3_lib1.final_cell_0800,alpha,alpha,inDrop3
human3_lib1.final_cell_0804,beta,beta,inDrop3
human3_lib1.final_cell_0805,beta,beta,inDrop3
human3_lib1.final_cell_0808,alpha,alpha,inDrop3
human3_lib1.final_cell_0809,alpha,alpha,inDrop3
human3_lib1.final_cell_0811,beta,beta,inDrop3
human3_lib1.final_cell_0812,acinar,acinar,inDrop3
human3_lib1.final_cell_0817,beta,beta,inDrop3
human3_lib1.final_cell_0819,alpha,alpha,inDrop3
human3_lib1.final_cell_0839,alpha,alpha,inDrop3
human3_lib1.final_cell_0840,beta,beta,inDrop3
human3_lib1.final_cell_0841,ductal,ductal,inDrop3
human3_lib1.final_cell_0846,beta,beta,inDrop3
human3_lib1.final_cell_0850,beta,beta,inDrop3
human3_lib1.final_cell_0854,beta,beta,inDrop3
human3_lib1.final_cell_0863,endothelial,endothelial,inDrop3
human3_lib1.final_cell_0869,beta,beta,inDrop3
human3_lib1.final_cell_0870,beta,beta,inDrop3
human3_lib1.final_cell_0878,beta,beta,inDrop3
human3_lib1.final_cell_0879,beta,beta,inDrop3
human3_lib1.final_cell_0897,endothelial,endothelial,inDrop3
human3_lib2.final_cell_0004,acinar,acinar,inDrop3
human3_lib2.final_cell_0007,acinar,acinar,inDrop3
human3_lib2.final_cell_0010,acinar,acinar,inDrop3
human3_lib2.final_cell_0017,acinar,acinar,inDrop3
human3_lib2.final_cell_0020,acinar,acinar,inDrop3
human3_lib2.final_cell_0022,acinar,acinar,inDrop3
human3_lib2.final_cell_0025,acinar,acinar,inDrop3
human3_lib2.final_cell_0041,acinar,acinar,inDrop3
human3_lib2.final_cell_0043,acinar,acinar,inDrop3
human3_lib2.final_cell_0062,acinar,acinar,inDrop3
human3_lib2.final_cell_0071,acinar,acinar,inDrop3
human3_lib2.final_cell_0078,acinar,acinar,inDrop3
human3_lib2.final_cell_0084,acinar,acinar,inDrop3
human3_lib2.final_cell_0086,acinar,acinar,inDrop3
human3_lib2.final_cell_0087,delta,delta,inDrop3
human3_lib2.final_cell_0092,delta,delta,inDrop3
human3_lib2.final_cell_0095,delta,delta,inDrop3
human3_lib2.final_cell_0096,acinar,acinar,inDrop3
human3_lib2.final_cell_0098,acinar,acinar,inDrop3
human3_lib2.final_cell_0109,acinar,acinar,inDrop3
human3_lib2.final_cell_0118,acinar,acinar,inDrop3
human3_lib2.final_cell_0119,acinar,acinar,inDrop3
human3_lib2.final_cell_0131,delta,delta,inDrop3
human3_lib2.final_cell_0136,delta,delta,inDrop3
human3_lib2.final_cell_0152,alpha,alpha,inDrop3
human3_lib2.final_cell_0153,beta,beta,inDrop3
human3_lib2.final_cell_0157,beta,beta,inDrop3
human3_lib2.final_cell_0162,ductal,ductal,inDrop3
human3_lib2.final_cell_0163,beta,beta,inDrop3
human3_lib2.final_cell_0164,acinar,acinar,inDrop3
human3_lib2.final_cell_0168,acinar,acinar,inDrop3
human3_lib2.final_cell_0171,acinar,acinar,inDrop3
human3_lib2.final_cell_0172,acinar,acinar,inDrop3
human3_lib2.final_cell_0173,alpha,alpha,inDrop3
human3_lib2.final_cell_0193,beta,beta,inDrop3
human3_lib2.final_cell_0197,alpha,alpha,inDrop3
human3_lib2.final_cell_0202,alpha,alpha,inDrop3
human3_lib2.final_cell_0210,beta,beta,inDrop3
human3_lib2.final_cell_0213,acinar,acinar,inDrop3
human3_lib2.final_cell_0214,acinar,acinar,inDrop3
human3_lib2.final_cell_0216,alpha,alpha,inDrop3
human3_lib2.final_cell_0224,ductal,ductal,inDrop3
human3_lib2.final_cell_0239,activated_stellate,activated_stellate,inDrop3
human3_lib2.final_cell_0242,beta,beta,inDrop3
human3_lib2.final_cell_0245,delta,delta,inDrop3
human3_lib2.final_cell_0246,alpha,alpha,inDrop3
human3_lib2.final_cell_0249,beta,beta,inDrop3
human3_lib2.final_cell_0255,alpha,alpha,inDrop3
human3_lib2.final_cell_0262,ductal,ductal,inDrop3
human3_lib2.final_cell_0269,acinar,acinar,inDrop3
human3_lib2.final_cell_0274,ductal,ductal,inDrop3
human3_lib2.final_cell_0281,ductal,ductal,inDrop3
human3_lib2.final_cell_0289,ductal,ductal,inDrop3
human3_lib2.final_cell_0293,ductal,ductal,inDrop3
human3_lib2.final_cell_0306,beta,beta,inDrop3
human3_lib2.final_cell_0312,alpha,alpha,inDrop3
human3_lib2.final_cell_0318,alpha,alpha,inDrop3
human3_lib2.final_cell_0322,alpha,alpha,inDrop3
human3_lib2.final_cell_0328,alpha,alpha,inDrop3
human3_lib2.final_cell_0329,alpha,alpha,inDrop3
human3_lib2.final_cell_0342,beta,beta,inDrop3
human3_lib2.final_cell_0343,ductal,ductal,inDrop3
human3_lib2.final_cell_0344,activated_stellate,activated_stellate,inDrop3
human3_lib2.final_cell_0352,beta,beta,inDrop3
human3_lib2.final_cell_0353,alpha,alpha,inDrop3
human3_lib2.final_cell_0354,beta,beta,inDrop3
human3_lib2.final_cell_0362,alpha,alpha,inDrop3
human3_lib2.final_cell_0371,beta,beta,inDrop3
human3_lib2.final_cell_0372,alpha,alpha,inDrop3
human3_lib2.final_cell_0373,endothelial,endothelial,inDrop3
human3_lib2.final_cell_0377,alpha,alpha,inDrop3
human3_lib2.final_cell_0379,ductal,ductal,inDrop3
human3_lib2.final_cell_0385,alpha,alpha,inDrop3
human3_lib2.final_cell_0397,alpha,alpha,inDrop3
human3_lib2.final_cell_0401,alpha,alpha,inDrop3
human3_lib2.final_cell_0415,alpha,alpha,inDrop3
human3_lib2.final_cell_0427,alpha,alpha,inDrop3
human3_lib2.final_cell_0439,beta,beta,inDrop3
human3_lib2.final_cell_0445,acinar,acinar,inDrop3
human3_lib2.final_cell_0450,beta,beta,inDrop3
human3_lib2.final_cell_0451,alpha,alpha,inDrop3
human3_lib2.final_cell_0453,acinar,acinar,inDrop3
human3_lib2.final_cell_0457,alpha,alpha,inDrop3
human3_lib2.final_cell_0464,beta,beta,inDrop3
human3_lib2.final_cell_0468,alpha,alpha,inDrop3
human3_lib2.final_cell_0478,alpha,alpha,inDrop3
human3_lib2.final_cell_0480,alpha,alpha,inDrop3
human3_lib2.final_cell_0483,alpha,alpha,inDrop3
human3_lib2.final_cell_0501,alpha,alpha,inDrop3
human3_lib2.final_cell_0506,acinar,acinar,inDrop3
human3_lib2.final_cell_0509,alpha,alpha,inDrop3
human3_lib2.final_cell_0514,alpha,alpha,inDrop3
human3_lib2.final_cell_0540,activated_stellate,activated_stellate,inDrop3
human3_lib2.final_cell_0563,beta,beta,inDrop3
human3_lib2.final_cell_0581,beta,beta,inDrop3
human3_lib2.final_cell_0583,alpha,alpha,inDrop3
human3_lib2.final_cell_0599,ductal,ductal,inDrop3
human3_lib2.final_cell_0602,alpha,alpha,inDrop3
human3_lib2.final_cell_0607,ductal,ductal,inDrop3
human3_lib2.final_cell_0608,acinar,acinar,inDrop3
human3_lib2.final_cell_0621,activated_stellate,activated_stellate,inDrop3
human3_lib2.final_cell_0622,beta,beta,inDrop3
human3_lib2.final_cell_0628,alpha,alpha,inDrop3
human3_lib2.final_cell_0634,alpha,alpha,inDrop3
human3_lib2.final_cell_0647,endothelial,endothelial,inDrop3
human3_lib2.final_cell_0650,activated_stellate,activated_stellate,inDrop3
human3_lib2.final_cell_0656,alpha,alpha,inDrop3
human3_lib2.final_cell_0660,activated_stellate,activated_stellate,inDrop3
human3_lib2.final_cell_0661,alpha,alpha,inDrop3
human3_lib2.final_cell_0671,acinar,acinar,inDrop3
human3_lib2.final_cell_0674,acinar,acinar,inDrop3
human3_lib2.final_cell_0675,acinar,acinar,inDrop3
human3_lib2.final_cell_0679,alpha,alpha,inDrop3
human3_lib2.final_cell_0680,alpha,alpha,inDrop3
human3_lib2.final_cell_0685,acinar,acinar,inDrop3
human3_lib2.final_cell_0697,activated_stellate,activated_stellate,inDrop3
human3_lib2.final_cell_0707,alpha,alpha,inDrop3
human3_lib2.final_cell_0714,alpha,alpha,inDrop3
human3_lib2.final_cell_0719,alpha,alpha,inDrop3
human3_lib2.final_cell_0728,acinar,acinar,inDrop3
human3_lib2.final_cell_0729,activated_stellate,activated_stellate,inDrop3
human3_lib2.final_cell_0736,alpha,alpha,inDrop3
human3_lib2.final_cell_0738,ductal,ductal,inDrop3
human3_lib2.final_cell_0747,alpha,alpha,inDrop3
human3_lib2.final_cell_0751,beta,beta,inDrop3
human3_lib2.final_cell_0766,endothelial,endothelial,inDrop3
human3_lib2.final_cell_0770,alpha,alpha,inDrop3
human3_lib2.final_cell_0778,quiescent_stellate,quiescent_stellate,inDrop3
human3_lib2.final_cell_0779,beta,beta,inDrop3
human3_lib2.final_cell_0793,alpha,alpha,inDrop3
human3_lib2.final_cell_0794,activated_stellate,activated_stellate,inDrop3
human3_lib2.final_cell_0797,beta,beta,inDrop3
human3_lib2.final_cell_0808,beta,beta,inDrop3
human3_lib2.final_cell_0819,endothelial,endothelial,inDrop3
human3_lib2.final_cell_0821,beta,beta,inDrop3
human3_lib2.final_cell_0827,beta,beta,inDrop3
human3_lib2.final_cell_0835,alpha,alpha,inDrop3
human3_lib2.final_cell_0847,activated_stellate,activated_stellate,inDrop3
human3_lib2.final_cell_0857,endothelial,endothelial,inDrop3
human3_lib2.final_cell_0860,beta,beta,inDrop3
human3_lib2.final_cell_0864,beta,beta,inDrop3
human3_lib2.final_cell_0866,ductal,alpha,inDrop3
human3_lib2.final_cell_0871,alpha,alpha,inDrop3
human3_lib3.final_cell_0010,acinar,acinar,inDrop3
human3_lib3.final_cell_0012,acinar,acinar,inDrop3
human3_lib3.final_cell_0014,acinar,acinar,inDrop3
human3_lib3.final_cell_0019,acinar,acinar,inDrop3
human3_lib3.final_cell_0021,acinar,acinar,inDrop3
human3_lib3.final_cell_0025,acinar,acinar,inDrop3
human3_lib3.final_cell_0032,alpha,alpha,inDrop3
human3_lib3.final_cell_0040,acinar,acinar,inDrop3
human3_lib3.final_cell_0052,beta,beta,inDrop3
human3_lib3.final_cell_0054,beta,beta,inDrop3
human3_lib3.final_cell_0057,acinar,acinar,inDrop3
human3_lib3.final_cell_0059,acinar,acinar,inDrop3
human3_lib3.final_cell_0065,acinar,acinar,inDrop3
human3_lib3.final_cell_0069,acinar,ductal,inDrop3
human3_lib3.final_cell_0074,acinar,acinar,inDrop3
human3_lib3.final_cell_0079,acinar,acinar,inDrop3
human3_lib3.final_cell_0087,beta,beta,inDrop3
human3_lib3.final_cell_0098,acinar,acinar,inDrop3
human3_lib3.final_cell_0112,beta,beta,inDrop3
human3_lib3.final_cell_0119,acinar,acinar,inDrop3
human3_lib3.final_cell_0123,acinar,acinar,inDrop3
human3_lib3.final_cell_0125,alpha,alpha,inDrop3
human3_lib3.final_cell_0134,activated_stellate,activated_stellate,inDrop3
human3_lib3.final_cell_0162,acinar,acinar,inDrop3
human3_lib3.final_cell_0165,beta,beta,inDrop3
human3_lib3.final_cell_0167,beta,beta,inDrop3
human3_lib3.final_cell_0168,acinar,acinar,inDrop3
human3_lib3.final_cell_0180,acinar,acinar,inDrop3
human3_lib3.final_cell_0181,beta,beta,inDrop3
human3_lib3.final_cell_0191,acinar,acinar,inDrop3
human3_lib3.final_cell_0200,beta,beta,inDrop3
human3_lib3.final_cell_0204,acinar,acinar,inDrop3
human3_lib3.final_cell_0207,acinar,acinar,inDrop3
human3_lib3.final_cell_0208,acinar,acinar,inDrop3
human3_lib3.final_cell_0210,beta,beta,inDrop3
human3_lib3.final_cell_0211,delta,delta,inDrop3
human3_lib3.final_cell_0217,alpha,alpha,inDrop3
human3_lib3.final_cell_0226,acinar,acinar,inDrop3
human3_lib3.final_cell_0234,alpha,alpha,inDrop3
human3_lib3.final_cell_0268,acinar,acinar,inDrop3
human3_lib3.final_cell_0290,ductal,ductal,inDrop3
human3_lib3.final_cell_0297,beta,beta,inDrop3
human3_lib3.final_cell_0301,acinar,acinar,inDrop3
human3_lib3.final_cell_0304,beta,beta,inDrop3
human3_lib3.final_cell_0312,ductal,ductal,inDrop3
human3_lib3.final_cell_0330,alpha,alpha,inDrop3
human3_lib3.final_cell_0333,acinar,acinar,inDrop3
human3_lib3.final_cell_0339,acinar,acinar,inDrop3
human3_lib3.final_cell_0343,beta,beta,inDrop3
human3_lib3.final_cell_0345,delta,delta,inDrop3
human3_lib3.final_cell_0360,alpha,alpha,inDrop3
human3_lib3.final_cell_0364,beta,beta,inDrop3
human3_lib3.final_cell_0368,alpha,alpha,inDrop3
human3_lib3.final_cell_0371,beta,beta,inDrop3
human3_lib3.final_cell_0378,alpha,alpha,inDrop3
human3_lib3.final_cell_0381,delta,delta,inDrop3
human3_lib3.final_cell_0385,acinar,acinar,inDrop3
human3_lib3.final_cell_0388,ductal,ductal,inDrop3
human3_lib3.final_cell_0390,alpha,alpha,inDrop3
human3_lib3.final_cell_0407,ductal,ductal,inDrop3
human3_lib3.final_cell_0412,beta,beta,inDrop3
human3_lib3.final_cell_0428,beta,beta,inDrop3
human3_lib3.final_cell_0431,alpha,alpha,inDrop3
human3_lib3.final_cell_0456,alpha,alpha,inDrop3
human3_lib3.final_cell_0469,alpha,alpha,inDrop3
human3_lib3.final_cell_0472,alpha,alpha,inDrop3
human3_lib3.final_cell_0478,acinar,acinar,inDrop3
human3_lib3.final_cell_0483,acinar,acinar,inDrop3
human3_lib3.final_cell_0490,ductal,ductal,inDrop3
human3_lib3.final_cell_0492,alpha,alpha,inDrop3
human3_lib3.final_cell_0493,beta,beta,inDrop3
human3_lib3.final_cell_0495,acinar,acinar,inDrop3
human3_lib3.final_cell_0502,alpha,alpha,inDrop3
human3_lib3.final_cell_0503,beta,beta,inDrop3
human3_lib3.final_cell_0505,alpha,alpha,inDrop3
human3_lib3.final_cell_0509,alpha,alpha,inDrop3
human3_lib3.final_cell_0513,alpha,alpha,inDrop3
human3_lib3.final_cell_0516,activated_stellate,activated_stellate,inDrop3
human3_lib3.final_cell_0521,ductal,ductal,inDrop3
human3_lib3.final_cell_0534,beta,beta,inDrop3
human3_lib3.final_cell_0537,acinar,acinar,inDrop3
human3_lib3.final_cell_0546,ductal,ductal,inDrop3
human3_lib3.final_cell_0559,alpha,alpha,inDrop3
human3_lib3.final_cell_0563,delta,delta,inDrop3
human3_lib3.final_cell_0572,delta,beta,inDrop3
human3_lib3.final_cell_0574,beta,beta,inDrop3
human3_lib3.final_cell_0579,beta,beta,inDrop3
human3_lib3.final_cell_0595,alpha,alpha,inDrop3
human3_lib3.final_cell_0598,alpha,alpha,inDrop3
human3_lib3.final_cell_0607,acinar,acinar,inDrop3
human3_lib3.final_cell_0610,acinar,acinar,inDrop3
human3_lib3.final_cell_0614,gamma,gamma,inDrop3
human3_lib3.final_cell_0616,alpha,alpha,inDrop3
human3_lib3.final_cell_0623,alpha,alpha,inDrop3
human3_lib3.final_cell_0626,ductal,ductal,inDrop3
human3_lib3.final_cell_0628,ductal,ductal,inDrop3
human3_lib3.final_cell_0630,alpha,alpha,inDrop3
human3_lib3.final_cell_0640,ductal,ductal,inDrop3
human3_lib3.final_cell_0646,acinar,acinar,inDrop3
human3_lib3.final_cell_0655,alpha,alpha,inDrop3
human3_lib3.final_cell_0673,delta,delta,inDrop3
human3_lib3.final_cell_0674,ductal,ductal,inDrop3
human3_lib3.final_cell_0676,alpha,alpha,inDrop3
human3_lib3.final_cell_0693,ductal,ductal,inDrop3
human3_lib3.final_cell_0695,activated_stellate,activated_stellate,inDrop3
human3_lib3.final_cell_0721,alpha,alpha,inDrop3
human3_lib3.final_cell_0735,acinar,acinar,inDrop3
human3_lib3.final_cell_0746,alpha,alpha,inDrop3
human3_lib3.final_cell_0755,alpha,alpha,inDrop3
human3_lib3.final_cell_0763,alpha,alpha,inDrop3
human3_lib3.final_cell_0767,alpha,alpha,inDrop3
human3_lib3.final_cell_0770,alpha,alpha,inDrop3
human3_lib3.final_cell_0771,alpha,alpha,inDrop3
human3_lib3.final_cell_0778,beta,beta,inDrop3
human3_lib3.final_cell_0791,alpha,alpha,inDrop3
human3_lib3.final_cell_0793,beta,beta,inDrop3
human3_lib3.final_cell_0816,endothelial,endothelial,inDrop3
human3_lib3.final_cell_0826,alpha,alpha,inDrop3
human3_lib3.final_cell_0831,alpha,alpha,inDrop3
human3_lib3.final_cell_0832,beta,beta,inDrop3
human3_lib3.final_cell_0837,alpha,alpha,inDrop3
human3_lib3.final_cell_0841,endothelial,endothelial,inDrop3
human3_lib3.final_cell_0845,beta,beta,inDrop3
human3_lib3.final_cell_0846,alpha,alpha,inDrop3
human3_lib3.final_cell_0848,alpha,alpha,inDrop3
human3_lib3.final_cell_0852,beta,beta,inDrop3
human3_lib3.final_cell_0870,beta,beta,inDrop3
human3_lib3.final_cell_0873,beta,beta,inDrop3
human3_lib3.final_cell_0878,beta,beta,inDrop3
human3_lib3.final_cell_0881,delta,delta,inDrop3
human3_lib3.final_cell_0887,acinar,acinar,inDrop3
human3_lib3.final_cell_0897,beta,beta,inDrop3
human3_lib3.final_cell_0907,delta,delta,inDrop3
human3_lib3.final_cell_0908,macrophage,macrophage,inDrop3
human3_lib3.final_cell_0913,endothelial,endothelial,inDrop3
human3_lib3.final_cell_0923,endothelial,endothelial,inDrop3
human3_lib3.final_cell_0934,beta,beta,inDrop3
human3_lib4.final_cell_0006,acinar,acinar,inDrop3
human3_lib4.final_cell_0020,acinar,acinar,inDrop3
human3_lib4.final_cell_0045,alpha,alpha,inDrop3
human3_lib4.final_cell_0046,acinar,acinar,inDrop3
human3_lib4.final_cell_0057,acinar,acinar,inDrop3
human3_lib4.final_cell_0059,acinar,acinar,inDrop3
human3_lib4.final_cell_0061,acinar,acinar,inDrop3
human3_lib4.final_cell_0067,delta,delta,inDrop3
human3_lib4.final_cell_0069,acinar,acinar,inDrop3
human3_lib4.final_cell_0071,beta,beta,inDrop3
human3_lib4.final_cell_0077,acinar,acinar,inDrop3
human3_lib4.final_cell_0080,acinar,acinar,inDrop3
human3_lib4.final_cell_0081,acinar,acinar,inDrop3
human3_lib4.final_cell_0083,acinar,acinar,inDrop3
human3_lib4.final_cell_0090,acinar,acinar,inDrop3
human3_lib4.final_cell_0092,beta,beta,inDrop3
human3_lib4.final_cell_0100,ductal,ductal,inDrop3
human3_lib4.final_cell_0109,acinar,acinar,inDrop3
human3_lib4.final_cell_0111,acinar,acinar,inDrop3
human3_lib4.final_cell_0126,acinar,acinar,inDrop3
human3_lib4.final_cell_0128,acinar,acinar,inDrop3
human3_lib4.final_cell_0129,acinar,acinar,inDrop3
human3_lib4.final_cell_0139,acinar,acinar,inDrop3
human3_lib4.final_cell_0159,beta,beta,inDrop3
human3_lib4.final_cell_0161,beta,beta,inDrop3
human3_lib4.final_cell_0165,acinar,acinar,inDrop3
human3_lib4.final_cell_0173,acinar,acinar,inDrop3
human3_lib4.final_cell_0175,acinar,acinar,inDrop3
human3_lib4.final_cell_0181,ductal,ductal,inDrop3
human3_lib4.final_cell_0183,delta,delta,inDrop3
human3_lib4.final_cell_0184,acinar,acinar,inDrop3
human3_lib4.final_cell_0201,beta,beta,inDrop3
human3_lib4.final_cell_0238,alpha,alpha,inDrop3
human3_lib4.final_cell_0244,beta,beta,inDrop3
human3_lib4.final_cell_0246,alpha,alpha,inDrop3
human3_lib4.final_cell_0258,alpha,alpha,inDrop3
human3_lib4.final_cell_0261,gamma,gamma,inDrop3
human3_lib4.final_cell_0263,beta,beta,inDrop3
human3_lib4.final_cell_0270,acinar,acinar,inDrop3
human3_lib4.final_cell_0272,acinar,acinar,inDrop3
human3_lib4.final_cell_0273,alpha,alpha,inDrop3
human3_lib4.final_cell_0276,alpha,alpha,inDrop3
human3_lib4.final_cell_0280,alpha,alpha,inDrop3
human3_lib4.final_cell_0294,alpha,alpha,inDrop3
human3_lib4.final_cell_0296,delta,delta,inDrop3
human3_lib4.final_cell_0299,beta,beta,inDrop3
human3_lib4.final_cell_0304,alpha,alpha,inDrop3
human3_lib4.final_cell_0305,alpha,alpha,inDrop3
human3_lib4.final_cell_0315,ductal,ductal,inDrop3
human3_lib4.final_cell_0322,delta,delta,inDrop3
human3_lib4.final_cell_0329,beta,beta,inDrop3
human3_lib4.final_cell_0336,alpha,alpha,inDrop3
human3_lib4.final_cell_0345,acinar,acinar,inDrop3
human3_lib4.final_cell_0347,beta,beta,inDrop3
human3_lib4.final_cell_0348,beta,beta,inDrop3
human3_lib4.final_cell_0369,alpha,alpha,inDrop3
human3_lib4.final_cell_0374,beta,beta,inDrop3
human3_lib4.final_cell_0379,delta,delta,inDrop3
human3_lib4.final_cell_0382,alpha,alpha,inDrop3
human3_lib4.final_cell_0397,alpha,alpha,inDrop3
human3_lib4.final_cell_0412,ductal,ductal,inDrop3
human3_lib4.final_cell_0432,alpha,alpha,inDrop3
human3_lib4.final_cell_0435,delta,delta,inDrop3
human3_lib4.final_cell_0436,alpha,gamma,inDrop3
human3_lib4.final_cell_0441,alpha,alpha,inDrop3
human3_lib4.final_cell_0453,alpha,alpha,inDrop3
human3_lib4.final_cell_0456,alpha,alpha,inDrop3
human3_lib4.final_cell_0472,beta,beta,inDrop3
human3_lib4.final_cell_0479,alpha,alpha,inDrop3
human3_lib4.final_cell_0492,alpha,alpha,inDrop3
human3_lib4.final_cell_0504,beta,beta,inDrop3
human3_lib4.final_cell_0506,beta,beta,inDrop3
human3_lib4.final_cell_0515,ductal,ductal,inDrop3
human3_lib4.final_cell_0526,beta,beta,inDrop3
human3_lib4.final_cell_0533,acinar,acinar,inDrop3
human3_lib4.final_cell_0549,acinar,acinar,inDrop3
human3_lib4.final_cell_0575,acinar,acinar,inDrop3
human3_lib4.final_cell_0582,alpha,alpha,inDrop3
human3_lib4.final_cell_0583,beta,beta,inDrop3
human3_lib4.final_cell_0592,alpha,alpha,inDrop3
human3_lib4.final_cell_0603,endothelial,endothelial,inDrop3
human3_lib4.final_cell_0604,beta,beta,inDrop3
human3_lib4.final_cell_0634,alpha,alpha,inDrop3
human3_lib4.final_cell_0639,alpha,alpha,inDrop3
human3_lib4.final_cell_0650,alpha,alpha,inDrop3
human3_lib4.final_cell_0657,beta,beta,inDrop3
human3_lib4.final_cell_0661,alpha,alpha,inDrop3
human3_lib4.final_cell_0667,acinar,ductal,inDrop3
human3_lib4.final_cell_0668,alpha,alpha,inDrop3
human3_lib4.final_cell_0669,alpha,alpha,inDrop3
human3_lib4.final_cell_0676,alpha,alpha,inDrop3
human3_lib4.final_cell_0677,alpha,alpha,inDrop3
human3_lib4.final_cell_0678,alpha,alpha,inDrop3
human3_lib4.final_cell_0689,beta,beta,inDrop3
human3_lib4.final_cell_0690,ductal,ductal,inDrop3
human3_lib4.final_cell_0693,ductal,ductal,inDrop3
human3_lib4.final_cell_0697,alpha,alpha,inDrop3
human3_lib4.final_cell_0707,ductal,ductal,inDrop3
human3_lib4.final_cell_0709,beta,beta,inDrop3
human3_lib4.final_cell_0711,alpha,alpha,inDrop3
human3_lib4.final_cell_0722,alpha,alpha,inDrop3
human3_lib4.final_cell_0723,beta,beta,inDrop3
human3_lib4.final_cell_0724,ductal,ductal,inDrop3
human3_lib4.final_cell_0733,alpha,alpha,inDrop3
human3_lib4.final_cell_0735,beta,beta,inDrop3
human3_lib4.final_cell_0738,alpha,alpha,inDrop3
human3_lib4.final_cell_0740,alpha,alpha,inDrop3
human3_lib4.final_cell_0757,ductal,ductal,inDrop3
human3_lib4.final_cell_0768,ductal,ductal,inDrop3
human3_lib4.final_cell_0770,alpha,alpha,inDrop3
human3_lib4.final_cell_0772,alpha,alpha,inDrop3
human3_lib4.final_cell_0777,alpha,alpha,inDrop3
human3_lib4.final_cell_0786,gamma,gamma,inDrop3
human3_lib4.final_cell_0788,beta,beta,inDrop3
human3_lib4.final_cell_0789,alpha,beta,inDrop3
human3_lib4.final_cell_0809,beta,delta,inDrop3
human3_lib4.final_cell_0810,beta,beta,inDrop3
human3_lib4.final_cell_0814,beta,beta,inDrop3
human3_lib4.final_cell_0818,endothelial,endothelial,inDrop3
human3_lib4.final_cell_0820,alpha,alpha,inDrop3
human3_lib4.final_cell_0821,alpha,alpha,inDrop3
human3_lib4.final_cell_0822,beta,beta,inDrop3
human3_lib4.final_cell_0825,ductal,ductal,inDrop3
human3_lib4.final_cell_0859,activated_stellate,quiescent_stellate,inDrop3
human3_lib4.final_cell_0862,beta,beta,inDrop3
human3_lib4.final_cell_0867,beta,beta,inDrop3
human3_lib4.final_cell_0873,ductal,ductal,inDrop3
human3_lib4.final_cell_0876,endothelial,endothelial,inDrop3
human3_lib4.final_cell_0881,alpha,alpha,inDrop3
human3_lib4.final_cell_0883,schwann,schwann,inDrop3
human4_lib1.final_cell_0011,alpha,alpha,inDrop4
human4_lib1.final_cell_0033,ductal,ductal,inDrop4
human4_lib1.final_cell_0035,macrophage,macrophage,inDrop4
human4_lib1.final_cell_0041,beta,beta,inDrop4
human4_lib1.final_cell_0042,beta,beta,inDrop4
human4_lib1.final_cell_0043,alpha,alpha,inDrop4
human4_lib1.final_cell_0049,beta,beta,inDrop4
human4_lib1.final_cell_0053,beta,beta,inDrop4
human4_lib1.final_cell_0065,ductal,acinar,inDrop4
human4_lib1.final_cell_0067,alpha,alpha,inDrop4
human4_lib1.final_cell_0084,beta,beta,inDrop4
human4_lib1.final_cell_0094,alpha,alpha,inDrop4
human4_lib1.final_cell_0111,ductal,ductal,inDrop4
human4_lib1.final_cell_0113,beta,beta,inDrop4
human4_lib1.final_cell_0116,ductal,ductal,inDrop4
human4_lib1.final_cell_0121,beta,beta,inDrop4
human4_lib1.final_cell_0123,alpha,alpha,inDrop4
human4_lib1.final_cell_0125,beta,beta,inDrop4
human4_lib1.final_cell_0134,ductal,acinar,inDrop4
human4_lib1.final_cell_0137,ductal,ductal,inDrop4
human4_lib1.final_cell_0148,ductal,ductal,inDrop4
human4_lib1.final_cell_0176,delta,delta,inDrop4
human4_lib1.final_cell_0177,beta,beta,inDrop4
human4_lib1.final_cell_0181,ductal,ductal,inDrop4
human4_lib1.final_cell_0188,beta,beta,inDrop4
human4_lib1.final_cell_0189,delta,delta,inDrop4
human4_lib1.final_cell_0198,beta,beta,inDrop4
human4_lib1.final_cell_0201,ductal,ductal,inDrop4
human4_lib1.final_cell_0209,ductal,ductal,inDrop4
human4_lib1.final_cell_0211,alpha,alpha,inDrop4
human4_lib1.final_cell_0219,beta,beta,inDrop4
human4_lib1.final_cell_0233,alpha,alpha,inDrop4
human4_lib1.final_cell_0240,gamma,gamma,inDrop4
human4_lib1.final_cell_0245,beta,beta,inDrop4
human4_lib1.final_cell_0251,ductal,ductal,inDrop4
human4_lib1.final_cell_0259,alpha,alpha,inDrop4
human4_lib1.final_cell_0275,alpha,alpha,inDrop4
human4_lib1.final_cell_0276,beta,beta,inDrop4
human4_lib1.final_cell_0279,alpha,alpha,inDrop4
human4_lib1.final_cell_0290,beta,beta,inDrop4
human4_lib1.final_cell_0303,ductal,ductal,inDrop4
human4_lib1.final_cell_0307,beta,beta,inDrop4
human4_lib1.final_cell_0327,alpha,alpha,inDrop4
human4_lib1.final_cell_0336,ductal,ductal,inDrop4
human4_lib1.final_cell_0342,beta,beta,inDrop4
human4_lib1.final_cell_0350,alpha,alpha,inDrop4
human4_lib1.final_cell_0352,beta,beta,inDrop4
human4_lib1.final_cell_0363,alpha,alpha,inDrop4
human4_lib1.final_cell_0380,beta,beta,inDrop4
human4_lib1.final_cell_0387,delta,delta,inDrop4
human4_lib1.final_cell_0390,beta,beta,inDrop4
human4_lib1.final_cell_0391,alpha,alpha,inDrop4
human4_lib1.final_cell_0393,delta,delta,inDrop4
human4_lib1.final_cell_0394,alpha,alpha,inDrop4
human4_lib1.final_cell_0406,delta,delta,inDrop4
human4_lib1.final_cell_0409,beta,beta,inDrop4
human4_lib1.final_cell_0420,ductal,ductal,inDrop4
human4_lib1.final_cell_0431,beta,beta,inDrop4
human4_lib1.final_cell_0440,activated_stellate,activated_stellate,inDrop4
human4_lib1.final_cell_0446,ductal,ductal,inDrop4
human4_lib1.final_cell_0447,activated_stellate,activated_stellate,inDrop4
human4_lib1.final_cell_0455,ductal,ductal,inDrop4
human4_lib1.final_cell_0458,gamma,gamma,inDrop4
human4_lib1.final_cell_0461,beta,beta,inDrop4
human4_lib1.final_cell_0462,ductal,ductal,inDrop4
human4_lib1.final_cell_0477,alpha,alpha,inDrop4
human4_lib1.final_cell_0484,gamma,gamma,inDrop4
human4_lib1.final_cell_0488,gamma,gamma,inDrop4
human4_lib1.final_cell_0494,delta,delta,inDrop4
human4_lib1.final_cell_0500,beta,beta,inDrop4
human4_lib1.final_cell_0504,beta,beta,inDrop4
human4_lib1.final_cell_0509,beta,beta,inDrop4
human4_lib1.final_cell_0512,beta,beta,inDrop4
human4_lib1.final_cell_0513,beta,epsilon,inDrop4
human4_lib1.final_cell_0516,beta,beta,inDrop4
human4_lib1.final_cell_0530,delta,delta,inDrop4
human4_lib1.final_cell_0534,ductal,ductal,inDrop4
human4_lib1.final_cell_0545,alpha,alpha,inDrop4
human4_lib1.final_cell_0546,beta,beta,inDrop4
human4_lib1.final_cell_0550,delta,delta,inDrop4
human4_lib1.final_cell_0551,beta,beta,inDrop4
human4_lib1.final_cell_0558,alpha,alpha,inDrop4
human4_lib1.final_cell_0561,gamma,epsilon,inDrop4
human4_lib1.final_cell_0566,ductal,alpha,inDrop4
human4_lib1.final_cell_0578,quiescent_stellate,quiescent_stellate,inDrop4
human4_lib1.final_cell_0579,macrophage,macrophage,inDrop4
human4_lib1.final_cell_0582,beta,delta,inDrop4
human4_lib1.final_cell_0585,ductal,ductal,inDrop4
human4_lib1.final_cell_0587,beta,beta,inDrop4
human4_lib3.final_cell_0004,beta,beta,inDrop4
human4_lib3.final_cell_0010,beta,beta,inDrop4
human4_lib3.final_cell_0027,beta,beta,inDrop4
human4_lib3.final_cell_0033,delta,delta,inDrop4
human4_lib3.final_cell_0047,delta,delta,inDrop4
human4_lib3.final_cell_0048,alpha,alpha,inDrop4
human4_lib3.final_cell_0056,delta,delta,inDrop4
human4_lib3.final_cell_0058,delta,delta,inDrop4
human4_lib3.final_cell_0059,activated_stellate,activated_stellate,inDrop4
human4_lib3.final_cell_0069,ductal,ductal,inDrop4
human4_lib3.final_cell_0071,ductal,ductal,inDrop4
human4_lib3.final_cell_0077,beta,beta,inDrop4
human4_lib3.final_cell_0084,gamma,gamma,inDrop4
human4_lib3.final_cell_0094,beta,beta,inDrop4
human4_lib3.final_cell_0105,beta,beta,inDrop4
human4_lib3.final_cell_0120,alpha,alpha,inDrop4
human4_lib3.final_cell_0121,beta,beta,inDrop4
human4_lib3.final_cell_0125,ductal,acinar,inDrop4
human4_lib3.final_cell_0130,ductal,ductal,inDrop4
human4_lib3.final_cell_0131,ductal,ductal,inDrop4
human4_lib3.final_cell_0139,beta,beta,inDrop4
human4_lib3.final_cell_0150,beta,beta,inDrop4
human4_lib3.final_cell_0159,ductal,ductal,inDrop4
human4_lib3.final_cell_0165,delta,delta,inDrop4
human4_lib3.final_cell_0188,alpha,alpha,inDrop4
human4_lib3.final_cell_0198,beta,beta,inDrop4
human4_lib3.final_cell_0210,alpha,alpha,inDrop4
human4_lib3.final_cell_0217,alpha,alpha,inDrop4
human4_lib3.final_cell_0225,beta,beta,inDrop4
human4_lib3.final_cell_0236,delta,delta,inDrop4
human4_lib3.final_cell_0240,alpha,alpha,inDrop4
human4_lib3.final_cell_0245,ductal,ductal,inDrop4
human4_lib3.final_cell_0255,beta,beta,inDrop4
human4_lib3.final_cell_0262,beta,beta,inDrop4
human4_lib3.final_cell_0265,ductal,ductal,inDrop4
human4_lib3.final_cell_0271,delta,epsilon,inDrop4
human4_lib3.final_cell_0280,alpha,alpha,inDrop4
human4_lib3.final_cell_0297,beta,beta,inDrop4
human4_lib3.final_cell_0302,beta,beta,inDrop4
human4_lib3.final_cell_0305,beta,beta,inDrop4
human4_lib3.final_cell_0310,beta,beta,inDrop4
human4_lib3.final_cell_0311,ductal,ductal,inDrop4
human4_lib3.final_cell_0313,beta,beta,inDrop4
human4_lib3.final_cell_0314,gamma,gamma,inDrop4
human4_lib3.final_cell_0318,ductal,ductal,inDrop4
human4_lib3.final_cell_0323,beta,beta,inDrop4
human4_lib3.final_cell_0327,alpha,alpha,inDrop4
human4_lib3.final_cell_0335,ductal,acinar,inDrop4
human4_lib3.final_cell_0345,gamma,gamma,inDrop4
human4_lib3.final_cell_0346,delta,delta,inDrop4
human4_lib3.final_cell_0349,gamma,gamma,inDrop4
human4_lib3.final_cell_0352,beta,beta,inDrop4
human4_lib3.final_cell_0353,beta,beta,inDrop4
human4_lib3.final_cell_0373,beta,beta,inDrop4
human4_lib3.final_cell_0375,alpha,alpha,inDrop4
human4_lib3.final_cell_0381,beta,beta,inDrop4
human4_lib3.final_cell_0400,ductal,ductal,inDrop4
human4_lib3.final_cell_0406,beta,beta,inDrop4
human4_lib3.final_cell_0407,alpha,alpha,inDrop4
human4_lib3.final_cell_0408,alpha,alpha,inDrop4
human4_lib3.final_cell_0432,ductal,ductal,inDrop4
human4_lib3.final_cell_0436,gamma,gamma,inDrop4
human4_lib3.final_cell_0450,beta,beta,inDrop4
human4_lib3.final_cell_0477,alpha,alpha,inDrop4
human4_lib3.final_cell_0478,beta,beta,inDrop4
human4_lib3.final_cell_0480,beta,beta,inDrop4
human4_lib3.final_cell_0489,beta,beta,inDrop4
human4_lib3.final_cell_0491,beta,beta,inDrop4
human4_lib3.final_cell_0514,beta,beta,inDrop4
human4_lib3.final_cell_0517,ductal,ductal,inDrop4
human4_lib3.final_cell_0522,alpha,alpha,inDrop4
human4_lib3.final_cell_0524,activated_stellate,activated_stellate,inDrop4
human4_lib3.final_cell_0529,gamma,gamma,inDrop4
human4_lib3.final_cell_0532,alpha,alpha,inDrop4
human4_lib3.final_cell_0546,alpha,alpha,inDrop4
human4_lib3.final_cell_0551,beta,beta,inDrop4
human4_lib3.final_cell_0553,beta,delta,inDrop4
human4_lib3.final_cell_0556,ductal,ductal,inDrop4
human4_lib3.final_cell_0557,beta,beta,inDrop4
human4_lib3.final_cell_0563,alpha,alpha,inDrop4
human4_lib3.final_cell_0564,beta,beta,inDrop4
human4_lib3.final_cell_0565,alpha,alpha,inDrop4
human4_lib3.final_cell_0586,alpha,alpha,inDrop4
human4_lib3.final_cell_0587,ductal,ductal,inDrop4
human4_lib3.final_cell_0596,alpha,alpha,inDrop4
human4_lib3.final_cell_0598,alpha,alpha,inDrop4
human4_lib3.final_cell_0603,alpha,alpha,inDrop4
human4_lib3.final_cell_0627,beta,beta,inDrop4
human4_lib3.final_cell_0642,ductal,ductal,inDrop4
human4_lib3.final_cell_0643,gamma,gamma,inDrop4
human4_lib3.final_cell_0656,ductal,ductal,inDrop4
human4_lib3.final_cell_0663,beta,beta,inDrop4
human4_lib3.final_cell_0677,ductal,ductal,inDrop4
human4_lib3.final_cell_0678,beta,beta,inDrop4
human4_lib3.final_cell_0686,activated_stellate,activated_stellate,inDrop4
human4_lib3.final_cell_0687,beta,beta,inDrop4
human4_lib3.final_cell_0688,beta,beta,inDrop4
human4_lib3.final_cell_0689,alpha,alpha,inDrop4
human4_lib3.final_cell_0693,beta,beta,inDrop4
human4_lib3.final_cell_0697,activated_stellate,activated_stellate,inDrop4
Sample_5,beta,beta,smarter
Sample_7,beta,beta,smarter
Sample_21,beta,beta,smarter
Sample_27,beta,beta,smarter
Sample_52,beta,beta,smarter
Sample_60,beta,beta,smarter
Sample_66,beta,beta,smarter
Sample_75,beta,beta,smarter
Sample_98,beta,beta,smarter
Sample_100,beta,beta,smarter
Sample_101,beta,beta,smarter
Sample_103,beta,beta,smarter
Sample_105,beta,beta,smarter
Sample_111,beta,beta,smarter
Sample_127,beta,beta,smarter
Sample_132,beta,beta,smarter
Sample_139,beta,beta,smarter
Sample_147,beta,beta,smarter
Sample_161,beta,beta,smarter
Sample_164,beta,beta,smarter
Sample_170,beta,beta,smarter
Sample_175,beta,beta,smarter
Sample_176,beta,gamma,smarter
Sample_199,beta,beta,smarter
Sample_201,beta,beta,smarter
Sample_202,beta,beta,smarter
Sample_203,beta,beta,smarter
Sample_211,alpha,alpha,smarter
Sample_221,alpha,alpha,smarter
Sample_224,alpha,beta,smarter
Sample_225,alpha,alpha,smarter
Sample_231,alpha,alpha,smarter
Sample_236,alpha,alpha,smarter
Sample_237,alpha,alpha,smarter
Sample_241,alpha,alpha,smarter
Sample_242,alpha,alpha,smarter
Sample_248,alpha,alpha,smarter
Sample_251,alpha,alpha,smarter
Sample_260,alpha,alpha,smarter
Sample_265,alpha,alpha,smarter
Sample_290,alpha,alpha,smarter
Sample_293,alpha,alpha,smarter
Sample_306,alpha,alpha,smarter
Sample_307,alpha,alpha,smarter
Sample_309,alpha,alpha,smarter
Sample_312,alpha,alpha,smarter
Sample_315,alpha,alpha,smarter
Sample_324,alpha,alpha,smarter
Sample_334,alpha,alpha,smarter
Sample_345,alpha,alpha,smarter
Sample_358,alpha,alpha,smarter
Sample_363,alpha,alpha,smarter
Sample_364,alpha,alpha,smarter
Sample_389,alpha,alpha,smarter
Sample_417,alpha,alpha,smarter
Sample_425,alpha,alpha,smarter
Sample_427,alpha,alpha,smarter
Sample_444,alpha,alpha,smarter
Sample_450,alpha,alpha,smarter
Sample_451,alpha,alpha,smarter
Sample_453,alpha,alpha,smarter
Sample_469,alpha,alpha,smarter
Sample_473,alpha,alpha,smarter
Sample_478,alpha,alpha,smarter
Sample_482,alpha,alpha,smarter
Sample_487,alpha,alpha,smarter
Sample_491,alpha,alpha,smarter
Sample_497,alpha,alpha,smarter
Sample_498,alpha,alpha,smarter
Sample_506,alpha,alpha,smarter
Sample_511,alpha,alpha,smarter
Sample_519,alpha,alpha,smarter
Sample_521,alpha,alpha,smarter
Sample_532,alpha,alpha,smarter
Sample_541,alpha,alpha,smarter
Sample_547,alpha,alpha,smarter
Sample_548,alpha,alpha,smarter
Sample_556,alpha,alpha,smarter
Sample_563,alpha,alpha,smarter
Sample_565,alpha,alpha,smarter
Sample_570,alpha,alpha,smarter
Sample_571,alpha,alpha,smarter
Sample_575,alpha,alpha,smarter
Sample_577,alpha,alpha,smarter
Sample_585,delta,delta,smarter
Sample_588,delta,delta,smarter
Sample_600,delta,delta,smarter
Sample_605,delta,delta,smarter
Sample_612,delta,delta,smarter
Sample_621,gamma,gamma,smarter
Sample_626,gamma,gamma,smarter
Sample_628,gamma,gamma,smarter
Sample_634,gamma,gamma,smarter
Sample_637,gamma,gamma,smarter
Sample_677,beta,beta,smarter
Sample_682,beta,beta,smarter
Sample_683,beta,delta,smarter
Sample_690,beta,beta,smarter
Sample_695,beta,beta,smarter
Sample_697,beta,beta,smarter
Sample_702,beta,beta,smarter
Sample_705,beta,beta,smarter
Sample_715,beta,beta,smarter
Sample_719,beta,beta,smarter
Sample_734,beta,beta,smarter
Sample_736,beta,beta,smarter
Sample_742,beta,beta,smarter
Sample_744,beta,beta,smarter
Sample_751,beta,beta,smarter
Sample_758,beta,beta,smarter
Sample_772,beta,beta,smarter
Sample_778,beta,beta,smarter
Sample_785,beta,beta,smarter
Sample_790,beta,beta,smarter
Sample_792,beta,beta,smarter
Sample_800,beta,beta,smarter
Sample_806,beta,beta,smarter
Sample_838,beta,beta,smarter
Sample_847,beta,beta,smarter
Sample_862,beta,beta,smarter
Sample_872,beta,beta,smarter
Sample_881,beta,beta,smarter
Sample_884,beta,beta,smarter
Sample_906,beta,beta,smarter
Sample_932,beta,beta,smarter
Sample_933,beta,beta,smarter
Sample_934,beta,beta,smarter
Sample_945,beta,beta,smarter
Sample_955,alpha,alpha,smarter
Sample_965,alpha,alpha,smarter
Sample_984,alpha,alpha,smarter
Sample_993,alpha,alpha,smarter
Sample_997,alpha,alpha,smarter
Sample_999,alpha,alpha,smarter
Sample_1003,alpha,alpha,smarter
Sample_1007,alpha,alpha,smarter
Sample_1020,alpha,alpha,smarter
Sample_1026,alpha,alpha,smarter
Sample_1030,alpha,alpha,smarter
Sample_1033,alpha,alpha,smarter
Sample_1038,alpha,alpha,smarter
Sample_1040,alpha,alpha,smarter
Sample_1050,alpha,alpha,smarter
Sample_1052,alpha,alpha,smarter
Sample_1054,alpha,alpha,smarter
Sample_1062,alpha,alpha,smarter
Sample_1064,alpha,alpha,smarter
Sample_1067,alpha,alpha,smarter
Sample_1068,alpha,alpha,smarter
Sample_1072,alpha,alpha,smarter
Sample_1091,alpha,alpha,smarter
Sample_1101,alpha,alpha,smarter
Sample_1110,alpha,alpha,smarter
Sample_1111,alpha,alpha,smarter
Sample_1133,alpha,alpha,smarter
Sample_1139,alpha,alpha,smarter
Sample_1148,alpha,alpha,smarter
Sample_1167,alpha,alpha,smarter
Sample_1174,alpha,alpha,smarter
Sample_1187,alpha,alpha,smarter
Sample_1224,alpha,alpha,smarter
Sample_1236,alpha,alpha,smarter
Sample_1252,alpha,alpha,smarter
Sample_1259,alpha,alpha,smarter
Sample_1262,alpha,alpha,smarter
Sample_1276,alpha,alpha,smarter
Sample_1280,alpha,alpha,smarter
Sample_1281,alpha,alpha,smarter
Sample_1284,alpha,alpha,smarter
Sample_1288,alpha,alpha,smarter
Sample_1295,alpha,alpha,smarter
Sample_1298,alpha,alpha,smarter
Sample_1305,alpha,alpha,smarter
Sample_1307,alpha,alpha,smarter
Sample_1312,alpha,alpha,smarter
Sample_1316,alpha,alpha,smarter
Sample_1319,alpha,alpha,smarter
Sample_1322,alpha,alpha,smarter
Sample_1326,alpha,alpha,smarter
Sample_1329,alpha,alpha,smarter
Sample_1332,alpha,alpha,smarter
Sample_1334,alpha,alpha,smarter
Sample_1353,alpha,alpha,smarter
Sample_1354,alpha,alpha,smarter
Sample_1357,alpha,alpha,smarter
Sample_1362,alpha,alpha,smarter
Sample_1379,alpha,alpha,smarter
Sample_1389,alpha,alpha,smarter
Sample_1409,alpha,alpha,smarter
Sample_1415,alpha,alpha,smarter
Sample_1419,alpha,alpha,smarter
Sample_1425,alpha,alpha,smarter
Sample_1429,alpha,alpha,smarter
Sample_1437,alpha,alpha,smarter
Sample_1449,alpha,alpha,smarter
Sample_1454,alpha,alpha,smarter
Sample_1456,alpha,alpha,smarter
Sample_1464,alpha,alpha,smarter
Sample_1466,alpha,alpha,smarter
Sample_1467,alpha,alpha,smarter
Sample_1470,alpha,alpha,smarter
Sample_1489,alpha,alpha,smarter
Sample_1491,alpha,alpha,smarter
Sample_1499,alpha,alpha,smarter
Sample_1507,alpha,alpha,smarter
Sample_1508,alpha,alpha,smarter
Sample_1533,delta,delta,smarter
Sample_1534,delta,delta,smarter
Sample_1554,gamma,gamma,smarter
Sample_1556,gamma,gamma,smarter
Sample_1572,gamma,gamma,smarter
Sample_1592,gamma,gamma,smarter
