cell_id,cell_type,batch,split
human3_lib1.final_cell_0788,beta,inDrop3,train
HP1504101T2D_G1,alpha,smartseq2,train
human1_lib3.final_cell_0232,delta,inDrop1,test
human3_lib4.final_cell_0247,alpha,inDrop3,train
HP1508501T2D_C13,alpha,smartseq2,train
human1_lib2.final_cell_0479,beta,inDrop1,train
human3_lib4.final_cell_0794,acinar,inDrop3,train
HP1504901_E6,ductal,smartseq2,test
human3_lib1.final_cell_0673,beta,inDrop3,train
human3_lib4.final_cell_0418,acinar,inDrop3,train
human3_lib1.final_cell_0488,ductal,inDrop3,train
HP1502401_N8,beta,smartseq2,train
human3_lib1.final_cell_0801,beta,inDrop3,train
human3_lib3.final_cell_0497,alpha,inDrop3,train
HP1504101T2D_B11,alpha,smartseq2,train
human1_lib1.final_cell_0133,beta,inDrop1,train
HP1506401_C9,beta,smartseq2,train
D29-8_63,ductal,celseq2,test
human3_lib4.final_cell_0891,alpha,inDrop3,validation
D29-1_72,gamma,celseq2,train
human2_lib1.final_cell_0284,ductal,inDrop2,train
human4_lib3.final_cell_0261,ductal,inDrop4,train
human2_lib2.final_cell_0537,alpha,inDrop2,test
human3_lib2.final_cell_0774,acinar,inDrop3,train
human2_lib3.final_cell_0072,alpha,inDrop2,train
Sample_493,alpha,smarter,train
HP1508501T2D_L18,alpha,smartseq2,validation
human3_lib4.final_cell_0462,beta,inDrop3,train
Sample_959,alpha,smarter,train
human1_lib2.final_cell_0610,endothelial,inDrop1,train
AZ_B11,alpha,smartseq2,test
HP1504101T2D_F13,gamma,smartseq2,validation
Sample_402,alpha,smarter,train
HP1504101T2D_A8,alpha,smartseq2,train
D28-8_26,delta,celseq2,train
human3_lib1.final_cell_0559,beta,inDrop3,train
D30-4_65,mast,celseq2,test
D31-2_36,delta,celseq2,train
human2_lib3.final_cell_0073,alpha,inDrop2,train
Sample_1500,alpha,smarter,train
human1_lib3.final_cell_0492,beta,inDrop1,train
D2ex_62,ductal,celseq,train
Sample_1396,alpha,smarter,train
D31-5_71,delta,celseq2,validation
D1713_87,ductal,celseq,test
D1713_21,alpha,celseq,train
Sample_927,beta,smarter,train
human1_lib2.final_cell_0380,macrophage,inDrop1,test
3rd-C51_S87,activated_stellate,fluidigmc1,train
human3_lib3.final_cell_0764,alpha,inDrop3,train
human4_lib3.final_cell_0378,gamma,inDrop4,train
9th-C1_S3,beta,fluidigmc1,test
HP1506401_D15,ductal,smartseq2,test
human1_lib2.final_cell_0321,ductal,inDrop1,train
D17TGFB_76,acinar,celseq,train
D31-4_70,acinar,celseq2,train
D28-8_2,alpha,celseq2,train
Sample_77,beta,smarter,validation
Sample_677,beta,smarter,test
human3_lib4.final_cell_0181,ductal,inDrop3,test
human1_lib2.final_cell_0085,beta,inDrop1,train
human2_lib3.final_cell_0296,alpha,inDrop2,train
human3_lib4.final_cell_0508,beta,inDrop3,validation
human1_lib1.final_cell_0196,beta,inDrop1,train
human3_lib1.final_cell_0285,alpha,inDrop3,test
HP1506401_J11,acinar,smartseq2,train
human2_lib2.final_cell_0233,ductal,inDrop2,train
D30-8_71,alpha,celseq2,train
D2ex_43,beta,celseq,validation
human4_lib3.final_cell_0143,beta,inDrop4,train
human1_lib3.final_cell_0070,acinar,inDrop1,train
HP1502401_F20,alpha,smartseq2,train
D31-5_9,beta,celseq2,test
D30-7_84,schwann,celseq2,validation
human3_lib2.final_cell_0570,ductal,inDrop3,train
D29-6_1,alpha,celseq2,validation
human4_lib3.final_cell_0056,delta,inDrop4,test
Sample_1430,alpha,smarter,train
HP1526901T2D_J4,alpha,smartseq2,validation
human4_lib3.final_cell_0254,ductal,inDrop4,train
10th_C85_S86,beta,fluidigmc1,train
human3_lib1.final_cell_0293,alpha,inDrop3,train
Sample_1092,alpha,smarter,train
human1_lib3.final_cell_0167,beta,inDrop1,test
human2_lib2.final_cell_0512,alpha,inDrop2,train
human3_lib3.final_cell_0082,acinar,inDrop3,train
human4_lib3.final_cell_0674,beta,inDrop4,train
human3_lib1.final_cell_0270,acinar,inDrop3,train
HP1525301T2D_C23,acinar,smartseq2,test
human3_lib4.final_cell_0149,acinar,inDrop3,train
human2_lib2.final_cell_0479,alpha,inDrop2,test
human2_lib1.final_cell_0114,alpha,inDrop2,train
human1_lib2.final_cell_0102,delta,inDrop1,train
Sample_10,beta,smarter,train
D3ex_71,acinar,celseq,train
HP1502401_G24,beta,smartseq2,train
D17All1_10,alpha,celseq,train
human3_lib4.final_cell_0160,alpha,inDrop3,train
human3_lib4.final_cell_0306,beta,inDrop3,train
HP1504101T2D_M6,alpha,smartseq2,train
human1_lib3.final_cell_0379,ductal,inDrop1,train
human3_lib1.final_cell_0629,alpha,inDrop3,train
2nd-C58_S22,alpha,fluidigmc1,test
HP1525301T2D_C10,alpha,smartseq2,train
human1_lib2.final_cell_0038,alpha,inDrop1,validation
human3_lib4.final_cell_0427,beta,inDrop3,train
human3_lib4.final_cell_0823,beta,inDrop3,train
Sample_1274,alpha,smarter,train
HP1506401_C5,alpha,smartseq2,test
human4_lib1.final_cell_0473,alpha,inDrop4,train
human2_lib1.final_cell_0121,ductal,inDrop2,train
human2_lib3.final_cell_0449,alpha,inDrop2,test
HP1525301T2D_K5,acinar,smartseq2,train
D172444_4,alpha,celseq,train
D71_10,acinar,celseq,train
D30-5_91,delta,celseq2,train
human3_lib2.final_cell_0417,ductal,inDrop3,train
Sample_1032,alpha,smarter,train
human1_lib2.final_cell_0585,beta,inDrop1,train
Sample_1193,alpha,smarter,train
D3en4_9,acinar,celseq,train
Sample_561,alpha,smarter,train
HP1509101_J24,alpha,smartseq2,train
human3_lib4.final_cell_0446,alpha,inDrop3,validation
human3_lib2.final_cell_0240,alpha,inDrop3,validation
Sample_50,beta,smarter,train
human3_lib3.final_cell_0783,alpha,inDrop3,train
human2_lib1.final_cell_0240,alpha,inDrop2,validation
human1_lib2.final_cell_0049,alpha,inDrop1,train
human3_lib4.final_cell_0757,ductal,inDrop3,test
human2_lib1.final_cell_0227,beta,inDrop2,train
human1_lib2.final_cell_0613,alpha,inDrop1,train
human4_lib1.final_cell_0258,alpha,inDrop4,train
human2_lib1.final_cell_0058,beta,inDrop2,train
human3_lib1.final_cell_0876,alpha,inDrop3,train
HP1502401_E21,alpha,smartseq2,train
human3_lib3.final_cell_0131,beta,inDrop3,train
human3_lib4.final_cell_0243,beta,inDrop3,train
human2_lib1.final_cell_0032,ductal,inDrop2,validation
human3_lib3.final_cell_0898,endothelial,inDrop3,validation
human1_lib3.final_cell_0530,mast,inDrop1,train
human3_lib1.final_cell_0099,beta,inDrop3,validation
D17All1_23,beta,celseq,train
HP1506401_L4,ductal,smartseq2,test
HP1509101_H21,alpha,smartseq2,train
Sample_470,alpha,smarter,train
human1_lib3.final_cell_0180,alpha,inDrop1,train
human3_lib1.final_cell_0241,beta,inDrop3,train
human1_lib3.final_cell_0241,ductal,inDrop1,validation
human2_lib1.final_cell_0286,alpha,inDrop2,train
human3_lib2.final_cell_0400,alpha,inDrop3,train
D72_2,alpha,celseq,train
human4_lib1.final_cell_0425,endothelial,inDrop4,train
human4_lib1.final_cell_0028,delta,inDrop4,train
HP1526901T2D_O8,beta,smartseq2,validation
human3_lib1.final_cell_0867,beta,inDrop3,train
human1_lib1.final_cell_0055,beta,inDrop1,test
D29-5_79,gamma,celseq2,train
Sample_453,alpha,smarter,test
human3_lib4.final_cell_0130,delta,inDrop3,train
HP1509101_P9,ductal,smartseq2,train
human1_lib2.final_cell_0113,beta,inDrop1,validation
HP1502401_H4,alpha,smartseq2,validation
D1713_83,ductal,celseq,train
human3_lib4.final_cell_0488,alpha,inDrop3,train
Sample_297,alpha,smarter,train
human2_lib3.final_cell_0032,alpha,inDrop2,train
human2_lib1.final_cell_0124,beta,inDrop2,train
D31-5_13,ductal,celseq2,train
human1_lib3.final_cell_0654,beta,inDrop1,train
human1_lib2.final_cell_0583,gamma,inDrop1,train
human1_lib2.final_cell_0584,endothelial,inDrop1,train
Sample_673,beta,smarter,train
human2_lib2.final_cell_0430,macrophage,inDrop2,train
human4_lib3.final_cell_0689,alpha,inDrop4,test
D28-2_90,alpha,celseq2,test
HP1504101T2D_G23,alpha,smartseq2,train
human1_lib1.final_cell_0228,beta,inDrop1,train
human3_lib4.final_cell_0726,endothelial,inDrop3,train
D3en2_23,acinar,celseq,train
Sample_1432,alpha,smarter,validation
Sample_398,alpha,smarter,train
human1_lib2.final_cell_0004,acinar,inDrop1,train
HP1506401_O21,acinar,smartseq2,validation
human4_lib3.final_cell_0472,beta,inDrop4,validation
HP1508501T2D_N23,ductal,smartseq2,test
human3_lib1.final_cell_0802,quiescent_stellate,inDrop3,train
Sample_796,beta,smarter,train
human2_lib3.final_cell_0398,alpha,inDrop2,train
HP1502401_K10,acinar,smartseq2,test
Sample_653,beta,smarter,train
human3_lib2.final_cell_0452,alpha,inDrop3,train
D30-5_36,acinar,celseq2,train
human3_lib2.final_cell_0496,alpha,inDrop3,validation
human3_lib3.final_cell_0485,alpha,inDrop3,validation
human3_lib3.final_cell_0204,acinar,inDrop3,test
human3_lib4.final_cell_0420,beta,inDrop3,train
D30-5_8,alpha,celseq2,train
human2_lib1.final_cell_0129,ductal,inDrop2,test
6th-C19_S35,beta,fluidigmc1,test
Sample_1172,alpha,smarter,train
HP1525301T2D_E7,alpha,smartseq2,train
human2_lib1.final_cell_0495,activated_stellate,inDrop2,train
human3_lib3.final_cell_0582,alpha,inDrop3,train
human2_lib3.final_cell_0276,alpha,inDrop2,train
human4_lib3.final_cell_0615,alpha,inDrop4,train
HP1506401_B14,acinar,smartseq2,train
D28-8_77,acinar,celseq2,train
HP1506401_P11,ductal,smartseq2,train
human2_lib2.final_cell_0085,activated_stellate,inDrop2,train
Sample_20,beta,smarter,train
HP1508501T2D_G6,alpha,smartseq2,train
HP1507101_P20,endothelial,smartseq2,train
HP1507101_J18,alpha,smartseq2,test
human2_lib3.final_cell_0388,ductal,inDrop2,train
human4_lib3.final_cell_0039,delta,inDrop4,validation
human3_lib4.final_cell_0720,alpha,inDrop3,train
human1_lib2.final_cell_0404,acinar,inDrop1,train
D1713_1,ductal,celseq,train
human3_lib1.final_cell_0699,alpha,inDrop3,train
human4_lib3.final_cell_0601,beta,inDrop4,train
human3_lib1.final_cell_0100,beta,inDrop3,train
9th-C22_S41,schwann,fluidigmc1,train
13th_C15_S134,beta,fluidigmc1,test
human1_lib1.final_cell_0470,beta,inDrop1,validation
human4_lib3.final_cell_0241,ductal,inDrop4,train
human3_lib4.final_cell_0771,alpha,inDrop3,train
human4_lib1.final_cell_0593,alpha,inDrop4,train
human3_lib3.final_cell_0705,ductal,inDrop3,train
D31-1_50,ductal,celseq2,train
human3_lib2.final_cell_0109,acinar,inDrop3,test
HP1509101_P23,activated_stellate,smartseq2,test
HP1502401_G5,beta,smartseq2,train
human3_lib1.final_cell_0418,alpha,inDrop3,train
D29-6_40,alpha,celseq2,train
D31-2_94,ductal,celseq2,train
Sample_1436,alpha,smarter,train
12th-C26_S192,beta,fluidigmc1,test
human1_lib1.final_cell_0419,endothelial,inDrop1,train
D31-2_22,alpha,celseq2,validation
D30-4_19,alpha,celseq2,train
human2_lib2.final_cell_0131,beta,inDrop2,train
Sample_630,gamma,smarter,train
human1_lib3.final_cell_0414,ductal,inDrop1,train
Sample_907,beta,smarter,train
human1_lib2.final_cell_0386,alpha,inDrop1,train
Sample_1485,alpha,smarter,train
2nd-C11_S20,alpha,fluidigmc1,train
human4_lib1.final_cell_0015,delta,inDrop4,train
human1_lib2.final_cell_0614,beta,inDrop1,train
human4_lib3.final_cell_0067,beta,inDrop4,train
human3_lib1.final_cell_0397,activated_stellate,inDrop3,train
human1_lib1.final_cell_0110,delta,inDrop1,test
HP1526901T2D_G23,delta,smartseq2,train
human3_lib2.final_cell_0203,beta,inDrop3,train
Sample_928,beta,smarter,validation
HP1509101_N5,alpha,smartseq2,train
human2_lib1.final_cell_0009,activated_stellate,inDrop2,test
D10631_95,acinar,celseq,train
human3_lib2.final_cell_0045,acinar,inDrop3,train
HP1526901T2D_G11,macrophage,smartseq2,test
HP1508501T2D_N11,alpha,smartseq2,train
human3_lib3.final_cell_0906,beta,inDrop3,train
Sample_75,beta,smarter,test
human3_lib3.final_cell_0365,alpha,inDrop3,train
human2_lib2.final_cell_0057,beta,inDrop2,train
human4_lib3.final_cell_0058,delta,inDrop4,test
D74_3,beta,celseq,train
human3_lib3.final_cell_0459,ductal,inDrop3,train
human1_lib1.final_cell_0106,beta,inDrop1,train
D3en2_31,acinar,celseq,train
human1_lib2.final_cell_0324,activated_stellate,inDrop1,train
human2_lib3.final_cell_0359,alpha,inDrop2,train
human3_lib2.final_cell_0584,alpha,inDrop3,train
D30-4_76,beta,celseq2,train
HP1502401_B5,alpha,smartseq2,test
human1_lib3.final_cell_0677,alpha,inDrop1,validation
human1_lib2.final_cell_0562,quiescent_stellate,inDrop1,train
human1_lib2.final_cell_0185,beta,inDrop1,validation
HP1526901T2D_L17,alpha,smartseq2,train
human1_lib3.final_cell_0666,beta,inDrop1,train
human3_lib1.final_cell_0759,alpha,inDrop3,test
D31-5_22,beta,celseq2,train
Sample_59,beta,smarter,train
human4_lib1.final_cell_0464,gamma,inDrop4,train
human4_lib1.final_cell_0521,beta,inDrop4,train
HP1525301T2D_D1,ductal,smartseq2,train
5th-C49_S89,beta,fluidigmc1,train
Sample_476,alpha,smarter,train
human3_lib2.final_cell_0692,alpha,inDrop3,train
HP1506401_P23,acinar,smartseq2,test
human3_lib2.final_cell_0271,activated_stellate,inDrop3,train
human1_lib1.final_cell_0465,beta,inDrop1,train
human1_lib3.final_cell_0204,quiescent_stellate,inDrop1,validation
D172444_92,alpha,celseq,validation
HP1504901_D13,acinar,smartseq2,train
human3_lib3.final_cell_0572,delta,inDrop3,test
D31-7_14,alpha,celseq2,train
HP1525301T2D_D9,alpha,smartseq2,train
HP1525301T2D_K22,alpha,smartseq2,train
human4_lib1.final_cell_0255,alpha,inDrop4,train
human3_lib3.final_cell_0881,delta,inDrop3,test
human3_lib3.final_cell_0409,ductal,inDrop3,train
7th-C50_S5,beta,fluidigmc1,train
D31-1_5,acinar,celseq2,train
human3_lib2.final_cell_0192,beta,inDrop3,train
human2_lib3.final_cell_0256,beta,inDrop2,train
D28-1_15,alpha,celseq2,train
HP1507101_J15,ductal,smartseq2,test
human3_lib2.final_cell_0251,alpha,inDrop3,train
human1_lib2.final_cell_0227,beta,inDrop1,test
5th-C73_S111,acinar,fluidigmc1,train
human3_lib3.final_cell_0794,beta,inDrop3,train
human1_lib3.final_cell_0701,beta,inDrop1,test
HP1506401_M1,acinar,smartseq2,validation
human2_lib3.final_cell_0485,alpha,inDrop2,train
D31-4_64,beta,celseq2,test
HP1526901T2D_F24,ductal,smartseq2,train
human2_lib2.final_cell_0050,ductal,inDrop2,train
D30-3_58,beta,celseq2,train
HP1507101_K17,alpha,smartseq2,train
human1_lib1.final_cell_0241,beta,inDrop1,train
human3_lib1.final_cell_0148,alpha,inDrop3,train
HP1502401_M12,beta,smartseq2,validation
D31-4_42,alpha,celseq2,validation
human4_lib3.final_cell_0652,alpha,inDrop4,train
D3en2_62,ductal,celseq,train
human4_lib1.final_cell_0062,ductal,inDrop4,train
HP1502401_B23,beta,smartseq2,train
human1_lib3.final_cell_0404,beta,inDrop1,train
D30-4_59,delta,celseq2,train
human3_lib3.final_cell_0267,ductal,inDrop3,train
human2_lib1.final_cell_0139,beta,inDrop2,train
D31-6_18,alpha,celseq2,train
human2_lib2.final_cell_0384,ductal,inDrop2,test
D31-4_39,beta,celseq2,test
human3_lib2.final_cell_0196,beta,inDrop3,train
human2_lib2.final_cell_0063,alpha,inDrop2,test
human3_lib4.final_cell_0561,acinar,inDrop3,validation
human1_lib2.final_cell_0534,beta,inDrop1,train
human1_lib1.final_cell_0068,beta,inDrop1,train
Sample_246,alpha,smarter,train
human3_lib4.final_cell_0672,beta,inDrop3,train
D31-8_38,alpha,celseq2,train
Sample_1162,alpha,smarter,validation
human3_lib1.final_cell_0328,alpha,inDrop3,train
HP1504901_D12,alpha,smartseq2,test
HP1506401_L18,acinar,smartseq2,train
human2_lib3.final_cell_0172,delta,inDrop2,train
human2_lib3.final_cell_0030,ductal,inDrop2,test
HP1525301T2D_P14,ductal,smartseq2,test
Sample_982,alpha,smarter,train
Sample_631,gamma,smarter,train
HP1509101_O14,ductal,smartseq2,test
D31-6_21,acinar,celseq2,train
human4_lib1.final_cell_0584,ductal,inDrop4,train
human4_lib3.final_cell_0527,alpha,inDrop4,validation
10th_C7_S60,ductal,fluidigmc1,test
Sample_858,beta,smarter,validation
13th_C94_S219,beta,fluidigmc1,train
human1_lib2.final_cell_0574,ductal,inDrop1,train
human4_lib3.final_cell_0249,beta,inDrop4,train
human3_lib4.final_cell_0841,beta,inDrop3,train
human3_lib3.final_cell_0604,beta,inDrop3,train
D31-4_91,acinar,celseq2,validation
Sample_546,alpha,smarter,train
human2_lib1.final_cell_0023,alpha,inDrop2,validation
human3_lib4.final_cell_0233,acinar,inDrop3,train
D29-3_69,delta,celseq2,train
D31-5_53,alpha,celseq2,train
D30-3_15,gamma,celseq2,train
Sample_223,alpha,smarter,train
human3_lib2.final_cell_0031,acinar,inDrop3,validation
human3_lib1.final_cell_0164,beta,inDrop3,validation
human3_lib1.final_cell_0726,alpha,inDrop3,train
human2_lib2.final_cell_0486,alpha,inDrop2,train
1st-C39_S23,beta,fluidigmc1,train
D28-2_85,alpha,celseq2,train
human3_lib1.final_cell_0339,delta,inDrop3,train
human2_lib3.final_cell_0562,macrophage,inDrop2,validation
human3_lib3.final_cell_0081,acinar,inDrop3,validation
human1_lib3.final_cell_0051,beta,inDrop1,train
human3_lib3.final_cell_0558,ductal,inDrop3,validation
human3_lib3.final_cell_0892,beta,inDrop3,train
human3_lib1.final_cell_0683,acinar,inDrop3,validation
D1713_81,ductal,celseq,train
human3_lib3.final_cell_0048,acinar,inDrop3,train
D17TGFB_51,acinar,celseq,train
D172444_56,alpha,celseq,test
D31-5_90,alpha,celseq2,train
human3_lib1.final_cell_0646,ductal,inDrop3,train
13th_C4_S191,alpha,fluidigmc1,train
HP1504901_A22,quiescent_stellate,smartseq2,train
human2_lib2.final_cell_0321,beta,inDrop2,train
human2_lib1.final_cell_0098,ductal,inDrop2,train
human4_lib3.final_cell_0588,alpha,inDrop4,validation
human2_lib3.final_cell_0432,gamma,inDrop2,validation
human1_lib2.final_cell_0544,schwann,inDrop1,train
human2_lib2.final_cell_0244,alpha,inDrop2,train
Sample_610,delta,smarter,train
10th_C33_S64,beta,fluidigmc1,test
human3_lib4.final_cell_0877,beta,inDrop3,train
human1_lib3.final_cell_0282,delta,inDrop1,train
HP1507101_P10,alpha,smartseq2,train
human3_lib1.final_cell_0455,alpha,inDrop3,train
D29-1_18,alpha,celseq2,train
D29-3_24,beta,celseq2,train
human3_lib3.final_cell_0393,acinar,inDrop3,train
10th_C5_S95,alpha,fluidigmc1,train
D29-7_77,gamma,celseq2,test
human2_lib2.final_cell_0489,alpha,inDrop2,test
D101_10,alpha,celseq,train
human1_lib1.final_cell_0001,acinar,inDrop1,train
HP1506401_F13,alpha,smartseq2,train
HP1525301T2D_I11,macrophage,smartseq2,train
human4_lib1.final_cell_0534,ductal,inDrop4,test
D73_76,beta,celseq,train
human3_lib1.final_cell_0713,beta,inDrop3,test
human2_lib1.final_cell_0271,alpha,inDrop2,validation
human3_lib2.final_cell_0308,beta,inDrop3,train
D172444_23,gamma,celseq,train
D29-6_88,gamma,celseq2,train
D29-3_74,alpha,celseq2,train
human2_lib2.final_cell_0183,gamma,inDrop2,train
Sample_215,alpha,smarter,train
HP1504901_M24,alpha,smartseq2,test
human2_lib3.final_cell_0232,alpha,inDrop2,train
human3_lib1.final_cell_0344,beta,inDrop3,train
human2_lib1.final_cell_0545,gamma,inDrop2,test
D29-6_11,gamma,celseq2,validation
human3_lib1.final_cell_0335,alpha,inDrop3,train
HP1525301T2D_L4,ductal,smartseq2,train
HP1526901T2D_N1,beta,smartseq2,validation
Sample_1053,alpha,smarter,train
Sample_1429,alpha,smarter,test
D28-8_50,macrophage,celseq2,train
D17All2_65,beta,celseq,train
human2_lib1.final_cell_0373,ductal,inDrop2,train
human2_lib3.final_cell_0010,delta,inDrop2,train
human3_lib1.final_cell_0348,beta,inDrop3,train
D29-2_79,beta,celseq2,train
human2_lib3.final_cell_0213,alpha,inDrop2,train
HP1508501T2D_H17,ductal,smartseq2,train
D28-5_3,acinar,celseq2,train
D29-8_64,alpha,celseq2,validation
HP1508501T2D_J23,acinar,smartseq2,train
5th-C87_S119,alpha,fluidigmc1,train
human1_lib2.final_cell_0039,beta,inDrop1,train
D30-3_19,alpha,celseq2,train
human3_lib1.final_cell_0077,acinar,inDrop3,train
human2_lib3.final_cell_0200,beta,inDrop2,test
human2_lib2.final_cell_0446,alpha,inDrop2,test
8th-C38_S147,beta,fluidigmc1,train
HP1526901T2D_D7,acinar,smartseq2,train
D30-4_83,beta,celseq2,validation
human3_lib2.final_cell_0470,alpha,inDrop3,train
Sample_1590,gamma,smarter,train
human1_lib2.final_cell_0193,beta,inDrop1,train
HP1507101_N22,alpha,smartseq2,test
human3_lib4.final_cell_0868,alpha,inDrop3,train
D29-5_19,alpha,celseq2,train
11th-C12_S47,alpha,fluidigmc1,train
HP1508501T2D_H5,activated_stellate,smartseq2,train
HP1502401_F15,gamma,smartseq2,train
12th-C4_S154,beta,fluidigmc1,train
human2_lib2.final_cell_0508,beta,inDrop2,test
human2_lib1.final_cell_0302,alpha,inDrop2,train
HP1509101_L16,ductal,smartseq2,train
HP1502401_J12,beta,smartseq2,train
human3_lib4.final_cell_0225,beta,inDrop3,train
D31-5_64,ductal,celseq2,train
human3_lib1.final_cell_0492,beta,inDrop3,train
HP1525301T2D_L15,alpha,smartseq2,train
human1_lib3.final_cell_0458,beta,inDrop1,train
D31-5_46,delta,celseq2,train
HP1504901_K1,alpha,smartseq2,test
Sample_639,gamma,smarter,train
human3_lib2.final_cell_0691,beta,inDrop3,train
HP1526901T2D_F8,ductal,smartseq2,train
human3_lib2.final_cell_0540,activated_stellate,inDrop3,test
D30-5_46,ductal,celseq2,train
D29-3_60,alpha,celseq2,train
D30-7_88,macrophage,celseq2,train
human3_lib3.final_cell_0122,acinar,inDrop3,validation
HP1504101T2D_N2,alpha,smartseq2,train
Sample_581,alpha,smarter,train
human3_lib1.final_cell_0184,alpha,inDrop3,train
human1_lib3.final_cell_0049,alpha,inDrop1,train
D30-1_53,beta,celseq2,train
human3_lib4.final_cell_0510,alpha,inDrop3,train
human4_lib3.final_cell_0393,gamma,inDrop4,train
Sample_48,beta,smarter,train
human4_lib3.final_cell_0157,beta,inDrop4,train
human3_lib1.final_cell_0083,alpha,inDrop3,train
human4_lib3.final_cell_0289,ductal,inDrop4,validation
human1_lib3.final_cell_0322,beta,inDrop1,validation
D29-6_21,alpha,celseq2,train
HP1508501T2D_F2,alpha,smartseq2,train
human2_lib3.final_cell_0026,delta,inDrop2,validation
human3_lib2.final_cell_0383,ductal,inDrop3,train
human3_lib3.final_cell_0779,alpha,inDrop3,train
HP1508501T2D_D11,alpha,smartseq2,train
HP1504101T2D_D8,beta,smartseq2,test
D3en4_4,ductal,celseq,train
human2_lib3.final_cell_0230,quiescent_stellate,inDrop2,train
12th-C7_S196,beta,fluidigmc1,validation
HP1525301T2D_M16,alpha,smartseq2,validation
human2_lib2.final_cell_0010,delta,inDrop2,validation
human2_lib2.final_cell_0106,gamma,inDrop2,train
D28-2_49,acinar,celseq2,train
HP1504101T2D_K24,alpha,smartseq2,train
human4_lib1.final_cell_0236,beta,inDrop4,train
Sample_1207,alpha,smarter,train
human3_lib2.final_cell_0089,beta,inDrop3,train
HP1506401_D8,ductal,smartseq2,train
human4_lib3.final_cell_0215,macrophage,inDrop4,train
human3_lib2.final_cell_0048,acinar,inDrop3,train
human1_lib2.final_cell_0089,beta,inDrop1,validation
HP1508501T2D_I12,ductal,smartseq2,validation
human3_lib1.final_cell_0487,alpha,inDrop3,train
HP1508501T2D_K23,ductal,smartseq2,train
D30-1_20,beta,celseq2,train
human3_lib2.final_cell_0119,acinar,inDrop3,test
12th-C42_S159,beta,fluidigmc1,train
human3_lib3.final_cell_0810,delta,inDrop3,train
Sample_337,alpha,smarter,train
human2_lib1.final_cell_0046,alpha,inDrop2,validation
HP1509101_P14,endothelial,smartseq2,train
human3_lib3.final_cell_0435,beta,inDrop3,train
HP1526901T2D_B11,alpha,smartseq2,train
D28-4_63,acinar,celseq2,train
human1_lib2.final_cell_0071,beta,inDrop1,test
human3_lib4.final_cell_0735,beta,inDrop3,test
HP1526901T2D_D18,alpha,smartseq2,train
4th-C3_S1,schwann,fluidigmc1,test
human3_lib1.final_cell_0315,alpha,inDrop3,validation
D29-1_21,beta,celseq2,train
Sample_102,beta,smarter,train
HP1526901T2D_A15,gamma,smartseq2,train
human1_lib1.final_cell_0169,beta,inDrop1,train
human1_lib1.final_cell_0164,beta,inDrop1,test
Sample_733,beta,smarter,train
human3_lib2.final_cell_0053,acinar,inDrop3,train
HP1508501T2D_K7,ductal,smartseq2,train
Sample_227,alpha,smarter,train
Sample_534,alpha,smarter,train
human2_lib2.final_cell_0013,beta,inDrop2,train
HP1504901_N24,delta,smartseq2,train
human2_lib2.final_cell_0198,beta,inDrop2,train
human1_lib3.final_cell_0144,beta,inDrop1,train
D31-2_86,acinar,celseq2,train
human3_lib3.final_cell_0197,beta,inDrop3,train
HP1525301T2D_C17,ductal,smartseq2,train
8th-C92_S157,gamma,fluidigmc1,train
human3_lib4.final_cell_0660,alpha,inDrop3,train
D31-7_87,beta,celseq2,train
human1_lib3.final_cell_0717,beta,inDrop1,train
4th-C36_S69,alpha,fluidigmc1,test
human1_lib3.final_cell_0403,alpha,inDrop1,train
12th-C12_S139,beta,fluidigmc1,train
HP1506401_D24,acinar,smartseq2,train
D31-5_59,alpha,celseq2,train
Sample_1407,alpha,smarter,train
human1_lib1.final_cell_0084,acinar,inDrop1,train
human3_lib1.final_cell_0456,gamma,inDrop3,train
HP1526901T2D_B7,delta,smartseq2,train
human4_lib1.final_cell_0468,ductal,inDrop4,train
HP1507101_E14,beta,smartseq2,train
human3_lib3.final_cell_0252,ductal,inDrop3,train
human4_lib1.final_cell_0014,ductal,inDrop4,train
human4_lib3.final_cell_0648,alpha,inDrop4,validation
human3_lib2.final_cell_0652,acinar,inDrop3,train
HP1502401_E22,beta,smartseq2,test
Sample_1098,alpha,smarter,train
human3_lib2.final_cell_0803,endothelial,inDrop3,train
human1_lib1.final_cell_0065,ductal,inDrop1,train
HP1502401_I2,ductal,smartseq2,train
human3_lib3.final_cell_0404,alpha,inDrop3,train
human1_lib1.final_cell_0258,beta,inDrop1,train
D28-7_16,alpha,celseq2,train
human3_lib1.final_cell_0388,alpha,inDrop3,validation
D31-2_71,beta,celseq2,train
Sample_616,gamma,smarter,train
9th-C5_S8,mast,fluidigmc1,test
human4_lib3.final_cell_0103,beta,inDrop4,train
human3_lib2.final_cell_0169,beta,inDrop3,validation
human3_lib1.final_cell_0366,alpha,inDrop3,train
HP1507101_O8,beta,smartseq2,train
D31-6_57,macrophage,celseq2,train
HP1526901T2D_P12,alpha,smartseq2,train
Sample_725,beta,smarter,train
human2_lib2.final_cell_0039,alpha,inDrop2,train
Sample_98,beta,smarter,test
human1_lib3.final_cell_0381,alpha,inDrop1,train
HP1508501T2D_J1,alpha,smartseq2,train
human2_lib2.final_cell_0460,alpha,inDrop2,test
HP1502401_E6,alpha,smartseq2,train
human2_lib1.final_cell_0345,alpha,inDrop2,train
human3_lib3.final_cell_0708,alpha,inDrop3,validation
HP1506401_N11,beta,smartseq2,train
D29-1_20,alpha,celseq2,train
human3_lib2.final_cell_0442,alpha,inDrop3,train
D31-6_92,beta,celseq2,train
1st-C80_S38,alpha,fluidigmc1,train
2nd-C86_S77,beta,fluidigmc1,validation
Sample_593,delta,smarter,train
D28-6_62,acinar,celseq2,train
Sample_1276,alpha,smarter,test
human3_lib3.final_cell_0185,beta,inDrop3,train
Sample_1083,alpha,smarter,train
human2_lib2.final_cell_0426,gamma,inDrop2,train
human1_lib3.final_cell_0511,endothelial,inDrop1,validation
HP1525301T2D_O1,alpha,smartseq2,train
human2_lib1.final_cell_0260,beta,inDrop2,train
HP1509101_D19,alpha,smartseq2,train
D30-1_66,delta,celseq2,train
Sample_869,beta,smarter,train
8th-C26_S126,alpha,fluidigmc1,train
Sample_91,beta,smarter,train
human1_lib2.final_cell_0170,beta,inDrop1,train
human3_lib3.final_cell_0891,alpha,inDrop3,train
human1_lib3.final_cell_0724,beta,inDrop1,train
human3_lib2.final_cell_0528,ductal,inDrop3,train
human3_lib4.final_cell_0058,beta,inDrop3,train
human3_lib4.final_cell_0646,alpha,inDrop3,train
human3_lib4.final_cell_0503,alpha,inDrop3,train
human2_lib3.final_cell_0560,beta,inDrop2,train
human3_lib1.final_cell_0275,beta,inDrop3,train
D31-8_9,alpha,celseq2,validation
HP1504101T2D_D24,gamma,smartseq2,test
human3_lib4.final_cell_0260,alpha,inDrop3,train
human1_lib2.final_cell_0013,delta,inDrop1,validation
human3_lib1.final_cell_0400,ductal,inDrop3,train
4th-C86_S77,alpha,fluidigmc1,test
HP1504901_B11,beta,smartseq2,train
human3_lib2.final_cell_0853,beta,inDrop3,validation
human3_lib3.final_cell_0712,acinar,inDrop3,validation
human1_lib2.final_cell_0346,quiescent_stellate,inDrop1,test
D2ex_55,ductal,celseq,train
D71_15,beta,celseq,test
HP1525301T2D_O9,activated_stellate,smartseq2,train
Sample_312,alpha,smarter,test
human2_lib2.final_cell_0280,ductal,inDrop2,test
Sample_568,alpha,smarter,validation
human3_lib1.final_cell_0533,beta,inDrop3,train
Sample_641,gamma,smarter,train
human4_lib1.final_cell_0292,beta,inDrop4,train
Sample_1600,gamma,smarter,train
human3_lib2.final_cell_0427,alpha,inDrop3,test
human3_lib1.final_cell_0365,activated_stellate,inDrop3,train
human3_lib4.final_cell_0372,alpha,inDrop3,train
human2_lib1.final_cell_0489,alpha,inDrop2,test
D30-3_65,alpha,celseq2,train
11th-C21_S4,beta,fluidigmc1,train
HP1502401_N4,alpha,smartseq2,validation
Sample_524,alpha,smarter,train
D29-3_38,alpha,celseq2,test
Sample_18,beta,smarter,validation
D17All2_25,beta,celseq,train
human2_lib3.final_cell_0421,endothelial,inDrop2,train
human1_lib3.final_cell_0465,alpha,inDrop1,train
D17All2_46,gamma,celseq,test
Sample_1043,alpha,smarter,train
human2_lib3.final_cell_0336,alpha,inDrop2,train
D30-3_68,alpha,celseq2,train
human1_lib1.final_cell_0313,gamma,inDrop1,train
human3_lib4.final_cell_0749,alpha,inDrop3,train
HP1508501T2D_O1,alpha,smartseq2,train
Sample_826,beta,smarter,validation
human2_lib2.final_cell_0257,alpha,inDrop2,train
HP1525301T2D_I23,ductal,smartseq2,validation
human3_lib2.final_cell_0401,alpha,inDrop3,test
human4_lib3.final_cell_0228,beta,inDrop4,train
human2_lib1.final_cell_0530,beta,inDrop2,train
human3_lib4.final_cell_0344,beta,inDrop3,train
human3_lib3.final_cell_0093,beta,inDrop3,train
human4_lib1.final_cell_0285,ductal,inDrop4,train
human1_lib2.final_cell_0344,beta,inDrop1,validation
human2_lib1.final_cell_0308,alpha,inDrop2,test
Sample_438,alpha,smarter,train
human4_lib3.final_cell_0537,alpha,inDrop4,validation
D2ex_25,ductal,celseq,train
human3_lib1.final_cell_0449,beta,inDrop3,test
human3_lib2.final_cell_0351,beta,inDrop3,train
human2_lib2.final_cell_0058,beta,inDrop2,test
D30-6_64,ductal,celseq2,train
Sample_596,delta,smarter,train
HP1525301T2D_P23,ductal,smartseq2,validation
HP1525301T2D_O3,acinar,smartseq2,train
human3_lib4.final_cell_0531,delta,inDrop3,train
D71_16,acinar,celseq,test
Sample_295,alpha,smarter,train
HP1526901T2D_E19,delta,smartseq2,train
D29-5_31,alpha,celseq2,train
human4_lib1.final_cell_0131,ductal,inDrop4,train
human1_lib2.final_cell_0138,beta,inDrop1,train
human4_lib1.final_cell_0129,delta,inDrop4,validation
D29-1_75,beta,celseq2,train
human4_lib1.final_cell_0145,macrophage,inDrop4,train
human4_lib3.final_cell_0272,alpha,inDrop4,train
HP1508501T2D_B12,alpha,smartseq2,test
D2ex_11,ductal,celseq,validation
D1713_46,ductal,celseq,train
human3_lib4.final_cell_0612,alpha,inDrop3,train
human3_lib2.final_cell_0848,alpha,inDrop3,train
human3_lib1.final_cell_0262,activated_stellate,inDrop3,validation
human2_lib3.final_cell_0049,beta,inDrop2,train
human1_lib2.final_cell_0416,beta,inDrop1,train
HP1506401_B6,acinar,smartseq2,train
human4_lib1.final_cell_0056,beta,inDrop4,train
human3_lib3.final_cell_0599,alpha,inDrop3,train
human2_lib3.final_cell_0012,alpha,inDrop2,train
HP1526901T2D_F18,beta,smartseq2,test
D31-7_55,beta,celseq2,validation
Sample_1138,alpha,smarter,train
human1_lib2.final_cell_0505,endothelial,inDrop1,train
Sample_4,beta,smarter,validation
human4_lib1.final_cell_0226,beta,inDrop4,validation
human1_lib2.final_cell_0529,beta,inDrop1,train
D31-5_8,alpha,celseq2,train
Sample_1478,alpha,smarter,train
human3_lib2.final_cell_0605,quiescent_stellate,inDrop3,train
D17All2_47,alpha,celseq,train
HP1504901_J18,activated_stellate,smartseq2,test
HP1525301T2D_I4,alpha,smartseq2,train
D1713_64,ductal,celseq,train
HP1526901T2D_K10,alpha,smartseq2,validation
AZ_A6,alpha,smartseq2,train
human1_lib3.final_cell_0345,beta,inDrop1,train
D30-8_47,alpha,celseq2,train
HP1502401_G8,alpha,smartseq2,validation
human1_lib1.final_cell_0226,alpha,inDrop1,test
human1_lib2.final_cell_0035,beta,inDrop1,test
human2_lib3.final_cell_0366,beta,inDrop2,train
human3_lib1.final_cell_0171,alpha,inDrop3,train
D28-4_55,ductal,celseq2,train
human2_lib1.final_cell_0432,gamma,inDrop2,train
HP1504901_H19,gamma,smartseq2,train
D29-5_76,delta,celseq2,train
human2_lib3.final_cell_0266,beta,inDrop2,test
D29-4_93,alpha,celseq2,train
human1_lib3.final_cell_0553,beta,inDrop1,train
human3_lib2.final_cell_0653,alpha,inDrop3,validation
human3_lib3.final_cell_0571,alpha,inDrop3,train
Sample_1129,alpha,smarter,validation
D31-4_73,ductal,celseq2,train
Sample_316,alpha,smarter,train
human3_lib1.final_cell_0834,beta,inDrop3,train
human3_lib4.final_cell_0892,quiescent_stellate,inDrop3,validation
human3_lib4.final_cell_0492,alpha,inDrop3,test
human3_lib2.final_cell_0057,acinar,inDrop3,train
human3_lib1.final_cell_0489,macrophage,inDrop3,train
Sample_701,beta,smarter,train
human3_lib3.final_cell_0418,beta,inDrop3,train
7th-C79_S58,alpha,fluidigmc1,train
human3_lib3.final_cell_0026,acinar,inDrop3,validation
D71_49,beta,celseq,test
human1_lib2.final_cell_0539,endothelial,inDrop1,test
human1_lib1.final_cell_0486,delta,inDrop1,test
human3_lib2.final_cell_0083,acinar,inDrop3,validation
human3_lib4.final_cell_0516,alpha,inDrop3,train
human2_lib2.final_cell_0218,ductal,inDrop2,train
D29-5_91,beta,celseq2,test
2nd-C95_S95,beta,fluidigmc1,train
HP1506401_F22,beta,smartseq2,train
human1_lib1.final_cell_0039,beta,inDrop1,train
human2_lib2.final_cell_0386,activated_stellate,inDrop2,train
human2_lib1.final_cell_0310,alpha,inDrop2,train
human2_lib2.final_cell_0221,activated_stellate,inDrop2,test
D2ex_77,ductal,celseq,train
D31-3_30,gamma,celseq2,validation
Sample_1189,alpha,smarter,train
HP1509101_K5,endothelial,smartseq2,train
human3_lib4.final_cell_0833,acinar,inDrop3,train
human3_lib3.final_cell_0840,acinar,inDrop3,train
D30-6_77,ductal,celseq2,train
Sample_1452,alpha,smarter,train
human3_lib1.final_cell_0500,ductal,inDrop3,train
human1_lib2.final_cell_0528,quiescent_stellate,inDrop1,train
D17All2_95,beta,celseq,train
human3_lib1.final_cell_0774,endothelial,inDrop3,validation
D31-3_50,beta,celseq2,train
human1_lib2.final_cell_0034,delta,inDrop1,test
Sample_1464,alpha,smarter,test
HP1508501T2D_B24,ductal,smartseq2,validation
D29-1_62,alpha,celseq2,validation
HP1525301T2D_D2,ductal,smartseq2,test
Sample_638,gamma,smarter,train
human2_lib3.final_cell_0424,delta,inDrop2,validation
7th-C2_S2,beta,fluidigmc1,train
human3_lib2.final_cell_0363,alpha,inDrop3,train
HP1508501T2D_B20,beta,smartseq2,train
human2_lib3.final_cell_0022,beta,inDrop2,train
human2_lib2.final_cell_0334,beta,inDrop2,train
human3_lib4.final_cell_0634,alpha,inDrop3,test
human4_lib1.final_cell_0170,beta,inDrop4,train
HP1526901T2D_E16,acinar,smartseq2,validation
HP1504101T2D_M19,alpha,smartseq2,train
human2_lib1.final_cell_0017,beta,inDrop2,validation
Sample_306,alpha,smarter,test
human2_lib1.final_cell_0280,beta,inDrop2,train
Sample_1536,delta,smarter,train
human1_lib2.final_cell_0299,beta,inDrop1,test
human3_lib4.final_cell_0617,beta,inDrop3,train
human1_lib2.final_cell_0570,endothelial,inDrop1,train
human3_lib3.final_cell_0309,alpha,inDrop3,train
D72_72,ductal,celseq,train
human2_lib1.final_cell_0165,activated_stellate,inDrop2,test
human1_lib3.final_cell_0121,beta,inDrop1,train
D31-8_57,alpha,celseq2,validation
HP1507101_L18,alpha,smartseq2,train
human3_lib2.final_cell_0450,beta,inDrop3,test
human1_lib2.final_cell_0006,acinar,inDrop1,test
human3_lib2.final_cell_0290,alpha,inDrop3,validation
D31-4_11,alpha,celseq2,train
D31-7_28,alpha,celseq2,validation
human2_lib2.final_cell_0099,alpha,inDrop2,train
human3_lib3.final_cell_0442,activated_stellate,inDrop3,validation
human3_lib3.final_cell_0856,quiescent_stellate,inDrop3,train
HP1509101_P20,alpha,smartseq2,train
human3_lib1.final_cell_0619,acinar,inDrop3,train
human4_lib3.final_cell_0477,alpha,inDrop4,test
D31-8_12,alpha,celseq2,train
human2_lib3.final_cell_0340,alpha,inDrop2,test
D172444_78,alpha,celseq,test
human2_lib2.final_cell_0397,beta,inDrop2,train
HP1509101_J4,alpha,smartseq2,train
human3_lib1.final_cell_0219,beta,inDrop3,train
human2_lib3.final_cell_0221,alpha,inDrop2,train
D30-3_23,delta,celseq2,train
D3en2_90,acinar,celseq,validation
D10631_69,acinar,celseq,train
human2_lib3.final_cell_0103,ductal,inDrop2,train
human3_lib3.final_cell_0076,acinar,inDrop3,train
4th-C67_S40,beta,fluidigmc1,train
human3_lib1.final_cell_0337,alpha,inDrop3,validation
HP1506401_I6,acinar,smartseq2,train
9th-C52_S10,alpha,fluidigmc1,validation
Sample_410,alpha,smarter,train
human4_lib3.final_cell_0651,beta,inDrop4,train
D31-4_58,beta,celseq2,train
human3_lib1.final_cell_0279,acinar,inDrop3,validation
HP1504101T2D_G22,alpha,smartseq2,train
4th-C40_S79,alpha,fluidigmc1,train
human1_lib2.final_cell_0431,activated_stellate,inDrop1,test
human3_lib4.final_cell_0718,ductal,inDrop3,train
HP1504101T2D_N5,alpha,smartseq2,train
human1_lib2.final_cell_0190,beta,inDrop1,train
HP1504901_E2,endothelial,smartseq2,train
Sample_1354,alpha,smarter,test
human1_lib3.final_cell_0570,beta,inDrop1,train
human3_lib1.final_cell_0734,endothelial,inDrop3,test
HP1506401_C12,ductal,smartseq2,train
human3_lib4.final_cell_0140,beta,inDrop3,train
D31-4_46,delta,celseq2,train
HP1506401_K12,alpha,smartseq2,train
human4_lib1.final_cell_0419,delta,inDrop4,train
D30-2_80,alpha,celseq2,test
HP1509101_I22,alpha,smartseq2,train
human4_lib3.final_cell_0156,beta,inDrop4,train
human3_lib3.final_cell_0444,beta,inDrop3,train
human1_lib3.final_cell_0577,beta,inDrop1,test
HP1504901_O14,ductal,smartseq2,train
human4_lib3.final_cell_0120,alpha,inDrop4,test
human1_lib3.final_cell_0608,beta,inDrop1,train
human1_lib3.final_cell_0661,ductal,inDrop1,train
AZ_C8,alpha,smartseq2,test
Sample_282,alpha,smarter,train
D28-1_3,delta,celseq2,train
human3_lib3.final_cell_0245,alpha,inDrop3,train
D3en4_7,acinar,celseq,validation
D29-8_48,gamma,celseq2,train
human3_lib2.final_cell_0003,acinar,inDrop3,train
human2_lib3.final_cell_0329,alpha,inDrop2,validation
human4_lib3.final_cell_0495,alpha,inDrop4,train
human3_lib1.final_cell_0561,beta,inDrop3,train
human1_lib2.final_cell_0394,beta,inDrop1,train
human3_lib1.final_cell_0173,alpha,inDrop3,train
D31-1_89,alpha,celseq2,train
HP1502401_M11,alpha,smartseq2,train
D29-3_52,beta,celseq2,train
human1_lib2.final_cell_0374,activated_stellate,inDrop1,train
Sample_1370,alpha,smarter,train
human3_lib3.final_cell_0370,alpha,inDrop3,train
human1_lib3.final_cell_0679,ductal,inDrop1,train
human3_lib1.final_cell_0847,delta,inDrop3,train
HP1502401_O20,alpha,smartseq2,train
human4_lib3.final_cell_0251,beta,inDrop4,train
human3_lib2.final_cell_0033,acinar,inDrop3,train
human1_lib3.final_cell_0151,activated_stellate,inDrop1,validation
D30-8_88,delta,celseq2,train
human3_lib4.final_cell_0606,alpha,inDrop3,validation
human2_lib3.final_cell_0260,delta,inDrop2,train
human3_lib3.final_cell_0427,alpha,inDrop3,train
human3_lib3.final_cell_0075,acinar,inDrop3,train
human3_lib2.final_cell_0318,alpha,inDrop3,test
human2_lib1.final_cell_0420,alpha,inDrop2,train
D102_63,beta,celseq,train
HP1508501T2D_P6,alpha,smartseq2,train
human3_lib1.final_cell_0544,alpha,inDrop3,train
human1_lib2.final_cell_0005,acinar,inDrop1,train
human1_lib1.final_cell_0568,beta,inDrop1,test
human3_lib1.final_cell_0384,alpha,inDrop3,validation
D3en1_5,acinar,celseq,train
human3_lib3.final_cell_0721,alpha,inDrop3,test
human2_lib3.final_cell_0511,beta,inDrop2,train
human1_lib2.final_cell_0233,gamma,inDrop1,train
HP1507101_C5,alpha,smartseq2,train
Sample_532,alpha,smarter,test
human3_lib2.final_cell_0662,alpha,inDrop3,train
D29-6_65,alpha,celseq2,train
D28-4_75,acinar,celseq2,train
HP1525301T2D_L9,alpha,smartseq2,train
Sample_1522,delta,smarter,train
HP1508501T2D_M22,ductal,smartseq2,validation
Sample_929,beta,smarter,train
human2_lib2.final_cell_0128,alpha,inDrop2,train
human3_lib4.final_cell_0451,gamma,inDrop3,train
HP1508501T2D_M7,acinar,smartseq2,train
human3_lib3.final_cell_0258,acinar,inDrop3,train
D29-1_56,delta,celseq2,train
HP1525301T2D_K7,acinar,smartseq2,train
D28-4_50,ductal,celseq2,train
human3_lib4.final_cell_0144,delta,inDrop3,train
human3_lib3.final_cell_0307,delta,inDrop3,train
HP1509101_O17,ductal,smartseq2,test
human4_lib3.final_cell_0686,activated_stellate,inDrop4,test
HP1502401_L14,gamma,smartseq2,test
human1_lib3.final_cell_0461,delta,inDrop1,train
human3_lib1.final_cell_0274,delta,inDrop3,train
D30-6_84,activated_stellate,celseq2,train
human3_lib4.final_cell_0240,beta,inDrop3,train
human3_lib3.final_cell_0461,ductal,inDrop3,train
D3en1_56,acinar,celseq,train
Sample_1435,alpha,smarter,validation
D31-3_43,beta,celseq2,train
human1_lib3.final_cell_0463,epsilon,inDrop1,test
human1_lib3.final_cell_0698,quiescent_stellate,inDrop1,test
human3_lib1.final_cell_0144,alpha,inDrop3,train
AZ_D7,alpha,smartseq2,train
human3_lib3.final_cell_0231,acinar,inDrop3,validation
D17All2_66,ductal,celseq,train
D17TGFB_61,acinar,celseq,train
Sample_103,beta,smarter,test
D30-8_64,alpha,celseq2,train
human3_lib1.final_cell_0072,acinar,inDrop3,validation
human3_lib3.final_cell_0397,alpha,inDrop3,train
Sample_1529,delta,smarter,train
human1_lib1.final_cell_0416,beta,inDrop1,test
HP1525301T2D_E3,gamma,smartseq2,train
human2_lib3.final_cell_0237,ductal,inDrop2,validation
D31-6_93,ductal,celseq2,test
3rd-C26_S28,alpha,fluidigmc1,train
D2ex_24,acinar,celseq,test
human4_lib1.final_cell_0053,beta,inDrop4,test
human3_lib3.final_cell_0638,ductal,inDrop3,train
HP1508501T2D_J3,alpha,smartseq2,validation
human2_lib2.final_cell_0487,alpha,inDrop2,train
HP1504101T2D_M7,alpha,smartseq2,validation
D72_22,acinar,celseq,test
13th_C81_S160,beta,fluidigmc1,train
human2_lib1.final_cell_0077,alpha,inDrop2,validation
D31-5_85,beta,celseq2,test
6th-C77_S53,beta,fluidigmc1,train
HP1509101_J22,ductal,smartseq2,train
human1_lib1.final_cell_0364,beta,inDrop1,train
Sample_1072,alpha,smarter,test
Sample_1152,alpha,smarter,train
human1_lib3.final_cell_0060,beta,inDrop1,train
D30-2_17,acinar,celseq2,train
HP1504101T2D_M4,alpha,smartseq2,test
human1_lib3.final_cell_0696,beta,inDrop1,validation
human4_lib1.final_cell_0055,alpha,inDrop4,train
HP1525301T2D_I5,alpha,smartseq2,train
HP1504101T2D_N9,alpha,smartseq2,train
human4_lib3.final_cell_0657,beta,inDrop4,train
D29-3_45,delta,celseq2,train
human3_lib3.final_cell_0395,beta,inDrop3,train
Sample_266,alpha,smarter,validation
human3_lib3.final_cell_0524,ductal,inDrop3,train
human1_lib2.final_cell_0606,beta,inDrop1,train
HP1506401_F11,beta,smartseq2,test
D172444_9,alpha,celseq,validation
human3_lib4.final_cell_0861,alpha,inDrop3,train
human3_lib4.final_cell_0156,alpha,inDrop3,train
D74_45,activated_stellate,celseq,train
D31-2_30,acinar,celseq2,test
D17TGFB_72,ductal,celseq,train
human4_lib1.final_cell_0035,macrophage,inDrop4,test
D28-3_7,alpha,celseq2,validation
human3_lib1.final_cell_0161,acinar,inDrop3,train
human3_lib4.final_cell_0074,acinar,inDrop3,train
human4_lib3.final_cell_0478,beta,inDrop4,test
Sample_795,beta,smarter,train
D102_93,alpha,celseq,train
D71_68,quiescent_stellate,celseq,validation
Sample_980,alpha,smarter,train
human2_lib3.final_cell_0353,gamma,inDrop2,train
human3_lib4.final_cell_0658,alpha,inDrop3,train
Sample_1351,alpha,smarter,train
human3_lib3.final_cell_0512,alpha,inDrop3,validation
human3_lib3.final_cell_0377,beta,inDrop3,train
D29-2_49,macrophage,celseq2,train
human2_lib3.final_cell_0507,ductal,inDrop2,train
HP1508501T2D_C14,beta,smartseq2,train
human4_lib3.final_cell_0025,beta,inDrop4,train
human2_lib2.final_cell_0578,schwann,inDrop2,train
4th-C93_S88,beta,fluidigmc1,train
human3_lib3.final_cell_0380,beta,inDrop3,train
D74_92,beta,celseq,train
Sample_1165,alpha,smarter,train
D30-3_79,alpha,celseq2,train
Sample_1397,alpha,smarter,train
human2_lib2.final_cell_0293,alpha,inDrop2,train
D2ex_19,ductal,celseq,train
D3en4_73,ductal,celseq,train
human1_lib1.final_cell_0341,beta,inDrop1,train
4th-C4_S9,alpha,fluidigmc1,train
human3_lib2.final_cell_0025,acinar,inDrop3,test
human1_lib1.final_cell_0450,activated_stellate,inDrop1,train
human3_lib3.final_cell_0188,acinar,inDrop3,train
Sample_1570,gamma,smarter,train
human1_lib1.final_cell_0128,beta,inDrop1,train
human3_lib2.final_cell_0438,beta,inDrop3,train
Sample_1323,alpha,smarter,validation
human2_lib1.final_cell_0081,alpha,inDrop2,train
D30-2_23,alpha,celseq2,train
D30-7_15,ductal,celseq2,train
human3_lib1.final_cell_0771,acinar,inDrop3,train
HP1525301T2D_N24,alpha,smartseq2,train
9th-C85_S68,alpha,fluidigmc1,train
D73_26,ductal,celseq,train
human3_lib2.final_cell_0147,alpha,inDrop3,train
AZ_D12,gamma,smartseq2,train
human1_lib3.final_cell_0208,beta,inDrop1,train
human3_lib1.final_cell_0229,alpha,inDrop3,test
HP1525301T2D_K12,ductal,smartseq2,validation
D10631_92,ductal,celseq,train
HP1525301T2D_N20,ductal,smartseq2,test
D30-4_73,alpha,celseq2,train
human1_lib3.final_cell_0525,beta,inDrop1,validation
human1_lib1.final_cell_0535,beta,inDrop1,test
HP1509101_H22,alpha,smartseq2,test
human1_lib3.final_cell_0480,beta,inDrop1,train
9th-C88_S73,beta,fluidigmc1,train
Sample_408,alpha,smarter,validation
human3_lib1.final_cell_0205,alpha,inDrop3,train
D29-1_17,alpha,celseq2,train
HP1508501T2D_N9,ductal,smartseq2,train
D30-4_8,beta,celseq2,train
HP1507101_K24,alpha,smartseq2,train
D72_67,alpha,celseq,validation
D28-4_29,alpha,celseq2,train
Sample_322,alpha,smarter,train
human2_lib3.final_cell_0386,quiescent_stellate,inDrop2,train
human1_lib2.final_cell_0615,beta,inDrop1,train
human3_lib1.final_cell_0549,alpha,inDrop3,train
human2_lib2.final_cell_0569,beta,inDrop2,train
human1_lib2.final_cell_0112,acinar,inDrop1,train
D71_5,acinar,celseq,train
human3_lib4.final_cell_0562,alpha,inDrop3,train
D30-2_42,acinar,celseq2,test
D30-8_33,acinar,celseq2,train
Sample_960,alpha,smarter,train
human4_lib3.final_cell_0031,ductal,inDrop4,train
human4_lib3.final_cell_0532,alpha,inDrop4,test
Sample_1166,alpha,smarter,train
Sample_604,delta,smarter,train
human3_lib2.final_cell_0013,acinar,inDrop3,train
D28-5_37,acinar,celseq2,test
D30-6_63,alpha,celseq2,train
human3_lib2.final_cell_0149,delta,inDrop3,validation
human3_lib2.final_cell_0368,activated_stellate,inDrop3,train
human4_lib3.final_cell_0440,beta,inDrop4,train
HP1508501T2D_I19,activated_stellate,smartseq2,train
human3_lib3.final_cell_0097,alpha,inDrop3,train
human3_lib3.final_cell_0482,alpha,inDrop3,train
D31-3_1,acinar,celseq2,train
human3_lib3.final_cell_0080,acinar,inDrop3,train
D31-4_25,beta,celseq2,train
HP1504101T2D_N20,gamma,smartseq2,test
human3_lib2.final_cell_0519,alpha,inDrop3,train
human2_lib3.final_cell_0514,alpha,inDrop2,validation
D30-4_52,alpha,celseq2,train
human1_lib2.final_cell_0114,alpha,inDrop1,train
human3_lib1.final_cell_0342,ductal,inDrop3,validation
human1_lib3.final_cell_0632,quiescent_stellate,inDrop1,train
D30-3_1,alpha,celseq2,train
10th_C31_S48,alpha,fluidigmc1,train
human3_lib3.final_cell_0110,ductal,inDrop3,train
human3_lib3.final_cell_0531,beta,inDrop3,train
D30-5_51,alpha,celseq2,train
Sample_837,beta,smarter,train
human1_lib3.final_cell_0697,quiescent_stellate,inDrop1,train
human4_lib3.final_cell_0622,gamma,inDrop4,train
Sample_1258,alpha,smarter,train
D29-5_77,delta,celseq2,train
D74_24,ductal,celseq,train
human1_lib2.final_cell_0139,acinar,inDrop1,train
human3_lib3.final_cell_0288,ductal,inDrop3,train
human1_lib2.final_cell_0512,beta,inDrop1,test
human4_lib3.final_cell_0057,ductal,inDrop4,validation
human4_lib3.final_cell_0281,alpha,inDrop4,train
HP1507101_F9,gamma,smartseq2,train
HP1526901T2D_J5,beta,smartseq2,validation
HP1502401_M18,alpha,smartseq2,train
human3_lib2.final_cell_0423,alpha,inDrop3,train
D31-2_39,alpha,celseq2,train
human3_lib1.final_cell_0776,alpha,inDrop3,train
D72_52,ductal,celseq,train
human3_lib4.final_cell_0365,acinar,inDrop3,train
human3_lib4.final_cell_0264,beta,inDrop3,train
D28-8_55,ductal,celseq2,train
human3_lib2.final_cell_0198,beta,inDrop3,train
D172444_65,beta,celseq,train
human3_lib4.final_cell_0809,beta,inDrop3,test
human1_lib1.final_cell_0112,beta,inDrop1,train
10th_C81_S70,beta,fluidigmc1,train
human1_lib3.final_cell_0095,beta,inDrop1,train
HP1506401_B1,acinar,smartseq2,train
human3_lib4.final_cell_0223,beta,inDrop3,train
human1_lib3.final_cell_0561,beta,inDrop1,test
human3_lib1.final_cell_0700,quiescent_stellate,inDrop3,train
D30-8_21,mast,celseq2,train
D30-7_39,acinar,celseq2,train
4th-C37_S73,alpha,fluidigmc1,train
Sample_340,alpha,smarter,validation
D72_37,ductal,celseq,train
Sample_1488,alpha,smarter,train
HP1526901T2D_B23,ductal,smartseq2,train
human3_lib2.final_cell_0358,beta,inDrop3,train
Sample_902,beta,smarter,train
HP1525301T2D_G14,ductal,smartseq2,test
human1_lib2.final_cell_0269,beta,inDrop1,train
D28-5_16,ductal,celseq2,train
human3_lib1.final_cell_0423,beta,inDrop3,train
D31-2_31,alpha,celseq2,train
D10631_96,acinar,celseq,train
Sample_167,beta,smarter,validation
D28-4_61,acinar,celseq2,test
human4_lib1.final_cell_0465,beta,inDrop4,train
human3_lib3.final_cell_0179,acinar,inDrop3,train
human2_lib1.final_cell_0299,alpha,inDrop2,test
5th-C19_S104,acinar,fluidigmc1,train
Sample_1313,alpha,smarter,train
HP1509101_B19,ductal,smartseq2,validation
D29-5_68,alpha,celseq2,train
12th-C38_S194,beta,fluidigmc1,train
human1_lib3.final_cell_0090,beta,inDrop1,train
human1_lib2.final_cell_0445,beta,inDrop1,validation
human2_lib2.final_cell_0338,beta,inDrop2,test
human2_lib3.final_cell_0430,beta,inDrop2,train
Sample_926,beta,smarter,validation
Sample_207,beta,smarter,train
human4_lib1.final_cell_0187,alpha,inDrop4,train
HP1502401_K14,gamma,smartseq2,train
HP1506401_O8,ductal,smartseq2,train
Sample_840,beta,smarter,train
D172444_37,alpha,celseq,train
human3_lib2.final_cell_0549,ductal,inDrop3,train
human1_lib1.final_cell_0272,alpha,inDrop1,train
D30-1_36,acinar,celseq2,train
human4_lib3.final_cell_0434,ductal,inDrop4,train
HP1507101_K16,ductal,smartseq2,test
HP1525301T2D_D19,delta,smartseq2,train
human4_lib3.final_cell_0515,beta,inDrop4,train
human3_lib3.final_cell_0924,beta,inDrop3,train
human3_lib3.final_cell_0551,acinar,inDrop3,train
human3_lib1.final_cell_0735,alpha,inDrop3,train
human3_lib4.final_cell_0415,alpha,inDrop3,train
human1_lib2.final_cell_0244,beta,inDrop1,train
human3_lib2.final_cell_0075,acinar,inDrop3,train
D73_27,ductal,celseq,train
human1_lib1.final_cell_0159,alpha,inDrop1,train
6th-C12_S18,beta,fluidigmc1,train
human1_lib3.final_cell_0054,acinar,inDrop1,train
human4_lib3.final_cell_0140,beta,inDrop4,validation
human3_lib4.final_cell_0059,acinar,inDrop3,test
human3_lib4.final_cell_0504,beta,inDrop3,test
human3_lib2.final_cell_0769,beta,inDrop3,train
human2_lib3.final_cell_0244,beta,inDrop2,train
HP1525301T2D_J7,ductal,smartseq2,train
D29-7_19,delta,celseq2,validation
human2_lib2.final_cell_0134,alpha,inDrop2,test
D29-8_75,ductal,celseq2,train
human4_lib3.final_cell_0343,alpha,inDrop4,train
human2_lib1.final_cell_0239,alpha,inDrop2,train
D29-3_71,gamma,celseq2,train
human3_lib2.final_cell_0732,alpha,inDrop3,train
human1_lib1.final_cell_0477,ductal,inDrop1,train
human3_lib4.final_cell_0763,alpha,inDrop3,train
human3_lib2.final_cell_0628,alpha,inDrop3,test
HP1507101_N23,alpha,smartseq2,train
human3_lib3.final_cell_0136,beta,inDrop3,train
Sample_1061,alpha,smarter,train
human4_lib3.final_cell_0165,delta,inDrop4,test
human2_lib2.final_cell_0226,ductal,inDrop2,test
human3_lib1.final_cell_0592,alpha,inDrop3,test
HP1504901_D21,alpha,smartseq2,train
human3_lib1.final_cell_0038,acinar,inDrop3,train
1st-C58_S76,beta,fluidigmc1,train
human2_lib2.final_cell_0547,alpha,inDrop2,train
D31-8_19,ductal,celseq2,test
human3_lib3.final_cell_0833,ductal,inDrop3,train
HP1504901_O5,gamma,smartseq2,train
Sample_1402,alpha,smarter,validation
human4_lib1.final_cell_0296,alpha,inDrop4,validation
human3_lib4.final_cell_0745,beta,inDrop3,validation
human3_lib2.final_cell_0703,beta,inDrop3,validation
human2_lib3.final_cell_0483,alpha,inDrop2,train
human3_lib1.final_cell_0555,alpha,inDrop3,validation
HP1506401_J5,ductal,smartseq2,train
human2_lib1.final_cell_0444,activated_stellate,inDrop2,train
human3_lib3.final_cell_0566,alpha,inDrop3,train
human3_lib2.final_cell_0742,beta,inDrop3,train
D31-5_91,ductal,celseq2,train
9th-C49_S4,alpha,fluidigmc1,train
human3_lib4.final_cell_0359,ductal,inDrop3,train
D17All2_31,beta,celseq,train
D30-6_46,alpha,celseq2,train
D31-6_27,ductal,celseq2,train
9th-C2_S2,activated_stellate,fluidigmc1,train
D28-2_17,ductal,celseq2,train
D31-6_87,beta,celseq2,train
D74_25,delta,celseq,train
HP1526901T2D_O6,alpha,smartseq2,train
human1_lib1.final_cell_0532,endothelial,inDrop1,test
human2_lib3.final_cell_0427,ductal,inDrop2,train
human3_lib1.final_cell_0042,acinar,inDrop3,test
HP1504901_E9,activated_stellate,smartseq2,train
human4_lib1.final_cell_0335,alpha,inDrop4,train
human3_lib1.final_cell_0715,alpha,inDrop3,train
D30-6_36,alpha,celseq2,train
D31-7_30,alpha,celseq2,train
human2_lib2.final_cell_0090,gamma,inDrop2,test
human2_lib1.final_cell_0043,ductal,inDrop2,validation
human3_lib1.final_cell_0853,endothelial,inDrop3,train
D31-4_41,acinar,celseq2,train
human2_lib2.final_cell_0311,alpha,inDrop2,test
D29-5_7,alpha,celseq2,train
Sample_813,beta,smarter,train
HP1504901_P21,delta,smartseq2,train
human1_lib2.final_cell_0240,beta,inDrop1,train
HP1504101T2D_B8,ductal,smartseq2,test
human3_lib1.final_cell_0347,beta,inDrop3,train
D101_84,alpha,celseq,test
human2_lib1.final_cell_0325,beta,inDrop2,train
human3_lib3.final_cell_0109,acinar,inDrop3,validation
human2_lib3.final_cell_0532,alpha,inDrop2,train
human1_lib2.final_cell_0599,beta,inDrop1,test
HP1502401_A18,delta,smartseq2,train
HP1526901T2D_J24,alpha,smartseq2,train
HP1504101T2D_F18,activated_stellate,smartseq2,train
Sample_1575,gamma,smarter,train
HP1506401_J4,alpha,smartseq2,train
human4_lib3.final_cell_0183,alpha,inDrop4,train
HP1504901_N12,alpha,smartseq2,train
Sample_462,alpha,smarter,validation
human4_lib1.final_cell_0072,beta,inDrop4,train
D29-2_54,beta,celseq2,train
human2_lib2.final_cell_0102,activated_stellate,inDrop2,train
human2_lib2.final_cell_0309,alpha,inDrop2,train
human1_lib1.final_cell_0468,beta,inDrop1,train
human2_lib3.final_cell_0065,alpha,inDrop2,train
D31-6_12,delta,celseq2,train
human2_lib1.final_cell_0136,ductal,inDrop2,train
Sample_535,alpha,smarter,train
D29-8_50,beta,celseq2,validation
human3_lib3.final_cell_0290,ductal,inDrop3,test
Sample_853,beta,smarter,train
human1_lib3.final_cell_0549,beta,inDrop1,train
human3_lib3.final_cell_0434,alpha,inDrop3,train
human3_lib1.final_cell_0738,beta,inDrop3,validation
HP1502401_F22,beta,smartseq2,test
Sample_1393,alpha,smarter,train
human3_lib1.final_cell_0063,acinar,inDrop3,train
Sample_1260,alpha,smarter,train
HP1526901T2D_O7,delta,smartseq2,train
human3_lib3.final_cell_0053,acinar,inDrop3,train
human3_lib1.final_cell_0862,beta,inDrop3,train
human3_lib3.final_cell_0451,alpha,inDrop3,validation
HP1502401_B17,acinar,smartseq2,test
D30-1_69,beta,celseq2,train
9th-C8_S14,beta,fluidigmc1,test
D28-4_86,acinar,celseq2,validation
human1_lib1.final_cell_0127,delta,inDrop1,train
D30-5_72,activated_stellate,celseq2,train
Sample_966,alpha,smarter,train
Sample_473,alpha,smarter,test
Sample_104,beta,smarter,train
human2_lib3.final_cell_0139,alpha,inDrop2,train
human3_lib1.final_cell_0417,alpha,inDrop3,train
Sample_1534,delta,smarter,test
D172444_60,alpha,celseq,test
Sample_1292,alpha,smarter,train
Sample_1046,alpha,smarter,validation
D17All1_78,ductal,celseq,train
D31-7_35,alpha,celseq2,test
human3_lib1.final_cell_0510,alpha,inDrop3,train
human3_lib4.final_cell_0256,alpha,inDrop3,train
Sample_999,alpha,smarter,test
Sample_992,alpha,smarter,train
human1_lib2.final_cell_0021,beta,inDrop1,train
human3_lib4.final_cell_0205,beta,inDrop3,train
human2_lib1.final_cell_0111,beta,inDrop2,train
D29-8_88,ductal,celseq2,train
human3_lib4.final_cell_0613,endothelial,inDrop3,train
Sample_245,alpha,smarter,train
human3_lib3.final_cell_0753,macrophage,inDrop3,train
D71_64,ductal,celseq,train
human3_lib2.final_cell_0217,alpha,inDrop3,train
D28-5_78,acinar,celseq2,validation
human3_lib4.final_cell_0899,alpha,inDrop3,train
human1_lib2.final_cell_0054,acinar,inDrop1,train
HP1525301T2D_H7,alpha,smartseq2,train
D30-8_87,endothelial,celseq2,train
human3_lib2.final_cell_0183,acinar,inDrop3,train
human3_lib1.final_cell_0565,alpha,inDrop3,train
HP1508501T2D_C18,ductal,smartseq2,test
HP1506401_A24,beta,smartseq2,train
human1_lib2.final_cell_0175,beta,inDrop1,train
human3_lib3.final_cell_0481,beta,inDrop3,train
human1_lib1.final_cell_0427,beta,inDrop1,validation
HP1506401_E17,ductal,smartseq2,train
human4_lib3.final_cell_0618,beta,inDrop4,train
12th-C21_S184,beta,fluidigmc1,validation
human3_lib4.final_cell_0778,alpha,inDrop3,train
D29-4_26,alpha,celseq2,test
HP1502401_F4,alpha,smartseq2,train
1st-C77_S86,beta,fluidigmc1,test
Sample_329,alpha,smarter,train
human3_lib1.final_cell_0120,acinar,inDrop3,train
D71_21,beta,celseq,train
human1_lib2.final_cell_0414,beta,inDrop1,train
human2_lib2.final_cell_0414,alpha,inDrop2,train
HP1508501T2D_D15,delta,smartseq2,train
D1713_27,acinar,celseq,train
human2_lib1.final_cell_0507,quiescent_stellate,inDrop2,train
human3_lib2.final_cell_0062,acinar,inDrop3,test
human3_lib1.final_cell_0757,beta,inDrop3,validation
human3_lib3.final_cell_0040,acinar,inDrop3,test
HP1508501T2D_P4,gamma,smartseq2,test
human2_lib1.final_cell_0021,ductal,inDrop2,train
Sample_984,alpha,smarter,test
human3_lib2.final_cell_0748,alpha,inDrop3,validation
10th_C76_S128,delta,fluidigmc1,train
human3_lib4.final_cell_0163,beta,inDrop3,train
D30-4_88,alpha,celseq2,test
HP1525301T2D_O18,alpha,smartseq2,train
11th-C53_S78,beta,fluidigmc1,train
Sample_812,beta,smarter,train
D29-3_9,delta,celseq2,validation
human3_lib2.final_cell_0307,alpha,inDrop3,train
D72_31,ductal,celseq,train
2nd-C2_S2,endothelial,fluidigmc1,train
D30-6_53,delta,celseq2,train
Sample_709,beta,smarter,train
human3_lib3.final_cell_0504,beta,inDrop3,validation
HP1509101_O23,alpha,smartseq2,train
human1_lib1.final_cell_0113,delta,inDrop1,train
D28-2_65,alpha,celseq2,train
human1_lib3.final_cell_0323,beta,inDrop1,train
human4_lib3.final_cell_0124,alpha,inDrop4,validation
Sample_63,beta,smarter,train
Sample_218,alpha,smarter,train
human3_lib4.final_cell_0766,alpha,inDrop3,train
D28-3_91,acinar,celseq2,test
human3_lib3.final_cell_0234,alpha,inDrop3,test
human1_lib2.final_cell_0029,beta,inDrop1,train
HP1507101_F13,alpha,smartseq2,train
human1_lib3.final_cell_0497,quiescent_stellate,inDrop1,train
human3_lib3.final_cell_0516,activated_stellate,inDrop3,test
human4_lib3.final_cell_0423,ductal,inDrop4,train
human3_lib2.final_cell_0200,beta,inDrop3,train
human3_lib3.final_cell_0261,alpha,inDrop3,train
human1_lib1.final_cell_0426,gamma,inDrop1,validation
human4_lib1.final_cell_0110,beta,inDrop4,validation
Sample_21,beta,smarter,test
human2_lib1.final_cell_0210,alpha,inDrop2,train
human3_lib2.final_cell_0314,alpha,inDrop3,train
human2_lib3.final_cell_0165,beta,inDrop2,train
D31-1_67,alpha,celseq2,train
D30-7_55,delta,celseq2,train
8th-C75_S128,beta,fluidigmc1,test
9th-C20_S35,alpha,fluidigmc1,train
human3_lib2.final_cell_0105,acinar,inDrop3,train
D72_33,acinar,celseq,train
D17TGFB_55,ductal,celseq,train
HP1504101T2D_L1,gamma,smartseq2,train
human4_lib3.final_cell_0015,ductal,inDrop4,train
D30-6_68,beta,celseq2,train
human2_lib3.final_cell_0288,delta,inDrop2,train
HP1508501T2D_K4,alpha,smartseq2,train
human4_lib1.final_cell_0224,beta,inDrop4,train
1st-C59_S77,alpha,fluidigmc1,train
D29-3_87,beta,celseq2,validation
human3_lib4.final_cell_0605,alpha,inDrop3,train
human3_lib4.final_cell_0767,alpha,inDrop3,validation
Sample_1062,alpha,smarter,test
human1_lib3.final_cell_0346,delta,inDrop1,validation
D29-3_94,beta,celseq2,train
HP1504901_L8,beta,smartseq2,test
human4_lib1.final_cell_0217,ductal,inDrop4,train
human3_lib4.final_cell_0505,acinar,inDrop3,validation
D74_54,ductal,celseq,validation
human1_lib2.final_cell_0303,macrophage,inDrop1,test
D28-4_54,acinar,celseq2,train
human2_lib3.final_cell_0055,alpha,inDrop2,train
human3_lib4.final_cell_0315,ductal,inDrop3,test
HP1504901_O16,alpha,smartseq2,train
D30-5_39,alpha,celseq2,validation
D31-7_39,beta,celseq2,train
HP1526901T2D_F20,gamma,smartseq2,validation
D30-2_48,beta,celseq2,validation
D28-8_86,alpha,celseq2,train
HP1504101T2D_E16,beta,smartseq2,train
human4_lib1.final_cell_0525,beta,inDrop4,train
5th-C54_S89,acinar,fluidigmc1,train
human3_lib3.final_cell_0636,alpha,inDrop3,train
human3_lib2.final_cell_0634,alpha,inDrop3,test
human4_lib3.final_cell_0269,delta,inDrop4,train
human1_lib1.final_cell_0494,alpha,inDrop1,train
human4_lib3.final_cell_0638,beta,inDrop4,train
human3_lib2.final_cell_0538,ductal,inDrop3,train
human3_lib1.final_cell_0468,alpha,inDrop3,train
HP1504901_O9,alpha,smartseq2,train
8th-C67_S117,ductal,fluidigmc1,train
Sample_41,beta,smarter,train
D29-3_83,beta,celseq2,test
Sample_793,beta,smarter,train
human3_lib2.final_cell_0032,acinar,inDrop3,validation
D31-7_93,alpha,celseq2,test
HP1504101T2D_F2,gamma,smartseq2,train
human3_lib2.final_cell_0686,ductal,inDrop3,train
HP1504101T2D_J2,alpha,smartseq2,train
human3_lib2.final_cell_0851,alpha,inDrop3,train
human3_lib3.final_cell_0720,alpha,inDrop3,train
human1_lib1.final_cell_0202,alpha,inDrop1,train
D17TGFB_36,acinar,celseq,train
Sample_811,beta,smarter,train
human1_lib1.final_cell_0234,beta,inDrop1,train
human2_lib3.final_cell_0274,ductal,inDrop2,train
human1_lib2.final_cell_0463,delta,inDrop1,train
human3_lib4.final_cell_0400,alpha,inDrop3,train
human2_lib1.final_cell_0020,alpha,inDrop2,train
HP1526901T2D_F3,alpha,smartseq2,validation
HP1526901T2D_I1,ductal,smartseq2,test
human1_lib3.final_cell_0357,ductal,inDrop1,train
D31-8_62,alpha,celseq2,test
HP1509101_B11,alpha,smartseq2,train
HP1507101_I6,alpha,smartseq2,train
human1_lib3.final_cell_0519,endothelial,inDrop1,validation
HP1508501T2D_K2,ductal,smartseq2,train
HP1507101_F10,delta,smartseq2,train
human3_lib1.final_cell_0775,beta,inDrop3,validation
D17TGFB_52,alpha,celseq,train
human2_lib1.final_cell_0408,alpha,inDrop2,train
D28-3_55,alpha,celseq2,validation
Sample_1210,alpha,smarter,validation
human3_lib1.final_cell_0261,delta,inDrop3,train
D29-5_12,beta,celseq2,train
human3_lib1.final_cell_0678,alpha,inDrop3,train
human1_lib1.final_cell_0144,beta,inDrop1,train
human3_lib4.final_cell_0026,acinar,inDrop3,train
human1_lib2.final_cell_0327,beta,inDrop1,test
human2_lib2.final_cell_0356,alpha,inDrop2,train
D29-6_57,alpha,celseq2,train
D30-8_36,acinar,celseq2,validation
D31-7_59,beta,celseq2,train
10th_C14_S53,beta,fluidigmc1,validation
human3_lib2.final_cell_0491,acinar,inDrop3,train
human3_lib2.final_cell_0039,acinar,inDrop3,validation
human2_lib3.final_cell_0286,alpha,inDrop2,train
human4_lib1.final_cell_0358,beta,inDrop4,train
human1_lib2.final_cell_0225,acinar,inDrop1,validation
HP1508501T2D_M5,alpha,smartseq2,test
HP1508501T2D_I14,alpha,smartseq2,train
HP1502401_L4,alpha,smartseq2,train
human4_lib3.final_cell_0678,beta,inDrop4,test
human2_lib1.final_cell_0479,ductal,inDrop2,train
human2_lib1.final_cell_0314,ductal,inDrop2,validation
D30-4_60,alpha,celseq2,train
human3_lib3.final_cell_0278,ductal,inDrop3,train
HP1508501T2D_K18,endothelial,smartseq2,train
human3_lib4.final_cell_0246,alpha,inDrop3,test
Sample_708,beta,smarter,train
D29-7_33,alpha,celseq2,train
human2_lib3.final_cell_0310,quiescent_stellate,inDrop2,train
human3_lib1.final_cell_0058,acinar,inDrop3,train
D29-5_22,beta,celseq2,train
human3_lib2.final_cell_0273,beta,inDrop3,train
D30-8_7,alpha,celseq2,train
Sample_1517,delta,smarter,validation
human4_lib1.final_cell_0175,beta,inDrop4,train
human4_lib3.final_cell_0131,ductal,inDrop4,test
9th-C67_S37,alpha,fluidigmc1,train
human4_lib3.final_cell_0395,beta,inDrop4,train
human4_lib3.final_cell_0609,beta,inDrop4,train
HP1509101_P18,alpha,smartseq2,train
Sample_226,alpha,smarter,train
human4_lib3.final_cell_0169,beta,inDrop4,train
Sample_54,beta,smarter,train
human1_lib2.final_cell_0533,ductal,inDrop1,train
human2_lib2.final_cell_0498,alpha,inDrop2,test
human1_lib2.final_cell_0253,alpha,inDrop1,validation
Sample_831,beta,smarter,train
HP1508501T2D_G10,alpha,smartseq2,train
HP1507101_O18,alpha,smartseq2,validation
Sample_1241,alpha,smarter,train
human3_lib2.final_cell_0092,delta,inDrop3,test
D29-8_80,delta,celseq2,train
human2_lib3.final_cell_0068,beta,inDrop2,train
HP1525301T2D_A9,alpha,smartseq2,train
human2_lib1.final_cell_0186,ductal,inDrop2,train
8th-C11_S99,alpha,fluidigmc1,train
human3_lib2.final_cell_0815,alpha,inDrop3,train
D30-3_33,alpha,celseq2,test
D29-4_67,beta,celseq2,test
D29-1_27,alpha,celseq2,train
human3_lib1.final_cell_0430,delta,inDrop3,validation
D172444_90,alpha,celseq,train
human2_lib2.final_cell_0543,quiescent_stellate,inDrop2,train
human4_lib1.final_cell_0359,beta,inDrop4,train
human3_lib2.final_cell_0024,acinar,inDrop3,validation
HP1506401_M16,ductal,smartseq2,train
D31-2_28,beta,celseq2,validation
human3_lib2.final_cell_0078,acinar,inDrop3,test
human1_lib2.final_cell_0429,beta,inDrop1,validation
human1_lib3.final_cell_0690,mast,inDrop1,train
Sample_951,alpha,smarter,validation
human2_lib3.final_cell_0467,ductal,inDrop2,train
Sample_576,alpha,smarter,train
human2_lib1.final_cell_0078,ductal,inDrop2,train
D17All1_20,ductal,celseq,train
human2_lib2.final_cell_0068,beta,inDrop2,train
Sample_911,beta,smarter,train
human3_lib2.final_cell_0242,beta,inDrop3,test
human2_lib1.final_cell_0409,alpha,inDrop2,test
HP1525301T2D_A3,alpha,smartseq2,train
AZ_B5,alpha,smartseq2,train
Sample_511,alpha,smarter,test
human3_lib1.final_cell_0334,alpha,inDrop3,test
human3_lib3.final_cell_0019,acinar,inDrop3,test
HP1507101_D20,alpha,smartseq2,train
human1_lib1.final_cell_0153,beta,inDrop1,train
human2_lib3.final_cell_0025,beta,inDrop2,train
HP1504101T2D_O13,alpha,smartseq2,validation
human2_lib2.final_cell_0250,beta,inDrop2,train
Sample_595,delta,smarter,train
human4_lib1.final_cell_0104,alpha,inDrop4,train
Sample_457,alpha,smarter,train
HP1504101T2D_I16,gamma,smartseq2,test
human3_lib3.final_cell_0116,alpha,inDrop3,train
Sample_1050,alpha,smarter,test
human4_lib1.final_cell_0332,alpha,inDrop4,train
D17All1_45,ductal,celseq,validation
HP1508501T2D_P14,ductal,smartseq2,validation
HP1504101T2D_C1,endothelial,smartseq2,validation
human2_lib1.final_cell_0424,alpha,inDrop2,train
human4_lib1.final_cell_0303,ductal,inDrop4,test
5th-C77_S107,alpha,fluidigmc1,train
human3_lib3.final_cell_0229,acinar,inDrop3,train
Sample_1415,alpha,smarter,test
human1_lib1.final_cell_0289,endothelial,inDrop1,test
Sample_1483,alpha,smarter,train
human3_lib4.final_cell_0502,acinar,inDrop3,train
human1_lib2.final_cell_0622,endothelial,inDrop1,test
D29-2_57,ductal,celseq2,test
human2_lib1.final_cell_0423,ductal,inDrop2,train
11th-C57_S40,alpha,fluidigmc1,train
HP1508501T2D_K20,beta,smartseq2,test
human4_lib3.final_cell_0282,ductal,inDrop4,train
human4_lib3.final_cell_0560,alpha,inDrop4,validation
human3_lib4.final_cell_0227,beta,inDrop3,train
human2_lib2.final_cell_0291,alpha,inDrop2,train
human3_lib4.final_cell_0730,delta,inDrop3,train
human2_lib2.final_cell_0579,gamma,inDrop2,test
HP1508501T2D_F16,alpha,smartseq2,train
human1_lib3.final_cell_0546,macrophage,inDrop1,train
human2_lib1.final_cell_0287,activated_stellate,inDrop2,test
D31-3_90,alpha,celseq2,train
human4_lib3.final_cell_0072,activated_stellate,inDrop4,train
D1713_14,ductal,celseq,train
HP1526901T2D_L21,alpha,smartseq2,validation
human1_lib2.final_cell_0319,ductal,inDrop1,train
human3_lib4.final_cell_0389,alpha,inDrop3,train
human1_lib2.final_cell_0343,macrophage,inDrop1,train
human3_lib2.final_cell_0095,delta,inDrop3,test
Sample_1285,alpha,smarter,train
human3_lib4.final_cell_0808,beta,inDrop3,train
human2_lib1.final_cell_0156,delta,inDrop2,train
human4_lib1.final_cell_0135,beta,inDrop4,validation
human1_lib1.final_cell_0335,beta,inDrop1,validation
HP1526901T2D_G17,beta,smartseq2,train
HP1506401_K2,acinar,smartseq2,test
human4_lib3.final_cell_0418,ductal,inDrop4,train
human3_lib3.final_cell_0203,acinar,inDrop3,train
human4_lib3.final_cell_0077,beta,inDrop4,test
D29-1_52,beta,celseq2,validation
human3_lib3.final_cell_0494,alpha,inDrop3,train
human3_lib4.final_cell_0691,beta,inDrop3,train
HP1526901T2D_P13,activated_stellate,smartseq2,validation
human3_lib1.final_cell_0211,acinar,inDrop3,train
human3_lib2.final_cell_0127,acinar,inDrop3,train
D31-6_32,gamma,celseq2,train
HP1506401_D10,ductal,smartseq2,train
HP1504101T2D_P7,alpha,smartseq2,train
D29-6_66,delta,celseq2,train
human2_lib3.final_cell_0124,activated_stellate,inDrop2,train
human1_lib2.final_cell_0508,beta,inDrop1,validation
HP1506401_F9,beta,smartseq2,train
D29-4_13,alpha,celseq2,train
HP1525301T2D_L24,alpha,smartseq2,train
human2_lib1.final_cell_0508,alpha,inDrop2,train
HP1506401_B15,activated_stellate,smartseq2,train
human3_lib1.final_cell_0494,beta,inDrop3,test
human3_lib4.final_cell_0772,alpha,inDrop3,test
D30-1_14,beta,celseq2,test
HP1509101_H23,alpha,smartseq2,validation
human3_lib4.final_cell_0284,ductal,inDrop3,train
human2_lib2.final_cell_0328,beta,inDrop2,test
human4_lib3.final_cell_0075,ductal,inDrop4,train
human1_lib3.final_cell_0704,t_cell,inDrop1,train
HP1509101_N20,alpha,smartseq2,validation
human1_lib3.final_cell_0562,delta,inDrop1,train
HP1508501T2D_B22,alpha,smartseq2,validation
Sample_65,beta,smarter,validation
D30-5_93,alpha,celseq2,validation
human1_lib3.final_cell_0342,beta,inDrop1,train
human4_lib3.final_cell_0577,alpha,inDrop4,train
human1_lib2.final_cell_0582,acinar,inDrop1,train
human3_lib1.final_cell_0703,alpha,inDrop3,train
3rd-C33_S50,beta,fluidigmc1,train
human1_lib2.final_cell_0230,delta,inDrop1,train
D30-1_63,acinar,celseq2,train
Sample_925,beta,smarter,train
human3_lib2.final_cell_0636,acinar,inDrop3,train
human3_lib4.final_cell_0132,beta,inDrop3,train
human1_lib1.final_cell_0078,beta,inDrop1,test
human3_lib1.final_cell_0340,alpha,inDrop3,train
human3_lib3.final_cell_0536,acinar,inDrop3,validation
HP1526901T2D_L14,gamma,smartseq2,train
human1_lib1.final_cell_0542,beta,inDrop1,train
human2_lib1.final_cell_0024,delta,inDrop2,train
D28-7_37,acinar,celseq2,test
D29-3_93,alpha,celseq2,train
human3_lib2.final_cell_0597,alpha,inDrop3,train
human3_lib2.final_cell_0726,beta,inDrop3,train
human2_lib3.final_cell_0091,ductal,inDrop2,train
human4_lib1.final_cell_0254,alpha,inDrop4,train
D29-2_58,gamma,celseq2,train
D31-6_5,gamma,celseq2,test
D30-7_4,beta,celseq2,train
human3_lib2.final_cell_0610,alpha,inDrop3,validation
D31-3_78,acinar,celseq2,train
HP1504101T2D_M1,gamma,smartseq2,train
human3_lib2.final_cell_0741,alpha,inDrop3,train
HP1506401_D18,ductal,smartseq2,test
HP1509101_I17,endothelial,smartseq2,train
D29-4_43,delta,celseq2,train
HP1508501T2D_K13,ductal,smartseq2,test
Sample_1346,alpha,smarter,train
human2_lib1.final_cell_0279,alpha,inDrop2,validation
human4_lib3.final_cell_0232,beta,inDrop4,train
human3_lib2.final_cell_0782,ductal,inDrop3,train
human3_lib4.final_cell_0633,acinar,inDrop3,train
HP1504101T2D_P18,alpha,smartseq2,train
Sample_242,alpha,smarter,test
human3_lib4.final_cell_0523,alpha,inDrop3,validation
human3_lib4.final_cell_0374,beta,inDrop3,test
HP1507101_L6,alpha,smartseq2,train
human4_lib1.final_cell_0302,ductal,inDrop4,train
D29-2_45,alpha,celseq2,train
human3_lib4.final_cell_0648,activated_stellate,inDrop3,validation
D29-6_67,beta,celseq2,train
3rd-C6_S44,mast,fluidigmc1,train
human4_lib1.final_cell_0211,alpha,inDrop4,test
human4_lib1.final_cell_0169,delta,inDrop4,train
human2_lib2.final_cell_0495,alpha,inDrop2,train
human1_lib2.final_cell_0238,beta,inDrop1,train
human1_lib2.final_cell_0510,quiescent_stellate,inDrop1,train
human1_lib3.final_cell_0363,beta,inDrop1,train
Sample_525,alpha,smarter,validation
D17All2_34,beta,celseq,train
human3_lib4.final_cell_0559,alpha,inDrop3,validation
human3_lib3.final_cell_0343,beta,inDrop3,test
HP1508501T2D_I20,alpha,smartseq2,train
Sample_1024,alpha,smarter,train
AZ_F9,ductal,smartseq2,train
human1_lib2.final_cell_0283,beta,inDrop1,train
human1_lib3.final_cell_0527,beta,inDrop1,test
D74_79,ductal,celseq,test
human4_lib3.final_cell_0353,beta,inDrop4,test
D31-6_62,acinar,celseq2,train
human1_lib2.final_cell_0556,beta,inDrop1,train
D28-5_76,delta,celseq2,train
Sample_459,alpha,smarter,train
HP1525301T2D_I1,ductal,smartseq2,validation
D17All2_7,beta,celseq,train
human1_lib1.final_cell_0406,alpha,inDrop1,train
human3_lib1.final_cell_0054,acinar,inDrop3,test
human1_lib3.final_cell_0331,beta,inDrop1,train
HP1525301T2D_J13,alpha,smartseq2,train
human3_lib2.final_cell_0276,beta,inDrop3,validation
human1_lib1.final_cell_0392,beta,inDrop1,train
human4_lib3.final_cell_0265,ductal,inDrop4,test
D1713_3,ductal,celseq,train
human2_lib3.final_cell_0046,alpha,inDrop2,train
human1_lib1.final_cell_0391,beta,inDrop1,train
human2_lib3.final_cell_0314,delta,inDrop2,train
human1_lib3.final_cell_0649,endothelial,inDrop1,train
human2_lib2.final_cell_0448,activated_stellate,inDrop2,test
Sample_656,beta,smarter,validation
2nd-C67_S40,alpha,fluidigmc1,train
Sample_39,beta,smarter,validation
human3_lib1.final_cell_0453,activated_stellate,inDrop3,test
human3_lib4.final_cell_0585,beta,inDrop3,validation
HP1508501T2D_D9,acinar,smartseq2,train
D31-5_56,alpha,celseq2,train
D30-1_7,alpha,celseq2,train
human3_lib3.final_cell_0125,alpha,inDrop3,test
human1_lib3.final_cell_0424,gamma,inDrop1,train
human2_lib3.final_cell_0456,alpha,inDrop2,validation
human3_lib4.final_cell_0440,alpha,inDrop3,train
human3_lib3.final_cell_0731,ductal,inDrop3,train
D28-3_28,acinar,celseq2,train
HP1504901_B14,ductal,smartseq2,train
HP1507101_K22,alpha,smartseq2,train
human3_lib1.final_cell_0284,ductal,inDrop3,train
D29-7_3,beta,celseq2,validation
human3_lib3.final_cell_0453,acinar,inDrop3,train
human4_lib3.final_cell_0356,beta,inDrop4,train
D29-1_66,gamma,celseq2,train
human2_lib1.final_cell_0101,beta,inDrop2,train
D28-4_17,acinar,celseq2,train
human2_lib3.final_cell_0057,activated_stellate,inDrop2,train
human3_lib4.final_cell_0846,quiescent_stellate,inDrop3,train
human3_lib3.final_cell_0360,alpha,inDrop3,test
D31-5_58,alpha,celseq2,train
D72_91,alpha,celseq,train
human3_lib2.final_cell_0385,alpha,inDrop3,test
human2_lib2.final_cell_0015,ductal,inDrop2,train
human3_lib3.final_cell_0412,beta,inDrop3,test
D30-5_69,beta,celseq2,train
human4_lib1.final_cell_0463,beta,inDrop4,train
human3_lib1.final_cell_0104,delta,inDrop3,train
D102_24,beta,celseq,train
11th-C77_S82,endothelial,fluidigmc1,train
human2_lib1.final_cell_0382,beta,inDrop2,train
Sample_1238,alpha,smarter,train
7th-C32_S54,alpha,fluidigmc1,train
D17TGFB_78,alpha,celseq,train
human2_lib3.final_cell_0393,alpha,inDrop2,train
human3_lib3.final_cell_0147,alpha,inDrop3,train
human3_lib1.final_cell_0110,delta,inDrop3,train
13th_C5_S184,beta,fluidigmc1,train
human4_lib3.final_cell_0320,beta,inDrop4,train
4th-C9_S13,alpha,fluidigmc1,train
human2_lib2.final_cell_0211,alpha,inDrop2,train
human4_lib3.final_cell_0544,delta,inDrop4,train
Sample_1035,alpha,smarter,train
D30-8_93,ductal,celseq2,train
human3_lib2.final_cell_0408,alpha,inDrop3,train
human4_lib1.final_cell_0229,delta,inDrop4,train
human2_lib2.final_cell_0507,beta,inDrop2,test
human4_lib1.final_cell_0326,epsilon,inDrop4,train
human3_lib2.final_cell_0245,delta,inDrop3,test
human3_lib4.final_cell_0174,ductal,inDrop3,validation
HP1509101_F24,ductal,smartseq2,validation
HP1504101T2D_B7,alpha,smartseq2,train
human3_lib3.final_cell_0052,beta,inDrop3,test
D29-7_85,alpha,celseq2,validation
human4_lib3.final_cell_0685,beta,inDrop4,train
Sample_798,beta,smarter,train
D29-4_50,alpha,celseq2,train
D30-7_8,alpha,celseq2,train
human3_lib4.final_cell_0557,alpha,inDrop3,train
HP1526901T2D_F9,alpha,smartseq2,train
human2_lib3.final_cell_0466,beta,inDrop2,train
human4_lib1.final_cell_0305,beta,inDrop4,validation
human3_lib3.final_cell_0857,alpha,inDrop3,train
human1_lib3.final_cell_0438,ductal,inDrop1,train
human1_lib1.final_cell_0507,quiescent_stellate,inDrop1,train
Sample_53,beta,smarter,train
D29-6_52,alpha,celseq2,validation
human2_lib2.final_cell_0172,delta,inDrop2,train
human3_lib3.final_cell_0771,alpha,inDrop3,test
human2_lib2.final_cell_0419,gamma,inDrop2,train
human2_lib2.final_cell_0529,alpha,inDrop2,train
human4_lib3.final_cell_0260,activated_stellate,inDrop4,train
2nd-C28_S55,alpha,fluidigmc1,train
D73_2,ductal,celseq,test
human4_lib1.final_cell_0111,ductal,inDrop4,test
human3_lib2.final_cell_0316,ductal,inDrop3,train
HP1504901_O17,alpha,smartseq2,train
Sample_1133,alpha,smarter,test
human3_lib3.final_cell_0496,ductal,inDrop3,train
human1_lib2.final_cell_0611,endothelial,inDrop1,train
D3en2_5,acinar,celseq,train
D31-3_73,acinar,celseq2,train
human1_lib2.final_cell_0270,gamma,inDrop1,train
D30-7_79,beta,celseq2,test
HP1507101_C24,alpha,smartseq2,train
human2_lib2.final_cell_0145,activated_stellate,inDrop2,train
HP1525301T2D_F5,acinar,smartseq2,train
human3_lib2.final_cell_0404,alpha,inDrop3,train
D30-5_3,activated_stellate,celseq2,test
human4_lib3.final_cell_0100,ductal,inDrop4,train
Sample_17,beta,smarter,train
human2_lib3.final_cell_0082,alpha,inDrop2,train
human2_lib3.final_cell_0298,ductal,inDrop2,train
3rd-C32_S31,alpha,fluidigmc1,train
HP1506401_I23,beta,smartseq2,train
human3_lib1.final_cell_0450,alpha,inDrop3,test
HP1526901T2D_E20,delta,smartseq2,test
D29-3_59,beta,celseq2,train
human1_lib2.final_cell_0068,delta,inDrop1,train
human3_lib3.final_cell_0003,acinar,inDrop3,train
human4_lib1.final_cell_0365,gamma,inDrop4,validation
HP1506401_M21,ductal,smartseq2,train
human1_lib3.final_cell_0469,acinar,inDrop1,train
Sample_769,beta,smarter,train
HP1502401_F23,alpha,smartseq2,train
HP1525301T2D_G11,alpha,smartseq2,train
D17All1_90,beta,celseq,test
human3_lib3.final_cell_0243,acinar,inDrop3,train
human3_lib3.final_cell_0679,alpha,inDrop3,train
human1_lib1.final_cell_0495,quiescent_stellate,inDrop1,train
human1_lib1.final_cell_0045,activated_stellate,inDrop1,train
human1_lib2.final_cell_0263,delta,inDrop1,train
human3_lib1.final_cell_0103,alpha,inDrop3,train
human3_lib4.final_cell_0486,alpha,inDrop3,train
human3_lib3.final_cell_0358,alpha,inDrop3,validation
human1_lib1.final_cell_0297,beta,inDrop1,train
human3_lib2.final_cell_0186,alpha,inDrop3,validation
HP1509101_P17,ductal,smartseq2,test
human3_lib1.final_cell_0162,ductal,inDrop3,test
human1_lib3.final_cell_0325,beta,inDrop1,validation
human4_lib1.final_cell_0038,beta,inDrop4,train
13th_C93_S162,alpha,fluidigmc1,train
human4_lib1.final_cell_0382,beta,inDrop4,validation
D31-4_87,alpha,celseq2,train
human3_lib2.final_cell_0856,endothelial,inDrop3,train
human2_lib1.final_cell_0151,ductal,inDrop2,train
human3_lib2.final_cell_0557,alpha,inDrop3,train
HP1504101T2D_D18,gamma,smartseq2,validation
human4_lib1.final_cell_0149,ductal,inDrop4,validation
human3_lib1.final_cell_0785,alpha,inDrop3,train
human1_lib2.final_cell_0076,beta,inDrop1,train
human2_lib2.final_cell_0367,alpha,inDrop2,train
HP1526901T2D_I22,beta,smartseq2,train
D31-8_49,beta,celseq2,validation
human2_lib3.final_cell_0495,beta,inDrop2,train
D29-6_43,beta,celseq2,validation
D31-1_10,beta,celseq2,validation
human3_lib3.final_cell_0635,alpha,inDrop3,train
human3_lib1.final_cell_0837,beta,inDrop3,train
HP1507101_J13,alpha,smartseq2,train
human3_lib4.final_cell_0308,beta,inDrop3,train
human2_lib1.final_cell_0277,alpha,inDrop2,train
D29-8_20,alpha,celseq2,train
HP1502401_O18,delta,smartseq2,train
D31-2_13,alpha,celseq2,train
D30-2_50,ductal,celseq2,train
human3_lib1.final_cell_0515,ductal,inDrop3,train
human4_lib1.final_cell_0266,beta,inDrop4,train
D29-7_61,gamma,celseq2,test
Sample_702,beta,smarter,test
HP1526901T2D_H14,beta,smartseq2,validation
human4_lib1.final_cell_0542,beta,inDrop4,train
human3_lib2.final_cell_0845,beta,inDrop3,train
human3_lib2.final_cell_0555,alpha,inDrop3,train
human3_lib3.final_cell_0260,beta,inDrop3,train
human2_lib1.final_cell_0462,alpha,inDrop2,train
human1_lib2.final_cell_0152,beta,inDrop1,train
human3_lib2.final_cell_0607,ductal,inDrop3,test
HP1508501T2D_A4,alpha,smartseq2,test
D30-7_51,ductal,celseq2,train
human3_lib2.final_cell_0239,activated_stellate,inDrop3,test
HP1502401_N17,alpha,smartseq2,validation
HP1502401_O1,alpha,smartseq2,train
human3_lib1.final_cell_0086,acinar,inDrop3,train
human4_lib1.final_cell_0401,beta,inDrop4,train
human2_lib3.final_cell_0171,alpha,inDrop2,validation
human3_lib4.final_cell_0117,beta,inDrop3,train
D29-1_7,alpha,celseq2,test
human1_lib1.final_cell_0534,endothelial,inDrop1,test
human3_lib3.final_cell_0348,alpha,inDrop3,train
Sample_499,alpha,smarter,train
human2_lib3.final_cell_0173,ductal,inDrop2,test
Sample_776,beta,smarter,train
human2_lib1.final_cell_0405,beta,inDrop2,train
human2_lib1.final_cell_0339,alpha,inDrop2,train
Sample_783,beta,smarter,train
human3_lib1.final_cell_0548,beta,inDrop3,test
human1_lib3.final_cell_0735,alpha,inDrop1,train
human2_lib1.final_cell_0290,beta,inDrop2,train
human1_lib3.final_cell_0536,alpha,inDrop1,train
human3_lib3.final_cell_0811,beta,inDrop3,validation
3rd-C63_S54,alpha,fluidigmc1,test
4th-C62_S29,alpha,fluidigmc1,train
2nd-C5_S8,beta,fluidigmc1,train
Sample_594,delta,smarter,train
human2_lib2.final_cell_0600,alpha,inDrop2,train
human3_lib3.final_cell_0697,beta,inDrop3,train
Sample_264,alpha,smarter,train
13th_C17_S186,beta,fluidigmc1,train
HP1504101T2D_D17,gamma,smartseq2,train
HP1509101_G14,alpha,smartseq2,train
human1_lib3.final_cell_0737,beta,inDrop1,test
human3_lib1.final_cell_0892,alpha,inDrop3,train
human2_lib3.final_cell_0118,alpha,inDrop2,validation
D29-8_12,beta,celseq2,train
human1_lib3.final_cell_0686,alpha,inDrop1,train
human4_lib1.final_cell_0293,beta,inDrop4,train
Sample_871,beta,smarter,validation
human2_lib1.final_cell_0450,ductal,inDrop2,train
D30-3_91,acinar,celseq2,validation
human4_lib3.final_cell_0592,beta,inDrop4,train
D31-6_48,alpha,celseq2,train
D73_81,alpha,celseq,train
human4_lib3.final_cell_0517,ductal,inDrop4,test
D30-7_36,alpha,celseq2,test
D30-3_32,ductal,celseq2,train
Sample_1163,alpha,smarter,train
human4_lib3.final_cell_0649,alpha,inDrop4,train
D73_92,beta,celseq,validation
6th-C65_S31,alpha,fluidigmc1,train
Sample_221,alpha,smarter,test
human4_lib3.final_cell_0420,beta,inDrop4,train
D2ex_22,ductal,celseq,validation
human2_lib1.final_cell_0053,quiescent_stellate,inDrop2,train
human3_lib4.final_cell_0303,activated_stellate,inDrop3,validation
3rd-C18_S80,alpha,fluidigmc1,train
human3_lib3.final_cell_0372,alpha,inDrop3,train
D31-4_5,alpha,celseq2,train
HP1504101T2D_E3,alpha,smartseq2,train
human1_lib3.final_cell_0538,beta,inDrop1,train
D71_37,alpha,celseq,train
human1_lib1.final_cell_0208,alpha,inDrop1,validation
Sample_905,beta,smarter,train
D28-2_73,beta,celseq2,train
human4_lib1.final_cell_0182,alpha,inDrop4,train
D29-3_85,delta,celseq2,train
human3_lib3.final_cell_0917,alpha,inDrop3,train
D30-6_71,alpha,celseq2,train
human4_lib3.final_cell_0121,beta,inDrop4,test
D1713_18,beta,celseq,test
human3_lib2.final_cell_0494,quiescent_stellate,inDrop3,train
human4_lib1.final_cell_0136,alpha,inDrop4,train
D1713_11,beta,celseq,train
5th-C34_S108,alpha,fluidigmc1,validation
HP1506401_O11,beta,smartseq2,test
HP1504101T2D_E11,gamma,smartseq2,train
D30-5_11,delta,celseq2,test
D30-1_57,beta,celseq2,validation
human2_lib1.final_cell_0106,alpha,inDrop2,test
D31-4_40,gamma,celseq2,validation
Sample_1542,delta,smarter,train
human4_lib1.final_cell_0300,beta,inDrop4,train
human2_lib3.final_cell_0130,alpha,inDrop2,train
human3_lib2.final_cell_0015,acinar,inDrop3,train
human1_lib3.final_cell_0382,beta,inDrop1,validation
D29-3_86,beta,celseq2,train
D29-2_89,beta,celseq2,train
HP1526901T2D_E21,delta,smartseq2,test
human1_lib1.final_cell_0336,beta,inDrop1,train
D28-5_64,alpha,celseq2,train
D31-1_19,acinar,celseq2,train
human2_lib1.final_cell_0393,beta,inDrop2,train
D71_57,beta,celseq,train
D30-8_51,beta,celseq2,train
human3_lib4.final_cell_0406,acinar,inDrop3,train
HP1502401_E9,delta,smartseq2,train
HP1504901_B6,gamma,smartseq2,train
human3_lib3.final_cell_0374,delta,inDrop3,validation
human1_lib3.final_cell_0290,beta,inDrop1,test
D31-2_37,ductal,celseq2,train
human3_lib4.final_cell_0867,beta,inDrop3,test
human1_lib3.final_cell_0106,activated_stellate,inDrop1,train
human3_lib1.final_cell_0387,alpha,inDrop3,validation
human3_lib3.final_cell_0744,endothelial,inDrop3,train
human1_lib2.final_cell_0258,delta,inDrop1,train
human3_lib4.final_cell_0686,ductal,inDrop3,train
human3_lib4.final_cell_0413,delta,inDrop3,train
HP1506401_F3,acinar,smartseq2,train
human1_lib3.final_cell_0657,quiescent_stellate,inDrop1,validation
human1_lib2.final_cell_0268,ductal,inDrop1,test
D31-8_71,delta,celseq2,validation
human1_lib2.final_cell_0247,alpha,inDrop1,train
HP1502401_K1,alpha,smartseq2,train
D29-5_51,gamma,celseq2,train
human3_lib1.final_cell_0835,ductal,inDrop3,train
human1_lib3.final_cell_0712,mast,inDrop1,train
human3_lib4.final_cell_0468,ductal,inDrop3,train
D31-6_15,beta,celseq2,test
human4_lib1.final_cell_0363,alpha,inDrop4,test
D28-7_39,acinar,celseq2,test
human2_lib2.final_cell_0546,beta,inDrop2,validation
human2_lib1.final_cell_0326,beta,inDrop2,test
human1_lib1.final_cell_0185,alpha,inDrop1,train
HP1504901_I2,alpha,smartseq2,train
human1_lib2.final_cell_0378,alpha,inDrop1,train
human2_lib2.final_cell_0444,alpha,inDrop2,train
human3_lib4.final_cell_0197,acinar,inDrop3,train
HP1504901_I24,alpha,smartseq2,train
human1_lib1.final_cell_0312,beta,inDrop1,train
human3_lib4.final_cell_0321,beta,inDrop3,validation
human3_lib2.final_cell_0813,mast,inDrop3,train
Sample_694,beta,smarter,train
D30-8_82,ductal,celseq2,train
human1_lib1.final_cell_0384,endothelial,inDrop1,train
Sample_901,beta,smarter,train
Sample_872,beta,smarter,test
human1_lib3.final_cell_0056,ductal,inDrop1,train
D3en4_71,alpha,celseq,validation
human4_lib3.final_cell_0303,delta,inDrop4,train
HP1506401_G5,alpha,smartseq2,train
human3_lib1.final_cell_0154,beta,inDrop3,train
HP1507101_H5,alpha,smartseq2,train
human3_lib3.final_cell_0015,acinar,inDrop3,train
HP1508501T2D_K15,ductal,smartseq2,test
human4_lib1.final_cell_0493,activated_stellate,inDrop4,validation
5th-C30_S105,ductal,fluidigmc1,train
human3_lib2.final_cell_0268,acinar,inDrop3,train
human2_lib3.final_cell_0190,alpha,inDrop2,train
Sample_500,alpha,smarter,validation
D17All2_91,ductal,celseq,train
D29-2_41,alpha,celseq2,train
Sample_1151,alpha,smarter,validation
D31-1_65,gamma,celseq2,validation
D17TGFB_45,acinar,celseq,test
human4_lib3.final_cell_0094,beta,inDrop4,test
human1_lib2.final_cell_0026,delta,inDrop1,train
human1_lib2.final_cell_0023,alpha,inDrop1,test
HP1526901T2D_D19,beta,smartseq2,train
human1_lib3.final_cell_0651,beta,inDrop1,train
human2_lib1.final_cell_0433,delta,inDrop2,validation
human2_lib3.final_cell_0140,alpha,inDrop2,train
human3_lib2.final_cell_0587,alpha,inDrop3,validation
D73_40,ductal,celseq,train
human2_lib1.final_cell_0066,alpha,inDrop2,validation
Sample_538,alpha,smarter,train
human3_lib4.final_cell_0053,acinar,inDrop3,train
D30-3_40,alpha,celseq2,train
Sample_1218,alpha,smarter,train
D172444_34,alpha,celseq,train
human3_lib4.final_cell_0219,acinar,inDrop3,train
human4_lib1.final_cell_0392,alpha,inDrop4,train
D31-5_34,acinar,celseq2,train
HP1507101_E22,acinar,smartseq2,test
human1_lib3.final_cell_0692,epsilon,inDrop1,train
Sample_369,alpha,smarter,train
human1_lib3.final_cell_0334,beta,inDrop1,train
D172444_51,beta,celseq,test
D29-5_70,beta,celseq2,test
human3_lib1.final_cell_0119,acinar,inDrop3,train
human2_lib3.final_cell_0168,ductal,inDrop2,train
human1_lib3.final_cell_0428,ductal,inDrop1,train
HP1506401_J23,acinar,smartseq2,train
D17TGFB_94,alpha,celseq,train
HP1525301T2D_E2,acinar,smartseq2,train
D31-1_20,beta,celseq2,train
8th-C73_S130,ductal,fluidigmc1,train
D31-8_40,acinar,celseq2,train
12th-C76_S177,endothelial,fluidigmc1,test
human1_lib2.final_cell_0410,delta,inDrop1,validation
D31-5_12,alpha,celseq2,test
Sample_1225,alpha,smarter,train
human2_lib3.final_cell_0075,alpha,inDrop2,train
human3_lib3.final_cell_0517,endothelial,inDrop3,train
human4_lib3.final_cell_0531,alpha,inDrop4,train
D31-1_86,beta,celseq2,train
human3_lib1.final_cell_0012,acinar,inDrop3,train
7th-C62_S27,beta,fluidigmc1,train
human2_lib3.final_cell_0522,beta,inDrop2,train
human2_lib1.final_cell_0074,ductal,inDrop2,train
human2_lib2.final_cell_0317,alpha,inDrop2,validation
human4_lib3.final_cell_0076,ductal,inDrop4,validation
D74_27,ductal,celseq,train
human3_lib4.final_cell_0422,beta,inDrop3,train
human1_lib2.final_cell_0496,quiescent_stellate,inDrop1,train
D71_75,ductal,celseq,train
D29-7_92,alpha,celseq2,train
human3_lib3.final_cell_0193,beta,inDrop3,train
HP1504901_F1,gamma,smartseq2,train
human1_lib3.final_cell_0062,delta,inDrop1,validation
D31-2_55,gamma,celseq2,train
human3_lib3.final_cell_0590,alpha,inDrop3,train
D30-2_87,beta,celseq2,train
human1_lib1.final_cell_0023,ductal,inDrop1,train
human1_lib3.final_cell_0621,endothelial,inDrop1,train
human3_lib4.final_cell_0316,ductal,inDrop3,train
human3_lib2.final_cell_0655,alpha,inDrop3,validation
human4_lib3.final_cell_0508,beta,inDrop4,train
HP1525301T2D_H2,ductal,smartseq2,train
Sample_252,alpha,smarter,train
HP1508501T2D_E1,alpha,smartseq2,test
human4_lib1.final_cell_0059,beta,inDrop4,train
human2_lib1.final_cell_0346,ductal,inDrop2,test
D31-7_77,acinar,celseq2,test
HP1502401_M22,acinar,smartseq2,train
human2_lib2.final_cell_0284,beta,inDrop2,train
human3_lib3.final_cell_0338,alpha,inDrop3,train
human3_lib3.final_cell_0291,alpha,inDrop3,train
human3_lib3.final_cell_0535,alpha,inDrop3,train
Sample_806,beta,smarter,test
human4_lib3.final_cell_0258,beta,inDrop4,train
HP1526901T2D_P14,alpha,smartseq2,train
Sample_250,alpha,smarter,train
human3_lib3.final_cell_0921,ductal,inDrop3,train
11th-C24_S49,ductal,fluidigmc1,validation
HP1504101T2D_F11,gamma,smartseq2,train
2nd-C26_S50,alpha,fluidigmc1,train
human2_lib3.final_cell_0333,alpha,inDrop2,train
human1_lib2.final_cell_0062,beta,inDrop1,train
human3_lib3.final_cell_0621,epsilon,inDrop3,train
D30-1_61,acinar,celseq2,train
Sample_1052,alpha,smarter,test
human3_lib3.final_cell_0149,delta,inDrop3,train
human4_lib1.final_cell_0054,ductal,inDrop4,validation
D3ex_66,beta,celseq,train
human2_lib2.final_cell_0033,alpha,inDrop2,train
human1_lib3.final_cell_0329,delta,inDrop1,train
human3_lib1.final_cell_0045,acinar,inDrop3,train
HP1526901T2D_N23,beta,smartseq2,test
HP1525301T2D_H20,alpha,smartseq2,train
D28-6_76,acinar,celseq2,train
HP1502401_F16,beta,smartseq2,train
human1_lib1.final_cell_0552,endothelial,inDrop1,train
HP1504101T2D_J13,alpha,smartseq2,train
Sample_139,beta,smarter,test
HP1507101_D16,alpha,smartseq2,validation
human4_lib3.final_cell_0630,beta,inDrop4,train
HP1507101_B11,alpha,smartseq2,train
human4_lib1.final_cell_0351,ductal,inDrop4,validation
D31-8_25,gamma,celseq2,validation
human3_lib1.final_cell_0432,ductal,inDrop3,validation
human3_lib2.final_cell_0573,beta,inDrop3,train
human3_lib3.final_cell_0443,alpha,inDrop3,train
Sample_988,alpha,smarter,train
human1_lib2.final_cell_0189,beta,inDrop1,train
HP1508501T2D_O6,alpha,smartseq2,train
human4_lib1.final_cell_0125,beta,inDrop4,test
human2_lib1.final_cell_0520,ductal,inDrop2,train
HP1507101_E23,activated_stellate,smartseq2,train
human1_lib2.final_cell_0503,beta,inDrop1,train
AZ_E9,alpha,smartseq2,train
human3_lib4.final_cell_0086,acinar,inDrop3,train
human2_lib2.final_cell_0016,ductal,inDrop2,validation
D31-6_2,alpha,celseq2,test
human3_lib2.final_cell_0172,acinar,inDrop3,test
human2_lib3.final_cell_0313,beta,inDrop2,validation
human1_lib2.final_cell_0194,delta,inDrop1,validation
D29-7_52,beta,celseq2,train
human3_lib2.final_cell_0598,alpha,inDrop3,validation
human4_lib1.final_cell_0399,ductal,inDrop4,train
D73_59,alpha,celseq,train
human4_lib1.final_cell_0422,ductal,inDrop4,train
D30-8_48,alpha,celseq2,test
D30-1_5,delta,celseq2,validation
human3_lib1.final_cell_0654,beta,inDrop3,train
D31-8_10,gamma,celseq2,train
human3_lib4.final_cell_0096,beta,inDrop3,train
human1_lib3.final_cell_0107,beta,inDrop1,train
human2_lib3.final_cell_0117,activated_stellate,inDrop2,train
HP1525301T2D_G8,beta,smartseq2,validation
HP1525301T2D_M13,alpha,smartseq2,train
HP1504101T2D_J20,alpha,smartseq2,train
human3_lib4.final_cell_0811,acinar,inDrop3,train
human4_lib3.final_cell_0253,beta,inDrop4,train
human4_lib3.final_cell_0152,beta,inDrop4,train
human4_lib1.final_cell_0130,beta,inDrop4,train
D29-4_42,beta,celseq2,train
human3_lib3.final_cell_0585,alpha,inDrop3,train
human1_lib3.final_cell_0600,acinar,inDrop1,validation
human1_lib3.final_cell_0545,beta,inDrop1,test
human3_lib1.final_cell_0402,beta,inDrop3,train
HP1525301T2D_P15,endothelial,smartseq2,train
human4_lib1.final_cell_0144,ductal,inDrop4,validation
human2_lib3.final_cell_0238,ductal,inDrop2,train
human4_lib3.final_cell_0240,alpha,inDrop4,test
HP1507101_J11,alpha,smartseq2,validation
human2_lib2.final_cell_0243,quiescent_stellate,inDrop2,train
human1_lib1.final_cell_0093,beta,inDrop1,test
human1_lib1.final_cell_0161,alpha,inDrop1,train
D17All2_37,alpha,celseq,train
human1_lib3.final_cell_0321,beta,inDrop1,test
human3_lib4.final_cell_0512,acinar,inDrop3,train
HP1507101_J19,beta,smartseq2,train
D30-4_61,beta,celseq2,test
human2_lib3.final_cell_0332,ductal,inDrop2,validation
D31-6_65,beta,celseq2,validation
7th-C3_S1,beta,fluidigmc1,test
human3_lib3.final_cell_0510,alpha,inDrop3,train
HP1526901T2D_I11,delta,smartseq2,train
Sample_557,alpha,smarter,train
Sample_1042,alpha,smarter,train
HP1526901T2D_D8,alpha,smartseq2,validation
D29-7_1,alpha,celseq2,validation
human4_lib1.final_cell_0010,ductal,inDrop4,train
human3_lib1.final_cell_0124,acinar,inDrop3,train
Sample_659,beta,smarter,train
human4_lib3.final_cell_0539,beta,inDrop4,train
D17All1_29,ductal,celseq,test
human2_lib3.final_cell_0211,beta,inDrop2,test
human1_lib3.final_cell_0432,beta,inDrop1,train
human2_lib3.final_cell_0144,ductal,inDrop2,train
D3en4_6,ductal,celseq,train
human3_lib2.final_cell_0131,delta,inDrop3,test
human1_lib3.final_cell_0034,beta,inDrop1,train
human4_lib1.final_cell_0216,alpha,inDrop4,train
Sample_396,alpha,smarter,train
HP1509101_L11,alpha,smartseq2,train
D28-4_52,ductal,celseq2,validation
human4_lib3.final_cell_0318,ductal,inDrop4,test
human3_lib1.final_cell_0558,acinar,inDrop3,train
HP1506401_M18,acinar,smartseq2,train
human3_lib1.final_cell_0195,acinar,inDrop3,validation
D31-3_51,gamma,celseq2,train
human3_lib3.final_cell_0211,delta,inDrop3,test
D30-3_90,ductal,celseq2,train
human2_lib1.final_cell_0292,alpha,inDrop2,train
human3_lib1.final_cell_0272,delta,inDrop3,train
human3_lib1.final_cell_0550,ductal,inDrop3,train
human3_lib2.final_cell_0793,alpha,inDrop3,test
HP1506401_I4,ductal,smartseq2,train
HP1506401_A21,alpha,smartseq2,validation
human3_lib2.final_cell_0792,delta,inDrop3,train
human3_lib4.final_cell_0286,beta,inDrop3,train
Sample_654,beta,smarter,train
HP1504101T2D_A19,alpha,smartseq2,train
human1_lib1.final_cell_0108,beta,inDrop1,train
6th-C53_S10,alpha,fluidigmc1,train
HP1508501T2D_F23,alpha,smartseq2,train
human3_lib1.final_cell_0230,acinar,inDrop3,test
human3_lib4.final_cell_0564,ductal,inDrop3,validation
human4_lib3.final_cell_0432,ductal,inDrop4,test
human2_lib2.final_cell_0401,activated_stellate,inDrop2,train
HP1504901_G20,gamma,smartseq2,train
human2_lib2.final_cell_0237,alpha,inDrop2,validation
Sample_1386,alpha,smarter,train
human3_lib4.final_cell_0722,alpha,inDrop3,test
human4_lib3.final_cell_0388,alpha,inDrop4,train
human3_lib1.final_cell_0329,beta,inDrop3,train
human4_lib1.final_cell_0580,gamma,inDrop4,train
human3_lib1.final_cell_0566,alpha,inDrop3,train
human2_lib2.final_cell_0429,activated_stellate,inDrop2,train
human2_lib3.final_cell_0492,alpha,inDrop2,train
human3_lib3.final_cell_0050,acinar,inDrop3,train
human3_lib3.final_cell_0184,beta,inDrop3,train
HP1525301T2D_I19,ductal,smartseq2,train
human4_lib3.final_cell_0014,ductal,inDrop4,train
D30-7_2,alpha,celseq2,train
HP1507101_L17,acinar,smartseq2,train
human3_lib4.final_cell_0335,ductal,inDrop3,train
human1_lib1.final_cell_0483,beta,inDrop1,train
D31-4_10,beta,celseq2,train
human1_lib3.final_cell_0179,macrophage,inDrop1,validation
Sample_507,alpha,smarter,train
D29-3_79,alpha,celseq2,validation
human3_lib2.final_cell_0495,alpha,inDrop3,train
human2_lib1.final_cell_0294,alpha,inDrop2,train
human2_lib2.final_cell_0524,alpha,inDrop2,train
HP1506401_M12,alpha,smartseq2,train
HP1508501T2D_J20,alpha,smartseq2,train
human3_lib1.final_cell_0519,alpha,inDrop3,train
D3en1_71,ductal,celseq,validation
human2_lib3.final_cell_0098,delta,inDrop2,validation
human3_lib4.final_cell_0576,activated_stellate,inDrop3,validation
human3_lib1.final_cell_0575,alpha,inDrop3,train
D31-2_43,beta,celseq2,test
human3_lib2.final_cell_0661,alpha,inDrop3,test
human4_lib3.final_cell_0509,alpha,inDrop4,train
human4_lib1.final_cell_0599,ductal,inDrop4,validation
human3_lib1.final_cell_0621,beta,inDrop3,train
D29-2_56,beta,celseq2,train
Sample_388,alpha,smarter,validation
human3_lib1.final_cell_0065,ductal,inDrop3,test
13th_C66_S214,delta,fluidigmc1,train
human1_lib3.final_cell_0278,delta,inDrop1,train
D17TGFB_93,acinar,celseq,test
human3_lib3.final_cell_0839,alpha,inDrop3,validation
HP1502401_K16,alpha,smartseq2,train
human2_lib3.final_cell_0416,alpha,inDrop2,test
HP1504101T2D_L10,alpha,smartseq2,train
D31-6_67,beta,celseq2,train
D29-8_74,beta,celseq2,train
HP1526901T2D_B14,alpha,smartseq2,test
human3_lib4.final_cell_0546,alpha,inDrop3,train
Sample_411,alpha,smarter,train
human2_lib2.final_cell_0037,beta,inDrop2,train
D31-1_51,acinar,celseq2,train
human4_lib1.final_cell_0426,beta,inDrop4,train
human3_lib4.final_cell_0683,beta,inDrop3,train
human3_lib3.final_cell_0055,acinar,inDrop3,train
D31-3_46,alpha,celseq2,train
HP1504101T2D_N17,alpha,smartseq2,validation
human3_lib3.final_cell_0476,beta,inDrop3,train
human3_lib4.final_cell_0652,alpha,inDrop3,train
D17All1_18,gamma,celseq,train
human3_lib4.final_cell_0506,beta,inDrop3,test
human3_lib1.final_cell_0220,acinar,inDrop3,test
human3_lib2.final_cell_0326,beta,inDrop3,train
D31-8_24,alpha,celseq2,train
human2_lib1.final_cell_0206,beta,inDrop2,test
Sample_285,alpha,smarter,train
Sample_856,beta,smarter,train
2nd-C16_S33,alpha,fluidigmc1,train
HP1506401_F24,beta,smartseq2,train
human1_lib1.final_cell_0275,delta,inDrop1,train
human1_lib1.final_cell_0180,delta,inDrop1,test
Sample_1279,alpha,smarter,train
human3_lib1.final_cell_0764,beta,inDrop3,train
D29-2_28,alpha,celseq2,train
human1_lib3.final_cell_0496,beta,inDrop1,validation
D30-4_16,ductal,celseq2,train
human1_lib2.final_cell_0627,quiescent_stellate,inDrop1,train
human3_lib4.final_cell_0258,alpha,inDrop3,test
human4_lib3.final_cell_0461,alpha,inDrop4,train
human3_lib1.final_cell_0731,alpha,inDrop3,test
human2_lib2.final_cell_0551,ductal,inDrop2,validation
human3_lib2.final_cell_0828,alpha,inDrop3,train
Sample_1123,alpha,smarter,train
human1_lib3.final_cell_0509,beta,inDrop1,train
human1_lib3.final_cell_0694,endothelial,inDrop1,train
human1_lib1.final_cell_0233,delta,inDrop1,train
HP1502401_L22,alpha,smartseq2,train
human4_lib1.final_cell_0094,alpha,inDrop4,test
D29-1_35,gamma,celseq2,test
human2_lib1.final_cell_0042,delta,inDrop2,train
D30-7_74,ductal,celseq2,train
9th-C87_S66,alpha,fluidigmc1,train
Sample_1598,gamma,smarter,validation
human1_lib3.final_cell_0271,activated_stellate,inDrop1,train
human2_lib3.final_cell_0078,ductal,inDrop2,train
human1_lib3.final_cell_0427,acinar,inDrop1,validation
human2_lib2.final_cell_0175,beta,inDrop2,validation
human4_lib3.final_cell_0466,beta,inDrop4,train
HP1526901T2D_H12,alpha,smartseq2,train
D31-8_80,ductal,celseq2,train
human2_lib2.final_cell_0409,beta,inDrop2,validation
human3_lib1.final_cell_0039,delta,inDrop3,train
human2_lib3.final_cell_0523,endothelial,inDrop2,train
HP1526901T2D_J17,gamma,smartseq2,test
human3_lib4.final_cell_0469,ductal,inDrop3,train
HP1526901T2D_I9,activated_stellate,smartseq2,train
human3_lib2.final_cell_0593,activated_stellate,inDrop3,train
HP1526901T2D_A5,beta,smartseq2,train
D73_52,acinar,celseq,train
D30-2_28,alpha,celseq2,train
Sample_577,alpha,smarter,test
human3_lib4.final_cell_0889,beta,inDrop3,train
human3_lib4.final_cell_0609,ductal,inDrop3,train
human2_lib1.final_cell_0230,alpha,inDrop2,train
human2_lib3.final_cell_0194,acinar,inDrop2,train
HP1506401_G23,ductal,smartseq2,test
human4_lib1.final_cell_0516,beta,inDrop4,test
D2ex_75,ductal,celseq,test
HP1504901_A21,delta,smartseq2,train
D72_82,ductal,celseq,validation
HP1507101_G12,alpha,smartseq2,train
human3_lib4.final_cell_0890,alpha,inDrop3,train
human2_lib2.final_cell_0331,activated_stellate,inDrop2,validation
D102_39,beta,celseq,train
D29-2_74,alpha,celseq2,train
human3_lib2.final_cell_0222,ductal,inDrop3,train
human3_lib1.final_cell_0021,acinar,inDrop3,test
human1_lib3.final_cell_0216,delta,inDrop1,test
HP1509101_J20,alpha,smartseq2,train
6th-C9_S12,alpha,fluidigmc1,train
human1_lib1.final_cell_0472,beta,inDrop1,test
D74_59,delta,celseq,train
human3_lib4.final_cell_0626,acinar,inDrop3,train
human4_lib3.final_cell_0114,alpha,inDrop4,train
human2_lib2.final_cell_0473,alpha,inDrop2,train
D29-6_80,beta,celseq2,train
human3_lib2.final_cell_0188,delta,inDrop3,validation
D71_30,beta,celseq,test
Sample_602,delta,smarter,train
human4_lib3.final_cell_0468,alpha,inDrop4,train
HP1509101_N17,alpha,smartseq2,train
human2_lib3.final_cell_0029,ductal,inDrop2,train
human3_lib1.final_cell_0087,acinar,inDrop3,train
D30-1_70,activated_stellate,celseq2,train
human3_lib4.final_cell_0235,delta,inDrop3,train
human3_lib3.final_cell_0852,beta,inDrop3,test
human4_lib3.final_cell_0406,beta,inDrop4,test
human4_lib1.final_cell_0514,beta,inDrop4,train
Sample_622,gamma,smarter,train
human1_lib2.final_cell_0191,delta,inDrop1,test
3rd-C49_S60,alpha,fluidigmc1,test
D28-4_62,alpha,celseq2,train
human2_lib1.final_cell_0474,beta,inDrop2,train
HP1525301T2D_B7,alpha,smartseq2,train
human3_lib3.final_cell_0247,beta,inDrop3,train
human3_lib3.final_cell_0114,alpha,inDrop3,train
human3_lib2.final_cell_0746,alpha,inDrop3,train
D30-5_79,acinar,celseq2,train
D31-8_52,alpha,celseq2,validation
human1_lib2.final_cell_0094,beta,inDrop1,train
Sample_502,alpha,smarter,train
human3_lib2.final_cell_0071,acinar,inDrop3,test
D1713_94,ductal,celseq,train
human1_lib1.final_cell_0150,beta,inDrop1,train
D30-7_42,alpha,celseq2,train
human3_lib2.final_cell_0081,acinar,inDrop3,train
human4_lib1.final_cell_0164,beta,inDrop4,train
human3_lib2.final_cell_0322,alpha,inDrop3,test
human1_lib2.final_cell_0137,beta,inDrop1,train
HP1507101_P14,delta,smartseq2,train
human3_lib2.final_cell_0248,alpha,inDrop3,validation
human4_lib3.final_cell_0473,beta,inDrop4,train
human3_lib4.final_cell_0817,gamma,inDrop3,train
human3_lib2.final_cell_0082,acinar,inDrop3,validation
D28-5_74,alpha,celseq2,test
D30-3_14,beta,celseq2,train
human3_lib3.final_cell_0018,acinar,inDrop3,train
HP1526901T2D_J18,ductal,smartseq2,train
D30-6_20,ductal,celseq2,train
human3_lib4.final_cell_0244,beta,inDrop3,test
human4_lib3.final_cell_0007,beta,inDrop4,train
HP1525301T2D_H10,beta,smartseq2,train
human4_lib3.final_cell_0569,beta,inDrop4,validation
human3_lib4.final_cell_0493,alpha,inDrop3,train
human3_lib1.final_cell_0469,ductal,inDrop3,train
human3_lib1.final_cell_0268,acinar,inDrop3,train
HP1504101T2D_C10,delta,smartseq2,train
human3_lib2.final_cell_0104,acinar,inDrop3,train
HP1504101T2D_A15,gamma,smartseq2,train
human4_lib3.final_cell_0051,beta,inDrop4,train
D74_8,alpha,celseq,train
human3_lib4.final_cell_0370,alpha,inDrop3,train
D102_76,acinar,celseq,train
human2_lib2.final_cell_0458,beta,inDrop2,train
human3_lib4.final_cell_0288,alpha,inDrop3,train
human1_lib3.final_cell_0389,beta,inDrop1,train
D28-8_39,acinar,celseq2,test
D31-1_41,endothelial,celseq2,train
D72_61,ductal,celseq,test
human3_lib2.final_cell_0372,alpha,inDrop3,test
human3_lib2.final_cell_0529,beta,inDrop3,train
human3_lib1.final_cell_0650,acinar,inDrop3,train
human4_lib3.final_cell_0189,beta,inDrop4,train
human3_lib3.final_cell_0219,alpha,inDrop3,train
human3_lib2.final_cell_0758,alpha,inDrop3,train
human3_lib4.final_cell_0221,alpha,inDrop3,train
7th-C88_S75,ductal,fluidigmc1,train
human2_lib2.final_cell_0404,alpha,inDrop2,train
human1_lib1.final_cell_0179,beta,inDrop1,train
human1_lib2.final_cell_0499,macrophage,inDrop1,train
human2_lib2.final_cell_0130,beta,inDrop2,train
human4_lib1.final_cell_0581,alpha,inDrop4,train
human3_lib3.final_cell_0569,alpha,inDrop3,train
HP1502401_D3,beta,smartseq2,train
D74_82,beta,celseq,test
human2_lib2.final_cell_0287,alpha,inDrop2,train
human1_lib2.final_cell_0456,gamma,inDrop1,train
D30-1_21,alpha,celseq2,test
human3_lib3.final_cell_0236,beta,inDrop3,train
D30-3_3,beta,celseq2,train
Sample_948,alpha,smarter,train
human3_lib2.final_cell_0277,acinar,inDrop3,train
human3_lib2.final_cell_0163,beta,inDrop3,test
human1_lib3.final_cell_0739,beta,inDrop1,train
HP1525301T2D_K23,alpha,smartseq2,train
human1_lib1.final_cell_0498,endothelial,inDrop1,train
human1_lib1.final_cell_0528,beta,inDrop1,train
HP1508501T2D_L17,alpha,smartseq2,train
HP1526901T2D_N11,ductal,smartseq2,train
D1713_28,mast,celseq,train
human2_lib3.final_cell_0110,beta,inDrop2,test
D29-7_89,gamma,celseq2,test
human1_lib1.final_cell_0415,delta,inDrop1,validation
human3_lib4.final_cell_0340,delta,inDrop3,train
human3_lib2.final_cell_0448,alpha,inDrop3,validation
human3_lib4.final_cell_0263,beta,inDrop3,test
human3_lib3.final_cell_0216,alpha,inDrop3,validation
Sample_108,beta,smarter,train
D31-4_83,beta,celseq2,test
human3_lib2.final_cell_0281,ductal,inDrop3,test
human2_lib1.final_cell_0195,beta,inDrop2,test
human2_lib3.final_cell_0480,ductal,inDrop2,validation
human4_lib1.final_cell_0160,beta,inDrop4,train
human2_lib1.final_cell_0072,alpha,inDrop2,train
human1_lib3.final_cell_0618,endothelial,inDrop1,train
human3_lib2.final_cell_0324,acinar,inDrop3,train
human2_lib3.final_cell_0553,gamma,inDrop2,train
HP1526901T2D_J8,alpha,smartseq2,train
AZ_H11,beta,smartseq2,train
human4_lib3.final_cell_0396,activated_stellate,inDrop4,train
Sample_675,beta,smarter,train
human3_lib2.final_cell_0367,beta,inDrop3,validation
human3_lib3.final_cell_0644,alpha,inDrop3,validation
D3en3_64,acinar,celseq,train
human4_lib1.final_cell_0263,alpha,inDrop4,train
human2_lib1.final_cell_0295,gamma,inDrop2,train
human3_lib4.final_cell_0704,alpha,inDrop3,train
HP1504901_I10,ductal,smartseq2,train
human4_lib1.final_cell_0298,gamma,inDrop4,train
human4_lib3.final_cell_0293,ductal,inDrop4,train
human2_lib2.final_cell_0434,gamma,inDrop2,train
human3_lib2.final_cell_0325,beta,inDrop3,train
human3_lib3.final_cell_0893,beta,inDrop3,train
D28-1_43,beta,celseq2,validation
Sample_1128,alpha,smarter,train
10th_C28_S91,alpha,fluidigmc1,validation
D29-5_62,beta,celseq2,train
human3_lib1.final_cell_0394,beta,inDrop3,train
HP1509101_C22,alpha,smartseq2,test
human3_lib3.final_cell_0814,alpha,inDrop3,train
Sample_1025,alpha,smarter,train
HP1502401_H8,alpha,smartseq2,validation
HP1526901T2D_P1,alpha,smartseq2,train
HP1504101T2D_A4,gamma,smartseq2,train
D72_42,beta,celseq,validation
D30-3_51,beta,celseq2,train
HP1507101_F11,beta,smartseq2,train
human3_lib1.final_cell_0840,beta,inDrop3,test
human1_lib2.final_cell_0125,beta,inDrop1,validation
human3_lib1.final_cell_0142,activated_stellate,inDrop3,train
human1_lib1.final_cell_0538,endothelial,inDrop1,train
D30-4_2,beta,celseq2,train
HP1506401_E8,alpha,smartseq2,test
human4_lib1.final_cell_0494,delta,inDrop4,test
D30-2_79,macrophage,celseq2,train
human3_lib3.final_cell_0625,delta,inDrop3,train
human3_lib1.final_cell_0827,ductal,inDrop3,train
HP1525301T2D_B24,ductal,smartseq2,validation
human1_lib3.final_cell_0467,beta,inDrop1,train
human2_lib2.final_cell_0593,alpha,inDrop2,validation
Sample_1381,alpha,smarter,train
human2_lib2.final_cell_0576,beta,inDrop2,validation
D30-2_56,acinar,celseq2,train
11th-C27_S19,beta,fluidigmc1,train
human3_lib4.final_cell_0252,alpha,inDrop3,train
HP1506401_N16,ductal,smartseq2,validation
HP1509101_K10,ductal,smartseq2,train
D30-2_29,activated_stellate,celseq2,train
Sample_1539,delta,smarter,train
HP1502401_M2,beta,smartseq2,train
human3_lib3.final_cell_0302,ductal,inDrop3,train
human2_lib1.final_cell_0412,alpha,inDrop2,train
human2_lib1.final_cell_0196,beta,inDrop2,train
human2_lib3.final_cell_0016,alpha,inDrop2,train
D29-3_40,alpha,celseq2,validation
D29-1_19,alpha,celseq2,train
D30-6_21,beta,celseq2,train
HP1525301T2D_N1,ductal,smartseq2,validation
human1_lib1.final_cell_0030,beta,inDrop1,train
HP1526901T2D_F21,alpha,smartseq2,test
human4_lib1.final_cell_0348,beta,inDrop4,train
human3_lib2.final_cell_0467,alpha,inDrop3,train
human1_lib2.final_cell_0282,beta,inDrop1,train
D29-6_78,alpha,celseq2,validation
human4_lib3.final_cell_0098,alpha,inDrop4,train
human3_lib2.final_cell_0720,acinar,inDrop3,train
human4_lib3.final_cell_0093,delta,inDrop4,train
HP1504901_F17,beta,smartseq2,validation
human4_lib1.final_cell_0454,beta,inDrop4,train
human2_lib1.final_cell_0067,ductal,inDrop2,validation
D31-3_2,alpha,celseq2,train
human4_lib1.final_cell_0440,activated_stellate,inDrop4,test
human3_lib2.final_cell_0489,alpha,inDrop3,train
HP1507101_P17,alpha,smartseq2,train
human1_lib2.final_cell_0372,endothelial,inDrop1,train
Sample_671,beta,smarter,validation
human3_lib4.final_cell_0694,acinar,inDrop3,train
HP1504101T2D_M24,alpha,smartseq2,train
D28-8_14,alpha,celseq2,train
human3_lib3.final_cell_0310,beta,inDrop3,train
D30-5_74,gamma,celseq2,train
human3_lib4.final_cell_0254,beta,inDrop3,train
1st-C79_S46,beta,fluidigmc1,train
human2_lib2.final_cell_0316,alpha,inDrop2,train
human3_lib3.final_cell_0424,alpha,inDrop3,train
human3_lib1.final_cell_0121,acinar,inDrop3,test
human1_lib3.final_cell_0430,alpha,inDrop1,train
D30-7_17,ductal,celseq2,train
human3_lib2.final_cell_0709,alpha,inDrop3,train
human3_lib3.final_cell_0577,alpha,inDrop3,train
human2_lib2.final_cell_0378,gamma,inDrop2,train
HP1508501T2D_J11,ductal,smartseq2,train
HP1525301T2D_B3,ductal,smartseq2,train
D17All2_18,ductal,celseq,test
human2_lib1.final_cell_0003,alpha,inDrop2,train
D30-5_88,alpha,celseq2,train
human3_lib3.final_cell_0914,beta,inDrop3,validation
Sample_1459,alpha,smarter,train
human3_lib4.final_cell_0150,ductal,inDrop3,train
human2_lib3.final_cell_0369,ductal,inDrop2,train
D102_66,beta,celseq,train
HP1509101_B20,alpha,smartseq2,test
D31-2_61,acinar,celseq2,train
7th-C25_S43,beta,fluidigmc1,validation
human3_lib2.final_cell_0117,acinar,inDrop3,train
D31-5_77,activated_stellate,celseq2,train
human4_lib3.final_cell_0079,ductal,inDrop4,train
human1_lib2.final_cell_0101,beta,inDrop1,validation
13th_C80_S167,beta,fluidigmc1,train
human4_lib1.final_cell_0206,beta,inDrop4,train
human3_lib3.final_cell_0728,acinar,inDrop3,train
human3_lib3.final_cell_0513,alpha,inDrop3,test
9th-C83_S61,alpha,fluidigmc1,train
human3_lib1.final_cell_0046,acinar,inDrop3,train
human2_lib2.final_cell_0018,ductal,inDrop2,test
Sample_1149,alpha,smarter,validation
human4_lib1.final_cell_0602,ductal,inDrop4,train
D28-1_85,gamma,celseq2,train
human3_lib1.final_cell_0327,beta,inDrop3,train
D29-5_83,delta,celseq2,validation
human2_lib1.final_cell_0153,alpha,inDrop2,train
D1713_16,acinar,celseq,train
human4_lib3.final_cell_0142,beta,inDrop4,train
D30-4_5,delta,celseq2,train
human3_lib2.final_cell_0295,alpha,inDrop3,train
human1_lib1.final_cell_0405,beta,inDrop1,train
Sample_1301,alpha,smarter,train
Sample_1281,alpha,smarter,test
HP1502401_L9,alpha,smartseq2,test
D30-2_47,alpha,celseq2,validation
D3en4_87,acinar,celseq,train
human3_lib3.final_cell_0613,acinar,inDrop3,validation
Sample_380,alpha,smarter,train
human3_lib1.final_cell_0076,acinar,inDrop3,validation
HP1526901T2D_C16,alpha,smartseq2,validation
Sample_1253,alpha,smarter,validation
Sample_82,beta,smarter,train
Sample_1564,gamma,smarter,train
Sample_1239,alpha,smarter,train
D28-3_68,alpha,celseq2,train
human2_lib1.final_cell_0485,endothelial,inDrop2,test
Sample_771,beta,smarter,train
human1_lib1.final_cell_0048,activated_stellate,inDrop1,test
human1_lib3.final_cell_0631,quiescent_stellate,inDrop1,train
Sample_479,alpha,smarter,train
D172444_71,alpha,celseq,test
HP1502401_I23,alpha,smartseq2,train
D172444_47,beta,celseq,train
human4_lib1.final_cell_0198,beta,inDrop4,test
human3_lib1.final_cell_0545,acinar,inDrop3,train
D29-4_12,alpha,celseq2,test
human3_lib1.final_cell_0680,alpha,inDrop3,train
D29-5_78,acinar,celseq2,train
human3_lib3.final_cell_0023,acinar,inDrop3,train
human3_lib3.final_cell_0399,alpha,inDrop3,train
human3_lib1.final_cell_0632,alpha,inDrop3,train
human4_lib1.final_cell_0479,alpha,inDrop4,train
HP1509101_B16,acinar,smartseq2,train
human3_lib1.final_cell_0881,beta,inDrop3,train
D29-5_60,beta,celseq2,validation
human1_lib1.final_cell_0314,beta,inDrop1,train
D30-5_26,alpha,celseq2,train
Sample_393,alpha,smarter,validation
D30-2_15,alpha,celseq2,train
HP1526901T2D_K12,gamma,smartseq2,train
Sample_281,alpha,smarter,train
human1_lib3.final_cell_0628,acinar,inDrop1,test
human2_lib3.final_cell_0212,alpha,inDrop2,train
human2_lib1.final_cell_0281,ductal,inDrop2,train
D28-1_62,acinar,celseq2,train
D30-2_73,alpha,celseq2,train
D17All1_60,beta,celseq,train
human3_lib3.final_cell_0228,acinar,inDrop3,validation
human3_lib2.final_cell_0705,ductal,inDrop3,train
human1_lib1.final_cell_0400,beta,inDrop1,train
human3_lib3.final_cell_0858,ductal,inDrop3,train
D30-3_59,activated_stellate,celseq2,train
human2_lib3.final_cell_0420,alpha,inDrop2,validation
human4_lib3.final_cell_0645,alpha,inDrop4,train
HP1504901_H18,beta,smartseq2,train
D29-2_80,beta,celseq2,train
human2_lib1.final_cell_0014,delta,inDrop2,train
human2_lib3.final_cell_0300,beta,inDrop2,train
Sample_345,alpha,smarter,test
human1_lib3.final_cell_0109,delta,inDrop1,train
D30-3_69,delta,celseq2,validation
D30-8_57,activated_stellate,celseq2,test
human1_lib2.final_cell_0067,acinar,inDrop1,train
human2_lib1.final_cell_0518,alpha,inDrop2,train
D17All1_5,beta,celseq,train
human2_lib3.final_cell_0187,ductal,inDrop2,train
human3_lib3.final_cell_0880,quiescent_stellate,inDrop3,validation
D31-7_60,beta,celseq2,train
human1_lib3.final_cell_0318,beta,inDrop1,validation
human3_lib3.final_cell_0361,acinar,inDrop3,train
human2_lib3.final_cell_0533,alpha,inDrop2,train
human1_lib3.final_cell_0476,beta,inDrop1,train
human3_lib4.final_cell_0690,ductal,inDrop3,test
HP1509101_O6,beta,smartseq2,validation
human3_lib4.final_cell_0470,beta,inDrop3,train
human4_lib1.final_cell_0074,alpha,inDrop4,train
Sample_1392,alpha,smarter,train
human1_lib2.final_cell_0052,alpha,inDrop1,train
human1_lib2.final_cell_0058,delta,inDrop1,test
Sample_619,gamma,smarter,train
human4_lib3.final_cell_0141,ductal,inDrop4,train
D31-6_80,beta,celseq2,train
HP1504901_B7,beta,smartseq2,train
human1_lib3.final_cell_0566,beta,inDrop1,validation
human4_lib3.final_cell_0186,beta,inDrop4,train
human3_lib3.final_cell_0284,acinar,inDrop3,train
D1713_77,ductal,celseq,train
human3_lib2.final_cell_0275,alpha,inDrop3,train
human3_lib4.final_cell_0387,beta,inDrop3,validation
D30-3_74,alpha,celseq2,train
Sample_848,beta,smarter,train
human3_lib4.final_cell_0588,beta,inDrop3,train
D31-3_83,beta,celseq2,train
Sample_483,alpha,smarter,train
human3_lib3.final_cell_0473,acinar,inDrop3,train
human1_lib2.final_cell_0532,ductal,inDrop1,train
HP1525301T2D_B12,acinar,smartseq2,train
human4_lib1.final_cell_0250,alpha,inDrop4,train
D1713_79,ductal,celseq,train
human3_lib3.final_cell_0584,delta,inDrop3,train
human2_lib1.final_cell_0031,activated_stellate,inDrop2,validation
D31-2_62,ductal,celseq2,train
HP1504101T2D_I14,alpha,smartseq2,validation
human2_lib3.final_cell_0208,endothelial,inDrop2,validation
human3_lib4.final_cell_0112,beta,inDrop3,train
Sample_66,beta,smarter,test
Sample_707,beta,smarter,train
D29-4_31,beta,celseq2,validation
HP1506401_C23,acinar,smartseq2,train
human2_lib2.final_cell_0093,ductal,inDrop2,train
D28-2_87,acinar,celseq2,train
human4_lib3.final_cell_0174,delta,inDrop4,train
human4_lib3.final_cell_0357,beta,inDrop4,train
human3_lib3.final_cell_0805,alpha,inDrop3,train
human4_lib3.final_cell_0347,alpha,inDrop4,train
HP1525301T2D_O20,ductal,smartseq2,train
human3_lib3.final_cell_0790,beta,inDrop3,validation
human4_lib1.final_cell_0261,beta,inDrop4,train
human3_lib2.final_cell_0683,alpha,inDrop3,validation
D30-7_54,beta,celseq2,test
Sample_191,beta,smarter,train
human3_lib1.final_cell_0244,acinar,inDrop3,train
human4_lib3.final_cell_0159,ductal,inDrop4,test
human2_lib2.final_cell_0026,delta,inDrop2,train
Sample_179,beta,smarter,train
human1_lib3.final_cell_0548,quiescent_stellate,inDrop1,train
D29-2_25,alpha,celseq2,train
human3_lib4.final_cell_0734,beta,inDrop3,train
D73_18,ductal,celseq,validation
human1_lib1.final_cell_0371,acinar,inDrop1,train
human4_lib3.final_cell_0290,ductal,inDrop4,train
D29-4_59,beta,celseq2,train
D28-5_52,alpha,celseq2,train
HP1504101T2D_N15,alpha,smartseq2,validation
D29-2_47,gamma,celseq2,train
12th-C74_S214,beta,fluidigmc1,train
human3_lib1.final_cell_0728,beta,inDrop3,validation
Sample_717,beta,smarter,train
human3_lib3.final_cell_0257,beta,inDrop3,train
human1_lib3.final_cell_0406,beta,inDrop1,train
HP1507101_H14,alpha,smartseq2,validation
D17All1_26,ductal,celseq,train
human3_lib1.final_cell_0648,ductal,inDrop3,test
human3_lib2.final_cell_0488,alpha,inDrop3,train
human2_lib3.final_cell_0445,ductal,inDrop2,validation
human1_lib2.final_cell_0315,delta,inDrop1,train
Sample_333,alpha,smarter,train
human1_lib2.final_cell_0107,beta,inDrop1,train
human1_lib3.final_cell_0259,beta,inDrop1,test
human2_lib1.final_cell_0312,gamma,inDrop2,validation
human4_lib1.final_cell_0109,delta,inDrop4,train
human3_lib4.final_cell_0876,endothelial,inDrop3,test
D72_68,ductal,celseq,train
human3_lib3.final_cell_0873,beta,inDrop3,test
D30-1_27,alpha,celseq2,validation
human1_lib1.final_cell_0287,delta,inDrop1,train
human3_lib1.final_cell_0718,delta,inDrop3,train
D29-5_10,beta,celseq2,validation
HP1508501T2D_L2,acinar,smartseq2,train
D31-4_14,acinar,celseq2,train
D29-6_34,alpha,celseq2,train
human1_lib3.final_cell_0540,delta,inDrop1,validation
D3en2_68,ductal,celseq,validation
D71_55,beta,celseq,train
human2_lib1.final_cell_0493,alpha,inDrop2,train
human3_lib1.final_cell_0614,ductal,inDrop3,train
human1_lib3.final_cell_0551,beta,inDrop1,train
13th_C72_S215,endothelial,fluidigmc1,train
HP1507101_I4,alpha,smartseq2,test
human3_lib4.final_cell_0039,acinar,inDrop3,train
D30-1_46,ductal,celseq2,train
human1_lib2.final_cell_0115,beta,inDrop1,train
human3_lib2.final_cell_0859,beta,inDrop3,train
human3_lib2.final_cell_0236,alpha,inDrop3,validation
human3_lib2.final_cell_0028,acinar,inDrop3,train
human1_lib2.final_cell_0297,alpha,inDrop1,train
human4_lib3.final_cell_0698,alpha,inDrop4,train
human3_lib1.final_cell_0808,alpha,inDrop3,test
D2ex_21,acinar,celseq,train
13th_C70_S201,beta,fluidigmc1,train
human1_lib2.final_cell_0419,acinar,inDrop1,train
human3_lib1.final_cell_0269,beta,inDrop3,train
human3_lib3.final_cell_0883,macrophage,inDrop3,train
D31-6_22,beta,celseq2,test
D71_58,alpha,celseq,train
human3_lib1.final_cell_0522,alpha,inDrop3,train
human2_lib1.final_cell_0006,delta,inDrop2,validation
human2_lib3.final_cell_0474,ductal,inDrop2,train
HP1525301T2D_F7,activated_stellate,smartseq2,validation
Sample_601,delta,smarter,validation
human4_lib3.final_cell_0382,alpha,inDrop4,train
human3_lib1.final_cell_0331,acinar,inDrop3,train
HP1507101_F15,ductal,smartseq2,train
human3_lib2.final_cell_0069,acinar,inDrop3,train
9th-C94_S83,beta,fluidigmc1,validation
D1713_92,ductal,celseq,train
human2_lib2.final_cell_0442,alpha,inDrop2,test
D28-1_40,alpha,celseq2,train
human3_lib4.final_cell_0047,delta,inDrop3,validation
human2_lib1.final_cell_0497,beta,inDrop2,train
HP1504901_J5,ductal,smartseq2,train
D74_21,beta,celseq,train
D29-5_24,alpha,celseq2,train
D29-2_87,gamma,celseq2,train
human2_lib3.final_cell_0319,beta,inDrop2,test
human1_lib3.final_cell_0635,quiescent_stellate,inDrop1,validation
human3_lib2.final_cell_0338,alpha,inDrop3,train
D29-5_65,alpha,celseq2,validation
human1_lib1.final_cell_0378,beta,inDrop1,train
D30-4_66,alpha,celseq2,train
Sample_325,alpha,smarter,train
HP1504901_J3,beta,smartseq2,train
human2_lib2.final_cell_0174,beta,inDrop2,validation
human2_lib1.final_cell_0527,beta,inDrop2,train
human2_lib2.final_cell_0275,beta,inDrop2,train
human1_lib1.final_cell_0101,delta,inDrop1,train
HP1526901T2D_F23,delta,smartseq2,train
8th-C57_S98,alpha,fluidigmc1,train
human2_lib3.final_cell_0311,delta,inDrop2,train
human3_lib3.final_cell_0612,alpha,inDrop3,train
Sample_372,alpha,smarter,train
Sample_379,alpha,smarter,train
human1_lib1.final_cell_0276,beta,inDrop1,test
HP1504901_M19,activated_stellate,smartseq2,train
human1_lib1.final_cell_0042,beta,inDrop1,train
human4_lib3.final_cell_0275,gamma,inDrop4,validation
D28-4_43,ductal,celseq2,train
human1_lib2.final_cell_0545,beta,inDrop1,train
Sample_1340,alpha,smarter,train
human2_lib2.final_cell_0499,ductal,inDrop2,train
human4_lib1.final_cell_0431,beta,inDrop4,test
D28-8_38,gamma,celseq2,train
Sample_1398,alpha,smarter,train
HP1526901T2D_F2,alpha,smartseq2,train
human3_lib2.final_cell_0167,gamma,inDrop3,train
human3_lib3.final_cell_0756,alpha,inDrop3,validation
D31-4_60,delta,celseq2,train
human1_lib1.final_cell_0398,quiescent_stellate,inDrop1,validation
human4_lib3.final_cell_0277,ductal,inDrop4,train
8th-C91_S158,gamma,fluidigmc1,train
HP1526901T2D_E17,mast,smartseq2,train
human3_lib1.final_cell_0475,alpha,inDrop3,train
human2_lib2.final_cell_0301,gamma,inDrop2,train
D29-2_39,alpha,celseq2,train
D30-1_24,alpha,celseq2,train
D30-7_29,delta,celseq2,train
human4_lib1.final_cell_0559,ductal,inDrop4,train
5th-C50_S90,acinar,fluidigmc1,train
9th-C64_S31,alpha,fluidigmc1,train
D31-4_90,acinar,celseq2,train
human2_lib3.final_cell_0056,alpha,inDrop2,train
human1_lib1.final_cell_0403,gamma,inDrop1,train
HP1507101_I13,alpha,smartseq2,train
human2_lib3.final_cell_0561,activated_stellate,inDrop2,validation
human2_lib3.final_cell_0204,ductal,inDrop2,train
HP1504901_F10,alpha,smartseq2,train
human3_lib2.final_cell_0184,acinar,inDrop3,train
Sample_327,alpha,smarter,validation
human3_lib3.final_cell_0668,alpha,inDrop3,train
human2_lib2.final_cell_0036,ductal,inDrop2,train
human3_lib4.final_cell_0713,beta,inDrop3,train
D29-7_65,alpha,celseq2,train
human1_lib3.final_cell_0585,beta,inDrop1,train
human2_lib3.final_cell_0093,beta,inDrop2,train
D30-7_7,delta,celseq2,train
Sample_652,beta,smarter,validation
human1_lib1.final_cell_0274,alpha,inDrop1,train
7th-C49_S4,alpha,fluidigmc1,train
human3_lib2.final_cell_0464,beta,inDrop3,test
D1713_69,acinar,celseq,train
HP1525301T2D_P6,alpha,smartseq2,train
human3_lib4.final_cell_0272,acinar,inDrop3,test
human3_lib3.final_cell_0270,beta,inDrop3,train
human1_lib2.final_cell_0502,alpha,inDrop1,validation
Sample_686,beta,smarter,train
human3_lib4.final_cell_0250,alpha,inDrop3,train
D30-5_59,activated_stellate,celseq2,train
HP1502401_A15,alpha,smartseq2,train
human3_lib4.final_cell_0580,alpha,inDrop3,train
human2_lib2.final_cell_0152,alpha,inDrop2,train
human3_lib3.final_cell_0687,beta,inDrop3,train
D31-2_15,acinar,celseq2,test
human1_lib2.final_cell_0608,alpha,inDrop1,test
D30-7_49,alpha,celseq2,train
human3_lib1.final_cell_0267,alpha,inDrop3,train
human2_lib1.final_cell_0137,beta,inDrop2,test
Sample_1017,alpha,smarter,train
D31-1_75,alpha,celseq2,train
D17All1_57,alpha,celseq,train
HP1509101_K15,ductal,smartseq2,train
human3_lib1.final_cell_0464,alpha,inDrop3,validation
D30-5_41,macrophage,celseq2,train
Sample_703,beta,smarter,validation
human1_lib2.final_cell_0234,beta,inDrop1,train
human1_lib1.final_cell_0338,delta,inDrop1,test
11th-C40_S52,activated_stellate,fluidigmc1,train
human2_lib2.final_cell_0424,alpha,inDrop2,train
human4_lib3.final_cell_0573,alpha,inDrop4,train
human3_lib4.final_cell_0200,acinar,inDrop3,train
human2_lib2.final_cell_0336,beta,inDrop2,train
D30-2_86,alpha,celseq2,validation
human3_lib4.final_cell_0136,beta,inDrop3,train
human2_lib1.final_cell_0044,delta,inDrop2,validation
human1_lib3.final_cell_0506,delta,inDrop1,train
human2_lib2.final_cell_0084,beta,inDrop2,train
D29-1_11,alpha,celseq2,train
human1_lib1.final_cell_0527,mast,inDrop1,train
human3_lib1.final_cell_0156,alpha,inDrop3,train
human1_lib1.final_cell_0188,endothelial,inDrop1,train
human1_lib3.final_cell_0705,beta,inDrop1,test
human1_lib3.final_cell_0169,beta,inDrop1,train
3rd-C61_S64,alpha,fluidigmc1,train
D101_69,alpha,celseq,validation
human3_lib2.final_cell_0871,alpha,inDrop3,test
D30-2_20,delta,celseq2,train
HP1525301T2D_O7,ductal,smartseq2,test
human2_lib2.final_cell_0595,alpha,inDrop2,train
D17TGFB_86,ductal,celseq,train
D29-1_58,gamma,celseq2,train
human3_lib1.final_cell_0098,acinar,inDrop3,train
Sample_1470,alpha,smarter,test
human3_lib4.final_cell_0080,acinar,inDrop3,test
D29-4_88,beta,celseq2,train
Sample_1317,alpha,smarter,train
human3_lib4.final_cell_0895,alpha,inDrop3,validation
human3_lib4.final_cell_0110,acinar,inDrop3,train
D30-4_22,delta,celseq2,train
human2_lib1.final_cell_0285,beta,inDrop2,validation
human3_lib3.final_cell_0755,alpha,inDrop3,test
human3_lib3.final_cell_0626,ductal,inDrop3,test
human1_lib1.final_cell_0204,beta,inDrop1,train
human3_lib4.final_cell_0033,acinar,inDrop3,train
HP1504101T2D_F16,gamma,smartseq2,validation
D31-6_16,beta,celseq2,train
Sample_1442,alpha,smarter,train
human1_lib2.final_cell_0436,acinar,inDrop1,train
human1_lib2.final_cell_0228,beta,inDrop1,train
human4_lib1.final_cell_0274,beta,inDrop4,train
HP1506401_P14,beta,smartseq2,train
HP1526901T2D_A23,delta,smartseq2,train
Sample_261,alpha,smarter,validation
human1_lib2.final_cell_0001,delta,inDrop1,train
human3_lib3.final_cell_0695,activated_stellate,inDrop3,test
human3_lib3.final_cell_0586,acinar,inDrop3,validation
human3_lib4.final_cell_0295,beta,inDrop3,train
D31-1_77,ductal,celseq2,test
human4_lib1.final_cell_0122,gamma,inDrop4,train
human3_lib2.final_cell_0102,acinar,inDrop3,train
human3_lib2.final_cell_0704,alpha,inDrop3,train
human3_lib3.final_cell_0091,delta,inDrop3,train
HP1506401_J24,acinar,smartseq2,train
human1_lib1.final_cell_0022,alpha,inDrop1,train
HP1504901_G6,alpha,smartseq2,train
Sample_414,alpha,smarter,train
HP1525301T2D_B5,gamma,smartseq2,train
human3_lib2.final_cell_0034,acinar,inDrop3,train
human1_lib1.final_cell_0176,beta,inDrop1,train
human3_lib3.final_cell_0490,ductal,inDrop3,test
D17All2_32,alpha,celseq,train
D30-3_31,alpha,celseq2,train
D29-3_16,gamma,celseq2,train
human3_lib3.final_cell_0238,beta,inDrop3,train
HP1502401_F9,beta,smartseq2,train
1st-C13_S19,beta,fluidigmc1,train
human1_lib3.final_cell_0011,acinar,inDrop1,train
HP1506401_L23,alpha,smartseq2,train
D2ex_85,ductal,celseq,test
human3_lib3.final_cell_0564,activated_stellate,inDrop3,train
D28-5_29,acinar,celseq2,train
human1_lib1.final_cell_0307,beta,inDrop1,train
human2_lib1.final_cell_0379,beta,inDrop2,validation
D31-6_72,ductal,celseq2,train
D31-8_61,alpha,celseq2,validation
4th-C63_S30,alpha,fluidigmc1,train
human3_lib4.final_cell_0115,acinar,inDrop3,train
human4_lib1.final_cell_0058,beta,inDrop4,train
D72_18,acinar,celseq,validation
Sample_1259,alpha,smarter,test
human1_lib3.final_cell_0052,beta,inDrop1,train
D29-2_72,beta,celseq2,test
HP1504901_D17,alpha,smartseq2,train
10th_C37_S49,beta,fluidigmc1,test
human4_lib3.final_cell_0005,ductal,inDrop4,train
human2_lib1.final_cell_0123,delta,inDrop2,train
3rd-C60_S10,beta,fluidigmc1,train
Sample_1368,alpha,smarter,train
human3_lib1.final_cell_0208,beta,inDrop3,train
human2_lib2.final_cell_0536,ductal,inDrop2,validation
human2_lib3.final_cell_0540,ductal,inDrop2,train
human1_lib1.final_cell_0061,ductal,inDrop1,train
D29-2_62,beta,celseq2,train
human3_lib3.final_cell_0498,alpha,inDrop3,train
human2_lib1.final_cell_0337,alpha,inDrop2,train
D2ex_34,acinar,celseq,validation
HP1504901_B18,alpha,smartseq2,train
Sample_165,beta,smarter,validation
HP1506401_L22,acinar,smartseq2,train
Sample_203,beta,smarter,test
human2_lib2.final_cell_0330,alpha,inDrop2,train
D29-4_58,alpha,celseq2,train
human2_lib1.final_cell_0278,delta,inDrop2,validation
Sample_1289,alpha,smarter,validation
human2_lib2.final_cell_0196,beta,inDrop2,train
HP1509101_C23,beta,smartseq2,train
human3_lib4.final_cell_0079,ductal,inDrop3,train
human3_lib3.final_cell_0801,alpha,inDrop3,train
human2_lib2.final_cell_0525,gamma,inDrop2,train
Sample_898,beta,smarter,validation
human1_lib1.final_cell_0136,beta,inDrop1,test
human2_lib3.final_cell_0020,delta,inDrop2,train
D30-2_84,activated_stellate,celseq2,train
6th-C51_S6,beta,fluidigmc1,train
HP1504101T2D_K22,alpha,smartseq2,train
Sample_1010,alpha,smarter,validation
6th-C25_S43,beta,fluidigmc1,train
human2_lib1.final_cell_0191,alpha,inDrop2,train
Sample_1005,alpha,smarter,train
D31-8_70,gamma,celseq2,validation
human3_lib4.final_cell_0157,acinar,inDrop3,train
human2_lib2.final_cell_0112,activated_stellate,inDrop2,test
human3_lib1.final_cell_0454,alpha,inDrop3,test
8th-C10_S100,beta,fluidigmc1,train
D28-8_88,beta,celseq2,train
HP1508501T2D_P11,alpha,smartseq2,train
D31-3_66,beta,celseq2,train
HP1502401_E3,delta,smartseq2,validation
D30-8_53,alpha,celseq2,train
HP1509101_C6,ductal,smartseq2,train
D31-7_2,alpha,celseq2,train
D17All1_49,alpha,celseq,validation
human2_lib3.final_cell_0063,alpha,inDrop2,train
human2_lib2.final_cell_0252,beta,inDrop2,validation
D29-4_55,alpha,celseq2,test
D31-4_7,alpha,celseq2,train
2nd-C6_S7,alpha,fluidigmc1,validation
human1_lib2.final_cell_0579,alpha,inDrop1,train
human3_lib3.final_cell_0932,beta,inDrop3,train
HP1504101T2D_P14,quiescent_stellate,smartseq2,train
human3_lib4.final_cell_0309,beta,inDrop3,validation
human3_lib1.final_cell_0091,delta,inDrop3,train
human3_lib1.final_cell_0861,gamma,inDrop3,validation
human3_lib2.final_cell_0614,acinar,inDrop3,validation
HP1509101_H24,alpha,smartseq2,validation
human3_lib3.final_cell_0683,beta,inDrop3,train
D72_41,beta,celseq,validation
human3_lib1.final_cell_0209,acinar,inDrop3,train
human2_lib1.final_cell_0352,alpha,inDrop2,test
Sample_1299,alpha,smarter,train
human1_lib3.final_cell_0528,beta,inDrop1,train
human2_lib1.final_cell_0256,ductal,inDrop2,train
human3_lib3.final_cell_0256,beta,inDrop3,train
human1_lib2.final_cell_0059,activated_stellate,inDrop1,train
Sample_1012,alpha,smarter,validation
human1_lib3.final_cell_0149,beta,inDrop1,train
HP1525301T2D_A1,ductal,smartseq2,train
human1_lib3.final_cell_0596,beta,inDrop1,train
D10631_65,ductal,celseq,train
human1_lib2.final_cell_0567,quiescent_stellate,inDrop1,train
Sample_1574,gamma,smarter,train
human3_lib4.final_cell_0810,beta,inDrop3,test
human1_lib2.final_cell_0279,beta,inDrop1,validation
human3_lib1.final_cell_0851,ductal,inDrop3,train
D29-8_77,alpha,celseq2,test
HP1502401_K11,alpha,smartseq2,train
human1_lib3.final_cell_0490,alpha,inDrop1,train
D73_87,beta,celseq,train
human1_lib1.final_cell_0076,beta,inDrop1,test
human1_lib3.final_cell_0147,alpha,inDrop1,train
HP1525301T2D_G17,acinar,smartseq2,train
11th-C33_S20,delta,fluidigmc1,train
human3_lib3.final_cell_0248,beta,inDrop3,train
human3_lib3.final_cell_0042,acinar,inDrop3,train
Sample_1304,alpha,smarter,train
human3_lib4.final_cell_0578,alpha,inDrop3,train
human1_lib3.final_cell_0193,quiescent_stellate,inDrop1,train
HP1525301T2D_M20,ductal,smartseq2,train
human2_lib1.final_cell_0037,alpha,inDrop2,train
Sample_1033,alpha,smarter,test
human3_lib1.final_cell_0664,alpha,inDrop3,train
Sample_719,beta,smarter,test
human3_lib3.final_cell_0660,beta,inDrop3,train
HP1507101_P1,ductal,smartseq2,validation
D31-4_52,alpha,celseq2,train
human1_lib2.final_cell_0462,quiescent_stellate,inDrop1,train
HP1508501T2D_I18,delta,smartseq2,train
human3_lib3.final_cell_0010,acinar,inDrop3,test
human1_lib2.final_cell_0341,alpha,inDrop1,train
human2_lib1.final_cell_0513,beta,inDrop2,train
human1_lib2.final_cell_0177,acinar,inDrop1,test
D17All1_69,acinar,celseq,train
human3_lib3.final_cell_0864,alpha,inDrop3,train
human2_lib3.final_cell_0395,ductal,inDrop2,train
human1_lib3.final_cell_0086,beta,inDrop1,validation
D31-4_16,quiescent_stellate,celseq2,train
human3_lib1.final_cell_0878,beta,inDrop3,test
human1_lib1.final_cell_0090,beta,inDrop1,train
HP1504101T2D_G21,gamma,smartseq2,train
Sample_1457,alpha,smarter,validation
human3_lib1.final_cell_0252,alpha,inDrop3,validation
D73_38,delta,celseq,train
D31-6_20,beta,celseq2,test
D29-3_8,delta,celseq2,train
human2_lib1.final_cell_0327,ductal,inDrop2,train
HP1504101T2D_C22,alpha,smartseq2,train
human3_lib4.final_cell_0547,beta,inDrop3,train
human4_lib3.final_cell_0090,activated_stellate,inDrop4,train
human4_lib1.final_cell_0215,beta,inDrop4,validation
human3_lib1.final_cell_0777,acinar,inDrop3,test
human2_lib1.final_cell_0548,beta,inDrop2,train
Sample_68,beta,smarter,train
human1_lib1.final_cell_0053,acinar,inDrop1,test
Sample_605,delta,smarter,test
AZ_F4,alpha,smartseq2,train
Sample_962,alpha,smarter,train
HP1525301T2D_B23,alpha,smartseq2,test
human1_lib3.final_cell_0394,beta,inDrop1,train
HP1508501T2D_E23,alpha,smartseq2,train
Sample_460,alpha,smarter,train
HP1508501T2D_E11,ductal,smartseq2,validation
D74_76,acinar,celseq,train
human2_lib3.final_cell_0305,endothelial,inDrop2,validation
human1_lib2.final_cell_0550,endothelial,inDrop1,train
human2_lib3.final_cell_0489,alpha,inDrop2,train
HP1508501T2D_H6,alpha,smartseq2,validation
D3en2_33,acinar,celseq,train
human2_lib2.final_cell_0415,alpha,inDrop2,test
D30-5_44,ductal,celseq2,train
human1_lib1.final_cell_0201,delta,inDrop1,train
HP1508501T2D_C23,alpha,smartseq2,train
human4_lib3.final_cell_0221,ductal,inDrop4,train
D31-7_46,beta,celseq2,train
D71_85,ductal,celseq,validation
HP1526901T2D_G21,beta,smartseq2,train
human4_lib1.final_cell_0194,beta,inDrop4,train
D17All2_22,beta,celseq,train
D28-8_53,acinar,celseq2,validation
human2_lib3.final_cell_0490,ductal,inDrop2,train
human2_lib3.final_cell_0537,alpha,inDrop2,test
HP1507101_G23,alpha,smartseq2,train
D28-2_40,ductal,celseq2,train
D28-4_38,gamma,celseq2,test
human3_lib2.final_cell_0680,alpha,inDrop3,test
human1_lib3.final_cell_0415,gamma,inDrop1,train
D28-3_75,acinar,celseq2,train
D29-6_26,alpha,celseq2,train
human3_lib4.final_cell_0815,beta,inDrop3,train
human1_lib3.final_cell_0246,ductal,inDrop1,train
HP1506401_E3,gamma,smartseq2,validation
D31-3_94,alpha,celseq2,train
human1_lib3.final_cell_0673,endothelial,inDrop1,train
D29-7_57,alpha,celseq2,train
HP1507101_G14,alpha,smartseq2,train
human1_lib2.final_cell_0051,alpha,inDrop1,test
HP1525301T2D_B13,alpha,smartseq2,train
human2_lib1.final_cell_0175,alpha,inDrop2,test
human1_lib3.final_cell_0285,beta,inDrop1,train
human3_lib1.final_cell_0483,acinar,inDrop3,validation
human1_lib3.final_cell_0028,delta,inDrop1,validation
human2_lib2.final_cell_0098,alpha,inDrop2,validation
human3_lib2.final_cell_0009,acinar,inDrop3,train
human4_lib1.final_cell_0496,ductal,inDrop4,train
Sample_318,alpha,smarter,train
HP1504901_B24,activated_stellate,smartseq2,train
human2_lib2.final_cell_0180,activated_stellate,inDrop2,train
HP1502401_J1,alpha,smartseq2,train
human2_lib2.final_cell_0045,ductal,inDrop2,train
HP1502401_J20,alpha,smartseq2,validation
Sample_158,beta,smarter,train
HP1502401_J10,beta,smartseq2,train
human3_lib2.final_cell_0626,acinar,inDrop3,train
D17All2_1,alpha,celseq,train
HP1508501T2D_F4,ductal,smartseq2,train
human2_lib3.final_cell_0224,alpha,inDrop2,validation
human3_lib1.final_cell_0239,alpha,inDrop3,train
9th-C57_S16,beta,fluidigmc1,test
Sample_32,beta,smarter,validation
human3_lib4.final_cell_0529,delta,inDrop3,train
human3_lib4.final_cell_0424,ductal,inDrop3,train
human2_lib1.final_cell_0304,beta,inDrop2,test
D30-4_49,alpha,celseq2,train
D31-1_6,delta,celseq2,test
HP1526901T2D_L2,alpha,smartseq2,train
D30-2_90,delta,celseq2,train
human2_lib1.final_cell_0215,beta,inDrop2,train
human1_lib1.final_cell_0558,endothelial,inDrop1,train
human3_lib1.final_cell_0215,acinar,inDrop3,validation
human3_lib2.final_cell_0375,ductal,inDrop3,train
HP1507101_G18,alpha,smartseq2,train
human3_lib3.final_cell_0263,beta,inDrop3,train
human1_lib1.final_cell_0344,beta,inDrop1,validation
human2_lib2.final_cell_0251,alpha,inDrop2,validation
human1_lib3.final_cell_0495,beta,inDrop1,train
Sample_1356,alpha,smarter,train
human4_lib1.final_cell_0225,beta,inDrop4,validation
human3_lib1.final_cell_0800,alpha,inDrop3,test
D28-2_68,alpha,celseq2,train
human4_lib3.final_cell_0226,alpha,inDrop4,train
D31-2_93,alpha,celseq2,train
human3_lib4.final_cell_0167,ductal,inDrop3,train
human1_lib3.final_cell_0265,beta,inDrop1,train
human3_lib2.final_cell_0766,endothelial,inDrop3,test
D31-7_44,alpha,celseq2,train
human4_lib3.final_cell_0457,beta,inDrop4,train
human3_lib3.final_cell_0098,acinar,inDrop3,test
human1_lib2.final_cell_0079,delta,inDrop1,train
D29-8_55,alpha,celseq2,validation
HP1507101_N13,beta,smartseq2,train
human3_lib2.final_cell_0107,acinar,inDrop3,train
HP1508501T2D_M8,alpha,smartseq2,train
D30-5_94,alpha,celseq2,validation
Sample_1597,gamma,smarter,validation
human4_lib3.final_cell_0307,beta,inDrop4,train
human1_lib3.final_cell_0158,beta,inDrop1,validation
human2_lib2.final_cell_0270,alpha,inDrop2,train
human1_lib3.final_cell_0683,gamma,inDrop1,train
human3_lib2.final_cell_0718,beta,inDrop3,train
human3_lib4.final_cell_0208,beta,inDrop3,train
human3_lib2.final_cell_0841,alpha,inDrop3,validation
human1_lib1.final_cell_0290,beta,inDrop1,validation
human3_lib4.final_cell_0077,acinar,inDrop3,test
human1_lib3.final_cell_0706,beta,inDrop1,train
Sample_421,alpha,smarter,train
human4_lib1.final_cell_0501,beta,inDrop4,train
human3_lib4.final_cell_0012,acinar,inDrop3,train
D2ex_36,ductal,celseq,test
Sample_1044,alpha,smarter,train
human1_lib2.final_cell_0554,gamma,inDrop1,train
human2_lib1.final_cell_0505,alpha,inDrop2,train
human3_lib1.final_cell_0177,alpha,inDrop3,test
human2_lib1.final_cell_0437,alpha,inDrop2,train
human2_lib2.final_cell_0213,beta,inDrop2,train
human3_lib3.final_cell_0851,acinar,inDrop3,train
human1_lib3.final_cell_0059,beta,inDrop1,train
human3_lib2.final_cell_0250,alpha,inDrop3,train
human1_lib2.final_cell_0407,delta,inDrop1,validation
human4_lib3.final_cell_0439,ductal,inDrop4,train
D30-4_6,alpha,celseq2,train
human2_lib1.final_cell_0413,alpha,inDrop2,train
HP1502401_B14,beta,smartseq2,test
D29-3_11,delta,celseq2,train
HP1507101_D12,alpha,smartseq2,train
human3_lib3.final_cell_0094,acinar,inDrop3,train
D29-3_58,delta,celseq2,train
D31-2_83,acinar,celseq2,test
Sample_784,beta,smarter,validation
3rd-C85_S83,alpha,fluidigmc1,test
HP1526901T2D_H18,delta,smartseq2,train
human1_lib1.final_cell_0086,delta,inDrop1,train
HP1504901_I22,gamma,smartseq2,train
HP1507101_E21,alpha,smartseq2,validation
human1_lib1.final_cell_0480,beta,inDrop1,train
human4_lib1.final_cell_0087,beta,inDrop4,train
human4_lib3.final_cell_0451,delta,inDrop4,train
Sample_1512,alpha,smarter,train
D29-2_64,gamma,celseq2,validation
HP1507101_F20,alpha,smartseq2,validation
human3_lib4.final_cell_0729,beta,inDrop3,train
2nd-C38_S74,beta,fluidigmc1,train
human4_lib1.final_cell_0330,beta,inDrop4,train
Sample_303,alpha,smarter,train
human2_lib1.final_cell_0524,ductal,inDrop2,train
human1_lib2.final_cell_0199,beta,inDrop1,train
HP1526901T2D_K17,acinar,smartseq2,train
HP1507101_J9,gamma,smartseq2,train
human3_lib2.final_cell_0369,beta,inDrop3,train
HP1507101_A12,beta,smartseq2,train
human3_lib2.final_cell_0735,beta,inDrop3,train
human3_lib2.final_cell_0330,alpha,inDrop3,train
human1_lib2.final_cell_0406,beta,inDrop1,validation
D102_96,beta,celseq,train
D17All1_1,alpha,celseq,train
human1_lib2.final_cell_0020,delta,inDrop1,train
human1_lib1.final_cell_0288,macrophage,inDrop1,test
HP1506401_L20,ductal,smartseq2,validation
human3_lib2.final_cell_0522,alpha,inDrop3,train
human3_lib3.final_cell_0648,alpha,inDrop3,train
D29-1_48,beta,celseq2,train
human2_lib3.final_cell_0051,alpha,inDrop2,train
2nd-C8_S14,alpha,fluidigmc1,train
human1_lib2.final_cell_0500,gamma,inDrop1,test
human2_lib2.final_cell_0210,alpha,inDrop2,train
HP1525301T2D_O10,ductal,smartseq2,train
8th-C85_S150,alpha,fluidigmc1,validation
HP1508501T2D_A11,acinar,smartseq2,test
D1713_48,ductal,celseq,test
D29-7_69,beta,celseq2,test
Sample_781,beta,smarter,train
Sample_355,alpha,smarter,train
HP1504901_K12,alpha,smartseq2,train
human3_lib3.final_cell_0781,delta,inDrop3,train
Sample_583,alpha,smarter,train
human4_lib3.final_cell_0207,ductal,inDrop4,train
human1_lib2.final_cell_0132,beta,inDrop1,train
human2_lib2.final_cell_0438,ductal,inDrop2,train
D29-7_17,beta,celseq2,train
human4_lib1.final_cell_0222,beta,inDrop4,train
human4_lib1.final_cell_0407,beta,inDrop4,train
human2_lib2.final_cell_0522,ductal,inDrop2,validation
HP1504101T2D_M2,alpha,smartseq2,train
human1_lib3.final_cell_0065,beta,inDrop1,train
Sample_353,alpha,smarter,validation
D73_19,ductal,celseq,train
D31-4_72,acinar,celseq2,validation
human3_lib4.final_cell_0836,alpha,inDrop3,train
HP1504101T2D_J15,alpha,smartseq2,train
D101_14,beta,celseq,train
human3_lib1.final_cell_0896,endothelial,inDrop3,train
human4_lib1.final_cell_0091,alpha,inDrop4,train
human2_lib1.final_cell_0390,beta,inDrop2,train
D30-7_53,delta,celseq2,test
human1_lib1.final_cell_0339,beta,inDrop1,test
human2_lib3.final_cell_0419,gamma,inDrop2,train
Sample_422,alpha,smarter,train
human2_lib1.final_cell_0193,delta,inDrop2,train
human1_lib2.final_cell_0256,beta,inDrop1,train
D31-5_78,activated_stellate,celseq2,train
human3_lib4.final_cell_0011,acinar,inDrop3,train
D31-1_68,beta,celseq2,test
human4_lib3.final_cell_0695,beta,inDrop4,train
human1_lib2.final_cell_0311,alpha,inDrop1,test
D28-5_73,beta,celseq2,train
human1_lib3.final_cell_0740,quiescent_stellate,inDrop1,test
D31-4_27,alpha,celseq2,test
D31-4_82,beta,celseq2,train
HP1525301T2D_N11,ductal,smartseq2,train
human3_lib2.final_cell_0456,alpha,inDrop3,train
D17All2_62,alpha,celseq,train
human4_lib1.final_cell_0233,alpha,inDrop4,test
human3_lib4.final_cell_0554,alpha,inDrop3,train
human3_lib4.final_cell_0550,endothelial,inDrop3,train
Sample_1338,alpha,smarter,train
HP1504901_F5,alpha,smartseq2,train
human3_lib3.final_cell_0035,acinar,inDrop3,train
7th-C84_S62,beta,fluidigmc1,test
human4_lib3.final_cell_0555,beta,inDrop4,train
human3_lib3.final_cell_0758,alpha,inDrop3,train
human4_lib1.final_cell_0573,alpha,inDrop4,train
D31-8_4,acinar,celseq2,train
human3_lib1.final_cell_0863,endothelial,inDrop3,test
D31-2_53,acinar,celseq2,train
HP1525301T2D_L2,ductal,smartseq2,test
human3_lib3.final_cell_0827,alpha,inDrop3,train
AZ_A7,acinar,smartseq2,validation
HP1506401_E16,delta,smartseq2,train
D2ex_17,ductal,celseq,train
human3_lib3.final_cell_0329,ductal,inDrop3,train
Sample_761,beta,smarter,train
human1_lib2.final_cell_0136,beta,inDrop1,validation
5th-C57_S96,ductal,fluidigmc1,train
D30-8_81,acinar,celseq2,train
human1_lib2.final_cell_0205,delta,inDrop1,train
D31-7_57,ductal,celseq2,test
human3_lib2.final_cell_0625,alpha,inDrop3,train
HP1509101_F7,ductal,smartseq2,test
HP1504101T2D_B16,alpha,smartseq2,test
human3_lib3.final_cell_0012,acinar,inDrop3,test
human2_lib3.final_cell_0223,delta,inDrop2,test
Sample_1016,alpha,smarter,train
human2_lib3.final_cell_0515,beta,inDrop2,train
human4_lib1.final_cell_0103,beta,inDrop4,train
human1_lib2.final_cell_0490,endothelial,inDrop1,train
D29-7_40,gamma,celseq2,test
human3_lib4.final_cell_0799,alpha,inDrop3,train
D28-5_86,alpha,celseq2,test
Sample_174,beta,smarter,train
human1_lib1.final_cell_0149,ductal,inDrop1,train
human1_lib3.final_cell_0650,ductal,inDrop1,train
human1_lib3.final_cell_0043,acinar,inDrop1,train
D71_94,delta,celseq,validation
D31-8_91,acinar,celseq2,train
human3_lib2.final_cell_0656,alpha,inDrop3,test
human2_lib3.final_cell_0400,gamma,inDrop2,validation
Sample_625,gamma,smarter,train
human2_lib2.final_cell_0528,mast,inDrop2,train
human1_lib2.final_cell_0153,beta,inDrop1,train
human3_lib2.final_cell_0602,alpha,inDrop3,test
human2_lib3.final_cell_0205,alpha,inDrop2,train
human1_lib2.final_cell_0033,beta,inDrop1,train
HP1507101_H10,beta,smartseq2,train
HP1525301T2D_C24,ductal,smartseq2,test
human3_lib1.final_cell_0006,acinar,inDrop3,train
human1_lib2.final_cell_0589,beta,inDrop1,validation
human1_lib1.final_cell_0174,beta,inDrop1,train
human3_lib2.final_cell_0265,beta,inDrop3,train
7th-C89_S74,beta,fluidigmc1,train
D31-1_23,activated_stellate,celseq2,train
D17All2_6,alpha,celseq,train
human3_lib4.final_cell_0349,alpha,inDrop3,train
D31-8_92,activated_stellate,celseq2,train
HP1504901_B22,beta,smartseq2,train
Sample_760,beta,smarter,train
D2ex_8,ductal,celseq,train
11th-C64_S72,acinar,fluidigmc1,train
human2_lib2.final_cell_0077,beta,inDrop2,validation
human2_lib3.final_cell_0506,ductal,inDrop2,train
human2_lib3.final_cell_0351,alpha,inDrop2,validation
human3_lib1.final_cell_0523,beta,inDrop3,train
D31-5_86,alpha,celseq2,train
7th-C47_S81,ductal,fluidigmc1,train
D31-6_52,acinar,celseq2,train
HP1526901T2D_E11,beta,smartseq2,train
D74_74,ductal,celseq,train
human3_lib3.final_cell_0333,acinar,inDrop3,test
human4_lib3.final_cell_0001,beta,inDrop4,train
human1_lib2.final_cell_0012,delta,inDrop1,train
HP1526901T2D_K24,delta,smartseq2,validation
Sample_1213,alpha,smarter,train
D28-5_63,acinar,celseq2,train
human4_lib1.final_cell_0132,beta,inDrop4,train
HP1502401_I7,delta,smartseq2,validation
D31-3_52,alpha,celseq2,test
human2_lib2.final_cell_0207,ductal,inDrop2,train
human2_lib1.final_cell_0526,alpha,inDrop2,train
D29-5_86,beta,celseq2,train
D29-7_81,delta,celseq2,test
D2ex_44,acinar,celseq,train
10th_C32_S56,beta,fluidigmc1,train
D74_18,ductal,celseq,train
D29-1_57,delta,celseq2,train
human2_lib3.final_cell_0081,ductal,inDrop2,train
human4_lib1.final_cell_0385,beta,inDrop4,train
human3_lib1.final_cell_0742,alpha,inDrop3,train
human3_lib4.final_cell_0770,alpha,inDrop3,test
human2_lib3.final_cell_0415,alpha,inDrop2,train
D31-2_78,ductal,celseq2,train
7th-C68_S38,delta,fluidigmc1,train
D172444_1,delta,celseq,test
human3_lib4.final_cell_0558,alpha,inDrop3,validation
HP1506401_G4,acinar,smartseq2,train
human2_lib1.final_cell_0070,activated_stellate,inDrop2,train
human3_lib4.final_cell_0568,gamma,inDrop3,train
D3en2_71,ductal,celseq,train
Sample_588,delta,smarter,test
HP1508501T2D_M11,acinar,smartseq2,train
human3_lib4.final_cell_0416,alpha,inDrop3,train
human3_lib2.final_cell_0256,alpha,inDrop3,validation
human3_lib1.final_cell_0590,alpha,inDrop3,test
human3_lib4.final_cell_0055,acinar,inDrop3,validation
human3_lib2.final_cell_0348,alpha,inDrop3,train
Sample_1562,gamma,smarter,train
Sample_1591,gamma,smarter,validation
human4_lib1.final_cell_0484,gamma,inDrop4,test
human3_lib1.final_cell_0754,endothelial,inDrop3,train
Sample_661,beta,smarter,validation
human2_lib1.final_cell_0109,alpha,inDrop2,train
human2_lib2.final_cell_0449,alpha,inDrop2,train
human4_lib1.final_cell_0504,beta,inDrop4,test
D31-6_40,acinar,celseq2,train
human3_lib1.final_cell_0733,gamma,inDrop3,train
human2_lib2.final_cell_0292,alpha,inDrop2,test
human1_lib3.final_cell_0234,beta,inDrop1,train
human4_lib3.final_cell_0656,ductal,inDrop4,test
human3_lib3.final_cell_0509,alpha,inDrop3,test
D31-7_75,alpha,celseq2,validation
human1_lib1.final_cell_0278,ductal,inDrop1,train
human3_lib4.final_cell_0594,alpha,inDrop3,train
human1_lib3.final_cell_0664,endothelial,inDrop1,train
human2_lib2.final_cell_0269,beta,inDrop2,test
human1_lib3.final_cell_0178,delta,inDrop1,train
human3_lib3.final_cell_0922,endothelial,inDrop3,validation
human2_lib3.final_cell_0128,alpha,inDrop2,validation
human3_lib2.final_cell_0264,delta,inDrop3,train
human1_lib1.final_cell_0531,beta,inDrop1,train
AZ_E4,alpha,smartseq2,train
human4_lib3.final_cell_0585,beta,inDrop4,train
HP1526901T2D_H3,gamma,smartseq2,train
human3_lib2.final_cell_0835,alpha,inDrop3,test
human3_lib4.final_cell_0310,alpha,inDrop3,train
Sample_1139,alpha,smarter,test
human2_lib1.final_cell_0316,alpha,inDrop2,test
D30-4_46,ductal,celseq2,validation
human1_lib3.final_cell_0554,beta,inDrop1,validation
human3_lib3.final_cell_0305,delta,inDrop3,train
human2_lib1.final_cell_0486,alpha,inDrop2,train
Sample_110,beta,smarter,train
D30-4_43,alpha,celseq2,train
human3_lib1.final_cell_0013,acinar,inDrop3,validation
human4_lib3.final_cell_0324,alpha,inDrop4,train
human4_lib1.final_cell_0242,ductal,inDrop4,train
11th-C4_S62,ductal,fluidigmc1,train
human3_lib2.final_cell_0431,alpha,inDrop3,train
human4_lib3.final_cell_0362,alpha,inDrop4,validation
human2_lib3.final_cell_0245,alpha,inDrop2,test
HP1526901T2D_E6,alpha,smartseq2,train
HP1508501T2D_P1,beta,smartseq2,train
human1_lib2.final_cell_0342,beta,inDrop1,train
human4_lib3.final_cell_0136,beta,inDrop4,validation
human1_lib3.final_cell_0118,ductal,inDrop1,train
human3_lib1.final_cell_0424,beta,inDrop3,test
HP1504101T2D_E4,gamma,smartseq2,train
human2_lib2.final_cell_0274,gamma,inDrop2,train
D30-1_79,activated_stellate,celseq2,test
D31-1_14,beta,celseq2,train
human4_lib3.final_cell_0237,beta,inDrop4,validation
Sample_1538,delta,smarter,train
human4_lib3.final_cell_0448,ductal,inDrop4,validation
human4_lib1.final_cell_0481,alpha,inDrop4,train
human1_lib1.final_cell_0372,acinar,inDrop1,validation
human4_lib1.final_cell_0570,gamma,inDrop4,train
D31-5_20,alpha,celseq2,train
Sample_126,beta,smarter,train
HP1526901T2D_F10,alpha,smartseq2,train
human4_lib3.final_cell_0246,ductal,inDrop4,train
human1_lib3.final_cell_0534,quiescent_stellate,inDrop1,train
7th-C21_S34,beta,fluidigmc1,test
HP1506401_D1,ductal,smartseq2,validation
Sample_87,beta,smarter,train
HP1508501T2D_B21,beta,smartseq2,validation
human1_lib3.final_cell_0128,beta,inDrop1,train
Sample_1431,alpha,smarter,train
D31-8_41,beta,celseq2,train
HP1525301T2D_P24,alpha,smartseq2,train
human3_lib1.final_cell_0649,alpha,inDrop3,train
human1_lib1.final_cell_0036,acinar,inDrop1,train
D30-4_63,alpha,celseq2,validation
human3_lib4.final_cell_0818,endothelial,inDrop3,test
D17All1_63,beta,celseq,validation
HP1509101_J9,ductal,smartseq2,validation
Sample_330,alpha,smarter,validation
human1_lib3.final_cell_0300,beta,inDrop1,train
human2_lib2.final_cell_0216,alpha,inDrop2,validation
D17TGFB_38,acinar,celseq,train
human3_lib3.final_cell_0630,alpha,inDrop3,test
human1_lib1.final_cell_0148,ductal,inDrop1,train
4th-C49_S4,beta,fluidigmc1,train
human3_lib4.final_cell_0616,beta,inDrop3,train
human3_lib2.final_cell_0687,beta,inDrop3,train
human3_lib3.final_cell_0383,beta,inDrop3,train
Sample_572,alpha,smarter,validation
human2_lib1.final_cell_0501,gamma,inDrop2,train
HP1526901T2D_I3,beta,smartseq2,train
D29-2_91,alpha,celseq2,test
D31-7_65,alpha,celseq2,train
human3_lib4.final_cell_0232,ductal,inDrop3,validation
D29-3_43,delta,celseq2,train
HP1507101_I5,alpha,smartseq2,test
human3_lib3.final_cell_0419,beta,inDrop3,train
human4_lib1.final_cell_0597,beta,inDrop4,train
D31-4_34,beta,celseq2,train
human4_lib3.final_cell_0044,ductal,inDrop4,validation
human3_lib1.final_cell_0866,alpha,inDrop3,validation
human3_lib1.final_cell_0830,alpha,inDrop3,train
D31-3_21,ductal,celseq2,test
human1_lib3.final_cell_0142,beta,inDrop1,test
human1_lib1.final_cell_0346,beta,inDrop1,test
Sample_810,beta,smarter,train
human3_lib3.final_cell_0919,endothelial,inDrop3,train
human3_lib2.final_cell_0021,acinar,inDrop3,train
human1_lib1.final_cell_0360,quiescent_stellate,inDrop1,train
human2_lib3.final_cell_0552,ductal,inDrop2,validation
HP1526901T2D_B24,ductal,smartseq2,train
human3_lib4.final_cell_0844,endothelial,inDrop3,validation
HP1509101_E22,beta,smartseq2,train
human1_lib2.final_cell_0576,beta,inDrop1,train
Sample_1454,alpha,smarter,test
human2_lib3.final_cell_0158,ductal,inDrop2,test
human3_lib2.final_cell_0201,acinar,inDrop3,train
HP1509101_P5,ductal,smartseq2,test
D30-5_42,ductal,celseq2,train
human2_lib2.final_cell_0117,beta,inDrop2,validation
human2_lib3.final_cell_0090,alpha,inDrop2,train
HP1508501T2D_F1,beta,smartseq2,train
human3_lib3.final_cell_0448,alpha,inDrop3,train
Sample_22,beta,smarter,train
HP1504901_D4,endothelial,smartseq2,test
D31-2_82,alpha,celseq2,validation
human2_lib2.final_cell_0122,beta,inDrop2,train
human1_lib1.final_cell_0293,beta,inDrop1,validation
human3_lib3.final_cell_0910,beta,inDrop3,train
7th-C10_S19,beta,fluidigmc1,train
D71_33,ductal,celseq,train
Sample_477,alpha,smarter,train
D28-3_30,beta,celseq2,train
Sample_517,alpha,smarter,train
human3_lib4.final_cell_0450,beta,inDrop3,train
human4_lib1.final_cell_0077,quiescent_stellate,inDrop4,train
D29-3_81,alpha,celseq2,train
human1_lib3.final_cell_0709,beta,inDrop1,train
HP1525301T2D_A11,alpha,smartseq2,train
human2_lib2.final_cell_0154,acinar,inDrop2,test
D30-6_70,alpha,celseq2,train
7th-C65_S32,beta,fluidigmc1,train
human3_lib1.final_cell_0306,ductal,inDrop3,train
D30-4_25,alpha,celseq2,train
human2_lib3.final_cell_0380,alpha,inDrop2,train
human4_lib3.final_cell_0162,beta,inDrop4,train
human3_lib1.final_cell_0380,beta,inDrop3,train
HP1507101_I10,alpha,smartseq2,train
human3_lib2.final_cell_0110,acinar,inDrop3,train
D74_70,alpha,celseq,train
HP1507101_E9,alpha,smartseq2,test
1st-C57_S42,alpha,fluidigmc1,train
Sample_373,alpha,smarter,train
D30-6_37,acinar,celseq2,train
D31-5_72,macrophage,celseq2,validation
human3_lib3.final_cell_0033,acinar,inDrop3,validation
human3_lib4.final_cell_0829,alpha,inDrop3,train
HP1504901_F18,gamma,smartseq2,validation
HP1504901_C10,delta,smartseq2,train
D3en4_14,acinar,celseq,train
HP1502401_D11,acinar,smartseq2,train
human2_lib3.final_cell_0512,ductal,inDrop2,validation
human3_lib1.final_cell_0253,acinar,inDrop3,validation
D29-8_25,alpha,celseq2,validation
HP1504901_N22,alpha,smartseq2,train
human3_lib4.final_cell_0035,acinar,inDrop3,train
human1_lib1.final_cell_0255,delta,inDrop1,test
human3_lib3.final_cell_0065,acinar,inDrop3,test
human3_lib2.final_cell_0666,alpha,inDrop3,train
human3_lib1.final_cell_0870,beta,inDrop3,test
D17All2_88,epsilon,celseq,train
human3_lib3.final_cell_0066,acinar,inDrop3,train
D30-4_41,alpha,celseq2,train
D30-6_13,delta,celseq2,train
D102_73,ductal,celseq,train
human3_lib2.final_cell_0114,alpha,inDrop3,train
human3_lib1.final_cell_0194,delta,inDrop3,train
HP1526901T2D_J6,beta,smartseq2,train
human2_lib1.final_cell_0550,ductal,inDrop2,validation
human3_lib2.final_cell_0819,endothelial,inDrop3,test
Sample_182,beta,smarter,train
D30-7_31,delta,celseq2,train
D31-3_23,acinar,celseq2,train
D29-8_43,gamma,celseq2,validation
human3_lib1.final_cell_0769,alpha,inDrop3,test
human3_lib1.final_cell_0751,delta,inDrop3,train
Sample_1497,alpha,smarter,train
human4_lib3.final_cell_0200,ductal,inDrop4,train
D29-7_43,alpha,celseq2,train
3rd-C68_S13,delta,fluidigmc1,validation
human2_lib1.final_cell_0385,alpha,inDrop2,test
HP1508501T2D_C10,alpha,smartseq2,train
HP1526901T2D_M18,acinar,smartseq2,test
human3_lib1.final_cell_0236,alpha,inDrop3,validation
D29-6_53,alpha,celseq2,test
D30-1_59,alpha,celseq2,train
human2_lib1.final_cell_0555,ductal,inDrop2,test
human1_lib3.final_cell_0270,epsilon,inDrop1,test
Sample_762,beta,smarter,validation
human3_lib4.final_cell_0137,acinar,inDrop3,train
human1_lib1.final_cell_0211,beta,inDrop1,train
Sample_924,beta,smarter,train
human3_lib4.final_cell_0322,delta,inDrop3,test
Sample_52,beta,smarter,test
human3_lib3.final_cell_0072,acinar,inDrop3,train
D1713_55,ductal,celseq,train
human2_lib1.final_cell_0332,beta,inDrop2,train
human1_lib3.final_cell_0393,alpha,inDrop1,train
HP1504101T2D_H22,alpha,smartseq2,train
HP1506401_F16,acinar,smartseq2,train
HP1525301T2D_C16,alpha,smartseq2,train
human4_lib3.final_cell_0384,activated_stellate,inDrop4,train
Sample_1547,gamma,smarter,train
D1713_67,acinar,celseq,train
human4_lib1.final_cell_0414,beta,inDrop4,validation
human1_lib2.final_cell_0081,delta,inDrop1,test
human2_lib2.final_cell_0187,ductal,inDrop2,train
human1_lib2.final_cell_0415,beta,inDrop1,train
Sample_137,beta,smarter,validation
human3_lib4.final_cell_0147,acinar,inDrop3,train
Sample_413,alpha,smarter,train
human1_lib2.final_cell_0179,beta,inDrop1,train
D31-3_85,alpha,celseq2,train
human1_lib1.final_cell_0357,alpha,inDrop1,train
HP1508501T2D_L13,alpha,smartseq2,train
human2_lib1.final_cell_0184,alpha,inDrop2,train
human1_lib1.final_cell_0203,ductal,inDrop1,train
human1_lib1.final_cell_0029,acinar,inDrop1,train
9th-C65_S32,beta,fluidigmc1,train
HP1502401_I18,alpha,smartseq2,train
human3_lib4.final_cell_0279,beta,inDrop3,train
human1_lib3.final_cell_0478,gamma,inDrop1,train
D28-1_2,endothelial,celseq2,train
human3_lib1.final_cell_0116,acinar,inDrop3,validation
HP1504101T2D_H4,alpha,smartseq2,train
Sample_1221,alpha,smarter,train
HP1526901T2D_A16,delta,smartseq2,train
human1_lib1.final_cell_0563,beta,inDrop1,test
HP1504101T2D_J6,alpha,smartseq2,test
9th-C9_S13,alpha,fluidigmc1,test
human1_lib3.final_cell_0035,beta,inDrop1,train
Sample_1389,alpha,smarter,test
human2_lib3.final_cell_0334,beta,inDrop2,validation
human4_lib1.final_cell_0344,alpha,inDrop4,train
human1_lib3.final_cell_0274,ductal,inDrop1,train
human4_lib1.final_cell_0294,alpha,inDrop4,train
D3ex_91,ductal,celseq,train
HP1506401_F10,ductal,smartseq2,validation
human1_lib2.final_cell_0025,delta,inDrop1,train
D17TGFB_90,alpha,celseq,train
D29-8_65,alpha,celseq2,train
D31-4_45,beta,celseq2,train
human3_lib3.final_cell_0178,beta,inDrop3,train
D30-1_60,alpha,celseq2,train
HP1504101T2D_H20,alpha,smartseq2,train
human1_lib3.final_cell_0253,beta,inDrop1,validation
human4_lib1.final_cell_0329,gamma,inDrop4,validation
human3_lib2.final_cell_0022,acinar,inDrop3,test
3rd-C56_S90,beta,fluidigmc1,test
human3_lib4.final_cell_0118,delta,inDrop3,train
human3_lib2.final_cell_0582,beta,inDrop3,train
human3_lib4.final_cell_0014,acinar,inDrop3,validation
D72_69,delta,celseq,validation
Sample_447,alpha,smarter,train
human1_lib2.final_cell_0254,endothelial,inDrop1,train
human1_lib1.final_cell_0262,delta,inDrop1,train
Sample_357,alpha,smarter,train
human3_lib3.final_cell_0175,activated_stellate,inDrop3,train
human3_lib2.final_cell_0068,ductal,inDrop3,train
human1_lib3.final_cell_0134,beta,inDrop1,train
human1_lib3.final_cell_0307,beta,inDrop1,train
human3_lib1.final_cell_0479,beta,inDrop3,validation
human3_lib3.final_cell_0293,acinar,inDrop3,validation
human1_lib2.final_cell_0018,acinar,inDrop1,train
human4_lib1.final_cell_0457,alpha,inDrop4,train
human4_lib3.final_cell_0070,delta,inDrop4,train
D17TGFB_24,ductal,celseq,test
HP1502401_M5,alpha,smartseq2,test
human1_lib3.final_cell_0680,quiescent_stellate,inDrop1,train
D31-1_52,alpha,celseq2,train
human3_lib2.final_cell_0014,acinar,inDrop3,train
human3_lib1.final_cell_0667,ductal,inDrop3,train
human3_lib4.final_cell_0636,acinar,inDrop3,train
D73_31,alpha,celseq,test
D73_79,alpha,celseq,train
human3_lib2.final_cell_0143,ductal,inDrop3,train
AZ_C9,ductal,smartseq2,validation
D17All1_68,activated_stellate,celseq,train
D72_8,alpha,celseq,train
D172444_22,alpha,celseq,train
human3_lib1.final_cell_0369,alpha,inDrop3,train
Sample_895,beta,smarter,train
human1_lib1.final_cell_0145,beta,inDrop1,train
Sample_617,gamma,smarter,train
HP1507101_L10,alpha,smartseq2,train
human3_lib3.final_cell_0698,beta,inDrop3,train
HP1525301T2D_G3,ductal,smartseq2,train
Sample_321,alpha,smarter,train
human3_lib2.final_cell_0621,activated_stellate,inDrop3,test
human3_lib2.final_cell_0627,beta,inDrop3,train
HP1508501T2D_O7,acinar,smartseq2,train
human3_lib4.final_cell_0657,beta,inDrop3,test
Sample_161,beta,smarter,test
human3_lib1.final_cell_0115,alpha,inDrop3,train
human1_lib1.final_cell_0139,beta,inDrop1,train
human3_lib1.final_cell_0457,beta,inDrop3,train
human3_lib3.final_cell_0402,ductal,inDrop3,train
HP1508501T2D_P5,alpha,smartseq2,validation
human2_lib2.final_cell_0553,activated_stellate,inDrop2,test
human1_lib1.final_cell_0183,alpha,inDrop1,train
HP1506401_H1,acinar,smartseq2,test
human3_lib3.final_cell_0715,alpha,inDrop3,validation
human3_lib1.final_cell_0611,alpha,inDrop3,train
HP1504101T2D_D12,gamma,smartseq2,train
D28-3_38,alpha,celseq2,validation
D28-1_4,beta,celseq2,train
human4_lib1.final_cell_0366,beta,inDrop4,train
D28-6_42,acinar,celseq2,test
human2_lib3.final_cell_0297,ductal,inDrop2,test
human1_lib3.final_cell_0612,beta,inDrop1,test
human3_lib4.final_cell_0129,acinar,inDrop3,test
D102_91,acinar,celseq,train
Sample_1011,alpha,smarter,train
D29-7_94,gamma,celseq2,test
human4_lib3.final_cell_0255,beta,inDrop4,test
human2_lib1.final_cell_0552,alpha,inDrop2,test
Sample_973,alpha,smarter,train
D30-7_93,alpha,celseq2,test
human4_lib3.final_cell_0037,beta,inDrop4,validation
6th-C79_S60,beta,fluidigmc1,test
HP1502401_H3,alpha,smartseq2,validation
9th-C14_S23,beta,fluidigmc1,train
D29-1_81,beta,celseq2,train
human2_lib3.final_cell_0037,epsilon,inDrop2,train
human3_lib4.final_cell_0432,alpha,inDrop3,test
human3_lib2.final_cell_0611,ductal,inDrop3,validation
human4_lib3.final_cell_0389,ductal,inDrop4,train
human4_lib1.final_cell_0257,ductal,inDrop4,train
human4_lib3.final_cell_0458,beta,inDrop4,train
human3_lib2.final_cell_0280,acinar,inDrop3,train
HP1504101T2D_B13,alpha,smartseq2,train
HP1504901_D6,delta,smartseq2,validation
human2_lib3.final_cell_0209,ductal,inDrop2,train
human2_lib2.final_cell_0345,beta,inDrop2,train
human3_lib2.final_cell_0155,delta,inDrop3,train
13th_C71_S208,beta,fluidigmc1,train
human1_lib2.final_cell_0097,delta,inDrop1,test
human3_lib1.final_cell_0438,alpha,inDrop3,train
human2_lib1.final_cell_0331,alpha,inDrop2,test
D31-2_10,ductal,celseq2,train
8th-C69_S119,gamma,fluidigmc1,validation
HP1504901_G8,beta,smartseq2,train
human3_lib1.final_cell_0641,alpha,inDrop3,train
human3_lib1.final_cell_0318,alpha,inDrop3,train
human3_lib3.final_cell_0214,acinar,inDrop3,train
D30-6_89,alpha,celseq2,validation
Sample_1573,gamma,smarter,validation
HP1525301T2D_P18,alpha,smartseq2,train
human2_lib1.final_cell_0289,alpha,inDrop2,train
human4_lib3.final_cell_0274,gamma,inDrop4,train
Sample_232,alpha,smarter,validation
human1_lib1.final_cell_0458,alpha,inDrop1,train
Sample_1569,gamma,smarter,train
Sample_1350,alpha,smarter,train
human1_lib1.final_cell_0399,activated_stellate,inDrop1,test
human4_lib3.final_cell_0108,beta,inDrop4,train
Sample_197,beta,smarter,train
human3_lib1.final_cell_0043,acinar,inDrop3,train
D31-8_76,delta,celseq2,test
HP1504901_A14,alpha,smartseq2,train
D10631_53,acinar,celseq,train
human3_lib1.final_cell_0223,alpha,inDrop3,validation
human1_lib3.final_cell_0251,activated_stellate,inDrop1,train
human4_lib3.final_cell_0599,delta,inDrop4,train
human3_lib4.final_cell_0179,acinar,inDrop3,train
D30-6_58,delta,celseq2,test
HP1526901T2D_A13,delta,smartseq2,train
human3_lib4.final_cell_0196,beta,inDrop3,train
human1_lib2.final_cell_0472,endothelial,inDrop1,train
HP1508501T2D_I22,alpha,smartseq2,train
human3_lib3.final_cell_0202,beta,inDrop3,train
D28-4_15,alpha,celseq2,train
human2_lib2.final_cell_0232,beta,inDrop2,train
D28-2_42,acinar,celseq2,validation
human3_lib3.final_cell_0071,acinar,inDrop3,train
8th-C37_S146,alpha,fluidigmc1,test
human3_lib3.final_cell_0004,acinar,inDrop3,train
D29-5_71,alpha,celseq2,train
D74_22,ductal,celseq,train
4th-C59_S23,alpha,fluidigmc1,train
D17TGFB_28,ductal,celseq,train
D29-2_7,ductal,celseq2,test
HP1507101_I11,alpha,smartseq2,train
human2_lib3.final_cell_0306,delta,inDrop2,train
HP1504901_E24,alpha,smartseq2,train
D31-1_55,ductal,celseq2,validation
human3_lib3.final_cell_0449,ductal,inDrop3,train
12th-C90_S166,beta,fluidigmc1,validation
D17All1_82,beta,celseq,validation
human2_lib1.final_cell_0168,alpha,inDrop2,train
Sample_1322,alpha,smarter,test
D30-4_54,alpha,celseq2,validation
human2_lib2.final_cell_0374,alpha,inDrop2,train
human3_lib4.final_cell_0777,alpha,inDrop3,test
D17TGFB_12,acinar,celseq,train
Sample_1408,alpha,smarter,validation
human2_lib3.final_cell_0066,acinar,inDrop2,train
HP1506401_P5,ductal,smartseq2,train
D73_16,activated_stellate,celseq,train
human3_lib4.final_cell_0239,ductal,inDrop3,train
human1_lib1.final_cell_0081,beta,inDrop1,train
Sample_1022,alpha,smarter,train
D28-1_50,acinar,celseq2,train
D31-1_32,alpha,celseq2,test
HP1508501T2D_G23,acinar,smartseq2,test
human1_lib1.final_cell_0381,alpha,inDrop1,train
HP1525301T2D_J10,delta,smartseq2,train
human2_lib2.final_cell_0450,alpha,inDrop2,test
D72_10,alpha,celseq,train
human3_lib1.final_cell_0741,beta,inDrop3,test
human3_lib2.final_cell_0148,acinar,inDrop3,train
human2_lib3.final_cell_0087,delta,inDrop2,train
human3_lib2.final_cell_0710,acinar,inDrop3,train
HP1525301T2D_O11,gamma,smartseq2,train
human1_lib3.final_cell_0629,beta,inDrop1,test
D172444_42,alpha,celseq,train
human1_lib2.final_cell_0364,gamma,inDrop1,validation
human4_lib3.final_cell_0608,alpha,inDrop4,validation
Sample_863,beta,smarter,train
human4_lib3.final_cell_0516,ductal,inDrop4,validation
human4_lib1.final_cell_0168,alpha,inDrop4,train
human3_lib1.final_cell_0234,beta,inDrop3,train
human2_lib1.final_cell_0556,beta,inDrop2,train
human3_lib1.final_cell_0338,ductal,inDrop3,train
human3_lib2.final_cell_0684,acinar,inDrop3,train
human3_lib1.final_cell_0292,ductal,inDrop3,train
D17All1_39,delta,celseq,test
HP1509101_M10,alpha,smartseq2,validation
human2_lib2.final_cell_0082,alpha,inDrop2,train
D29-7_70,alpha,celseq2,train
HP1508501T2D_I10,acinar,smartseq2,train
HP1509101_H1,alpha,smartseq2,train
human1_lib2.final_cell_0198,beta,inDrop1,train
8th-C23_S121,alpha,fluidigmc1,train
Sample_1535,delta,smarter,validation
human3_lib2.final_cell_0132,beta,inDrop3,train
human1_lib3.final_cell_0592,beta,inDrop1,train
D17All1_80,delta,celseq,train
HP1504901_C16,alpha,smartseq2,validation
D30-5_65,alpha,celseq2,test
human3_lib4.final_cell_0127,acinar,inDrop3,train
HP1526901T2D_L6,beta,smartseq2,train
human4_lib1.final_cell_0507,ductal,inDrop4,validation
human4_lib3.final_cell_0676,ductal,inDrop4,train
human4_lib1.final_cell_0230,alpha,inDrop4,train
human2_lib3.final_cell_0259,alpha,inDrop2,train
human4_lib3.final_cell_0399,alpha,inDrop4,train
human1_lib3.final_cell_0316,alpha,inDrop1,validation
human2_lib1.final_cell_0060,delta,inDrop2,train
8th-C70_S123,beta,fluidigmc1,test
human3_lib2.final_cell_0335,beta,inDrop3,train
HP1502401_M14,alpha,smartseq2,test
human2_lib2.final_cell_0475,beta,inDrop2,test
human2_lib2.final_cell_0038,alpha,inDrop2,train
HP1507101_D23,beta,smartseq2,validation
human2_lib1.final_cell_0094,ductal,inDrop2,validation
HP1509101_H17,endothelial,smartseq2,test
human4_lib1.final_cell_0078,beta,inDrop4,train
human3_lib4.final_cell_0265,beta,inDrop3,train
HP1504101T2D_I21,beta,smartseq2,train
human3_lib3.final_cell_0661,acinar,inDrop3,train
human2_lib3.final_cell_0131,activated_stellate,inDrop2,train
human3_lib1.final_cell_0201,acinar,inDrop3,train
D30-5_80,activated_stellate,celseq2,train
human3_lib1.final_cell_0689,alpha,inDrop3,train
1st-C34_S54,activated_stellate,fluidigmc1,train
D29-7_45,beta,celseq2,validation
D30-1_83,delta,celseq2,test
D3en2_57,acinar,celseq,train
D3en1_84,acinar,celseq,validation
HP1525301T2D_E17,ductal,smartseq2,train
human4_lib1.final_cell_0085,beta,inDrop4,train
human4_lib1.final_cell_0448,alpha,inDrop4,validation
D30-2_77,activated_stellate,celseq2,train
human4_lib3.final_cell_0179,ductal,inDrop4,train
Sample_341,alpha,smarter,train
human2_lib2.final_cell_0225,alpha,inDrop2,train
human1_lib1.final_cell_0096,beta,inDrop1,train
human1_lib1.final_cell_0379,beta,inDrop1,test
human1_lib2.final_cell_0266,beta,inDrop1,test
human1_lib2.final_cell_0314,beta,inDrop1,train
Sample_614,gamma,smarter,train
human3_lib3.final_cell_0500,alpha,inDrop3,train
human3_lib2.final_cell_0870,endothelial,inDrop3,train
D28-4_41,alpha,celseq2,train
D29-1_24,beta,celseq2,train
human1_lib2.final_cell_0257,ductal,inDrop1,train
D30-6_54,beta,celseq2,validation
human4_lib1.final_cell_0299,beta,inDrop4,train
D29-1_49,delta,celseq2,train
human3_lib4.final_cell_0194,beta,inDrop3,train
D30-4_90,beta,celseq2,train
human2_lib3.final_cell_0465,beta,inDrop2,validation
human2_lib1.final_cell_0482,endothelial,inDrop2,train
HP1506401_A15,beta,smartseq2,train
human2_lib2.final_cell_0594,beta,inDrop2,validation
human3_lib4.final_cell_0776,alpha,inDrop3,train
D31-7_79,gamma,celseq2,train
human1_lib1.final_cell_0559,quiescent_stellate,inDrop1,train
D30-6_86,ductal,celseq2,train
Sample_317,alpha,smarter,train
human2_lib1.final_cell_0038,ductal,inDrop2,test
HP1508501T2D_G14,ductal,smartseq2,train
human2_lib2.final_cell_0012,activated_stellate,inDrop2,validation
HP1504901_G13,alpha,smartseq2,validation
human3_lib4.final_cell_0768,ductal,inDrop3,test
D10631_68,ductal,celseq,train
Sample_765,beta,smarter,train
human2_lib2.final_cell_0083,beta,inDrop2,train
D29-1_68,acinar,celseq2,test
D28-2_1,acinar,celseq2,train
13th_C96_S204,beta,fluidigmc1,train
D101_31,beta,celseq,train
human2_lib2.final_cell_0343,beta,inDrop2,train
human1_lib1.final_cell_0026,alpha,inDrop1,train
human3_lib3.final_cell_0452,alpha,inDrop3,train
human3_lib3.final_cell_0815,beta,inDrop3,train
HP1508501T2D_O4,beta,smartseq2,train
human3_lib3.final_cell_0602,delta,inDrop3,train
human3_lib3.final_cell_0905,beta,inDrop3,train
HP1507101_D2,alpha,smartseq2,train
human2_lib2.final_cell_0054,beta,inDrop2,train
HP1525301T2D_H19,alpha,smartseq2,train
D28-2_5,alpha,celseq2,test
human1_lib2.final_cell_0098,beta,inDrop1,validation
human2_lib2.final_cell_0342,alpha,inDrop2,train
human1_lib3.final_cell_0529,alpha,inDrop1,train
Sample_779,beta,smarter,validation
human1_lib3.final_cell_0050,delta,inDrop1,train
human1_lib3.final_cell_0176,beta,inDrop1,train
Sample_794,beta,smarter,train
human2_lib2.final_cell_0208,alpha,inDrop2,train
HP1504901_F23,acinar,smartseq2,train
human2_lib2.final_cell_0072,beta,inDrop2,train
HP1507101_B5,beta,smartseq2,train
human1_lib1.final_cell_0041,activated_stellate,inDrop1,train
D172444_64,alpha,celseq,train
human2_lib1.final_cell_0200,delta,inDrop2,train
human2_lib3.final_cell_0034,alpha,inDrop2,test
Sample_611,delta,smarter,train
human1_lib1.final_cell_0511,gamma,inDrop1,train
human3_lib2.final_cell_0413,beta,inDrop3,train
human3_lib1.final_cell_0434,beta,inDrop3,train
human2_lib3.final_cell_0535,alpha,inDrop2,train
human3_lib2.final_cell_0567,alpha,inDrop3,train
10th_C66_S126,beta,fluidigmc1,validation
HP1525301T2D_H18,ductal,smartseq2,train
HP1509101_I16,ductal,smartseq2,train
Sample_1196,alpha,smarter,train
HP1525301T2D_N13,alpha,smartseq2,train
D28-3_90,acinar,celseq2,train
human1_lib2.final_cell_0491,endothelial,inDrop1,train
human3_lib4.final_cell_0006,acinar,inDrop3,test
HP1508501T2D_A14,alpha,smartseq2,train
D30-6_1,alpha,celseq2,train
human2_lib2.final_cell_0372,alpha,inDrop2,train
human1_lib3.final_cell_0714,quiescent_stellate,inDrop1,train
D31-5_81,ductal,celseq2,train
D31-1_73,beta,celseq2,validation
Sample_428,alpha,smarter,validation
human1_lib1.final_cell_0232,delta,inDrop1,test
human2_lib1.final_cell_0381,ductal,inDrop2,train
10th_C84_S115,beta,fluidigmc1,train
HP1526901T2D_L13,alpha,smartseq2,train
Sample_1445,alpha,smarter,train
human3_lib1.final_cell_0507,alpha,inDrop3,train
human3_lib3.final_cell_0563,delta,inDrop3,test
HP1504901_E18,alpha,smartseq2,train
human3_lib4.final_cell_0423,alpha,inDrop3,validation
HP1525301T2D_H1,ductal,smartseq2,validation
human3_lib2.final_cell_0760,activated_stellate,inDrop3,train
human3_lib3.final_cell_0820,ductal,inDrop3,train
Sample_425,alpha,smarter,test
human1_lib3.final_cell_0419,delta,inDrop1,validation
human2_lib2.final_cell_0503,alpha,inDrop2,test
human3_lib3.final_cell_0327,ductal,inDrop3,train
human3_lib4.final_cell_0028,acinar,inDrop3,validation
human1_lib2.final_cell_0353,beta,inDrop1,train
human3_lib1.final_cell_0057,acinar,inDrop3,train
D72_92,alpha,celseq,train
human3_lib1.final_cell_0659,ductal,inDrop3,train
13th_C52_S198,beta,fluidigmc1,train
human3_lib4.final_cell_0062,acinar,inDrop3,validation
human1_lib3.final_cell_0085,beta,inDrop1,train
HP1526901T2D_H2,acinar,smartseq2,train
human3_lib1.final_cell_0113,acinar,inDrop3,train
D31-6_59,alpha,celseq2,train
D31-2_24,activated_stellate,celseq2,train
D29-2_43,gamma,celseq2,train
human3_lib3.final_cell_0215,beta,inDrop3,train
Sample_850,beta,smarter,train
HP1507101_J7,acinar,smartseq2,test
D31-5_62,alpha,celseq2,test
Sample_1357,alpha,smarter,test
HP1504901_D16,alpha,smartseq2,train
Sample_695,beta,smarter,test
D17TGFB_37,ductal,celseq,train
HP1507101_F21,alpha,smartseq2,validation
D29-3_54,alpha,celseq2,train
human3_lib1.final_cell_0528,beta,inDrop3,train
D31-5_4,acinar,celseq2,test
human4_lib3.final_cell_0387,beta,inDrop4,train
human3_lib1.final_cell_0343,beta,inDrop3,test
human3_lib4.final_cell_0191,ductal,inDrop3,validation
HP1508501T2D_M20,alpha,smartseq2,train
human2_lib1.final_cell_0484,beta,inDrop2,train
human2_lib2.final_cell_0519,beta,inDrop2,train
D31-6_43,acinar,celseq2,train
human3_lib3.final_cell_0885,mast,inDrop3,train
HP1507101_C15,beta,smartseq2,train
human3_lib2.final_cell_0085,beta,inDrop3,train
human3_lib1.final_cell_0497,alpha,inDrop3,train
HP1526901T2D_C17,beta,smartseq2,train
Sample_994,alpha,smarter,train
D30-6_38,beta,celseq2,train
D30-4_39,alpha,celseq2,test
HP1526901T2D_J11,ductal,smartseq2,train
human1_lib1.final_cell_0214,beta,inDrop1,train
human3_lib4.final_cell_0826,ductal,inDrop3,train
D17TGFB_23,acinar,celseq,test
human3_lib3.final_cell_0713,alpha,inDrop3,train
human1_lib1.final_cell_0003,acinar,inDrop1,train
10th_C6_S88,gamma,fluidigmc1,train
human1_lib2.final_cell_0134,delta,inDrop1,validation
human4_lib3.final_cell_0383,alpha,inDrop4,train
human2_lib3.final_cell_0014,delta,inDrop2,train
human1_lib1.final_cell_0523,beta,inDrop1,validation
human4_lib1.final_cell_0498,alpha,inDrop4,train
human4_lib3.final_cell_0392,beta,inDrop4,validation
HP1525301T2D_L13,ductal,smartseq2,train
human3_lib3.final_cell_0730,alpha,inDrop3,validation
human1_lib1.final_cell_0283,beta,inDrop1,test
human1_lib3.final_cell_0595,quiescent_stellate,inDrop1,test
human2_lib3.final_cell_0116,alpha,inDrop2,train
human3_lib4.final_cell_0241,alpha,inDrop3,train
human4_lib3.final_cell_0492,beta,inDrop4,train
human2_lib2.final_cell_0059,alpha,inDrop2,train
HP1507101_P11,alpha,smartseq2,train
human1_lib2.final_cell_0003,delta,inDrop1,train
1st-C18_S51,alpha,fluidigmc1,train
human3_lib2.final_cell_0805,macrophage,inDrop3,validation
D101_37,ductal,celseq,train
D31-2_33,alpha,celseq2,train
human1_lib2.final_cell_0041,delta,inDrop1,validation
Sample_247,alpha,smarter,train
human3_lib2.final_cell_0220,delta,inDrop3,validation
D30-6_94,beta,celseq2,train
human3_lib2.final_cell_0622,beta,inDrop3,test
human2_lib2.final_cell_0456,alpha,inDrop2,train
human3_lib2.final_cell_0808,beta,inDrop3,test
D17TGFB_13,alpha,celseq,validation
human2_lib3.final_cell_0203,alpha,inDrop2,train
human1_lib3.final_cell_0688,beta,inDrop1,train
D31-8_60,beta,celseq2,validation
HP1508501T2D_H15,alpha,smartseq2,train
human1_lib1.final_cell_0067,alpha,inDrop1,train
human4_lib3.final_cell_0536,ductal,inDrop4,train
D29-5_75,alpha,celseq2,validation
human2_lib2.final_cell_0064,beta,inDrop2,test
D28-1_89,delta,celseq2,train
human2_lib2.final_cell_0228,alpha,inDrop2,train
D1713_35,ductal,celseq,test
Sample_1592,gamma,smarter,test
HP1508501T2D_E21,alpha,smartseq2,validation
HP1508501T2D_C11,ductal,smartseq2,train
D71_86,beta,celseq,train
human3_lib2.final_cell_0663,beta,inDrop3,train
human1_lib3.final_cell_0682,beta,inDrop1,validation
human2_lib1.final_cell_0457,activated_stellate,inDrop2,validation
human2_lib2.final_cell_0407,alpha,inDrop2,train
human1_lib2.final_cell_0437,quiescent_stellate,inDrop1,train
HP1504101T2D_D13,alpha,smartseq2,train
D10631_67,acinar,celseq,train
D30-5_49,beta,celseq2,train
human3_lib4.final_cell_0514,alpha,inDrop3,validation
human3_lib1.final_cell_0015,acinar,inDrop3,validation
D31-3_60,acinar,celseq2,train
human3_lib4.final_cell_0084,alpha,inDrop3,train
D3en2_72,acinar,celseq,train
human3_lib3.final_cell_0367,beta,inDrop3,train
human3_lib1.final_cell_0805,beta,inDrop3,test
D31-6_36,alpha,celseq2,train
human3_lib1.final_cell_0291,alpha,inDrop3,train
human3_lib1.final_cell_0227,alpha,inDrop3,train
D17All2_38,gamma,celseq,validation
human4_lib1.final_cell_0159,beta,inDrop4,validation
HP1509101_F4,alpha,smartseq2,validation
HP1504101T2D_C12,gamma,smartseq2,train
human3_lib1.final_cell_0779,alpha,inDrop3,train
HP1502401_M3,alpha,smartseq2,test
human2_lib2.final_cell_0041,alpha,inDrop2,train
human2_lib2.final_cell_0186,beta,inDrop2,validation
HP1508501T2D_O3,ductal,smartseq2,train
human2_lib2.final_cell_0086,beta,inDrop2,train
D2ex_20,ductal,celseq,train
D28-3_6,beta,celseq2,train
human3_lib4.final_cell_0845,beta,inDrop3,train
human2_lib3.final_cell_0024,delta,inDrop2,train
human3_lib1.final_cell_0720,endothelial,inDrop3,train
human1_lib3.final_cell_0293,alpha,inDrop1,train
human1_lib3.final_cell_0351,endothelial,inDrop1,train
human1_lib3.final_cell_0423,beta,inDrop1,train
1st-C11_S58,beta,fluidigmc1,train
Sample_323,alpha,smarter,train
D31-6_90,alpha,celseq2,train
human3_lib1.final_cell_0599,ductal,inDrop3,train
D28-6_15,macrophage,celseq2,train
human3_lib4.final_cell_0465,beta,inDrop3,train
D29-2_92,gamma,celseq2,train
human4_lib3.final_cell_0264,activated_stellate,inDrop4,validation
human3_lib3.final_cell_0762,ductal,inDrop3,validation
human2_lib2.final_cell_0300,alpha,inDrop2,train
human2_lib1.final_cell_0125,ductal,inDrop2,train
Sample_1426,alpha,smarter,train
human3_lib4.final_cell_0403,ductal,inDrop3,train
D28-5_1,beta,celseq2,test
D30-6_59,beta,celseq2,train
human1_lib1.final_cell_0057,beta,inDrop1,train
human2_lib3.final_cell_0035,beta,inDrop2,train
D30-1_41,beta,celseq2,train
human1_lib3.final_cell_0614,delta,inDrop1,train
HP1507101_L11,alpha,smartseq2,train
HP1525301T2D_J2,alpha,smartseq2,train
human3_lib4.final_cell_0697,alpha,inDrop3,test
HP1508501T2D_J17,gamma,smartseq2,train
human3_lib4.final_cell_0298,beta,inDrop3,train
human3_lib3.final_cell_0806,activated_stellate,inDrop3,validation
human3_lib2.final_cell_0345,ductal,inDrop3,train
human4_lib3.final_cell_0267,beta,inDrop4,train
human3_lib2.final_cell_0844,alpha,inDrop3,train
human1_lib3.final_cell_0164,beta,inDrop1,train
human4_lib3.final_cell_0018,delta,inDrop4,train
human3_lib1.final_cell_0355,beta,inDrop3,train
human2_lib1.final_cell_0522,beta,inDrop2,validation
human3_lib3.final_cell_0007,acinar,inDrop3,validation
human3_lib2.final_cell_0229,acinar,inDrop3,train
5th-C40_S112,acinar,fluidigmc1,train
D31-3_79,alpha,celseq2,train
human2_lib1.final_cell_0543,beta,inDrop2,train
human2_lib1.final_cell_0008,delta,inDrop2,train
human1_lib1.final_cell_0383,endothelial,inDrop1,train
human3_lib4.final_cell_0158,delta,inDrop3,train
D28-7_77,alpha,celseq2,train
human3_lib4.final_cell_0038,acinar,inDrop3,train
HP1526901T2D_C1,delta,smartseq2,train
HP1525301T2D_E12,activated_stellate,smartseq2,train
human2_lib3.final_cell_0486,alpha,inDrop2,train
Sample_423,alpha,smarter,validation
human3_lib2.final_cell_0376,alpha,inDrop3,validation
Sample_1471,alpha,smarter,train
D31-4_94,beta,celseq2,train
human3_lib1.final_cell_0531,beta,inDrop3,train
human1_lib2.final_cell_0504,alpha,inDrop1,train
D29-7_25,alpha,celseq2,train
human3_lib1.final_cell_0145,delta,inDrop3,validation
HP1525301T2D_C19,ductal,smartseq2,test
HP1509101_L18,endothelial,smartseq2,train
human2_lib1.final_cell_0150,beta,inDrop2,test
D31-3_87,beta,celseq2,train
D29-1_61,activated_stellate,celseq2,train
HP1526901T2D_J3,ductal,smartseq2,train
human3_lib2.final_cell_0049,acinar,inDrop3,train
human3_lib3.final_cell_0287,alpha,inDrop3,train
Sample_360,alpha,smarter,validation
D31-3_71,endothelial,celseq2,train
human3_lib1.final_cell_0127,alpha,inDrop3,train
HP1507101_E16,delta,smartseq2,test
human4_lib3.final_cell_0617,gamma,inDrop4,train
D73_49,ductal,celseq,train
HP1504101T2D_O10,alpha,smartseq2,train
human3_lib4.final_cell_0410,alpha,inDrop3,train
human3_lib3.final_cell_0232,beta,inDrop3,train
D30-3_37,alpha,celseq2,train
human1_lib3.final_cell_0260,gamma,inDrop1,train
D31-7_9,acinar,celseq2,train
human3_lib2.final_cell_0152,alpha,inDrop3,test
human1_lib1.final_cell_0395,beta,inDrop1,test
human3_lib2.final_cell_0177,beta,inDrop3,train
D29-5_43,alpha,celseq2,validation
human3_lib3.final_cell_0777,ductal,inDrop3,train
human4_lib3.final_cell_0224,delta,inDrop4,validation
D30-2_49,delta,celseq2,test
human1_lib3.final_cell_0564,beta,inDrop1,validation
Sample_33,beta,smarter,train
human3_lib3.final_cell_0440,acinar,inDrop3,train
human4_lib1.final_cell_0268,gamma,inDrop4,train
HP1506401_J21,ductal,smartseq2,train
Sample_844,beta,smarter,train
human1_lib3.final_cell_0312,beta,inDrop1,train
human1_lib2.final_cell_0388,beta,inDrop1,validation
D31-3_77,gamma,celseq2,train
D1713_17,ductal,celseq,validation
D31-6_38,delta,celseq2,train
Sample_660,beta,smarter,train
D29-4_60,alpha,celseq2,train
D10631_57,acinar,celseq,train
human4_lib3.final_cell_0559,alpha,inDrop4,train
D17All2_3,acinar,celseq,train
2nd-C36_S69,alpha,fluidigmc1,train
D31-5_68,alpha,celseq2,validation
human1_lib2.final_cell_0195,beta,inDrop1,train
Sample_1312,alpha,smarter,test
D31-8_34,delta,celseq2,train
human4_lib1.final_cell_0283,beta,inDrop4,train
human3_lib3.final_cell_0346,alpha,inDrop3,validation
human3_lib1.final_cell_0390,alpha,inDrop3,test
human1_lib3.final_cell_0380,beta,inDrop1,validation
human2_lib3.final_cell_0210,delta,inDrop2,train
D29-2_61,ductal,celseq2,train
D30-8_91,activated_stellate,celseq2,validation
HP1504101T2D_E14,gamma,smartseq2,validation
D31-6_39,acinar,celseq2,train
human3_lib3.final_cell_0724,ductal,inDrop3,train
D30-8_45,beta,celseq2,train
Sample_1269,alpha,smarter,train
human2_lib1.final_cell_0494,gamma,inDrop2,train
Sample_937,beta,smarter,train
Sample_1001,alpha,smarter,train
human1_lib3.final_cell_0174,alpha,inDrop1,train
9th-C3_S1,beta,fluidigmc1,validation
human1_lib3.final_cell_0094,beta,inDrop1,validation
D28-7_40,beta,celseq2,train
human2_lib1.final_cell_0472,alpha,inDrop2,train
human3_lib2.final_cell_0677,beta,inDrop3,train
D17All1_38,beta,celseq,train
Sample_154,beta,smarter,validation
HP1504101T2D_F14,gamma,smartseq2,validation
human3_lib1.final_cell_0392,activated_stellate,inDrop3,train
human3_lib2.final_cell_0556,alpha,inDrop3,train
HP1526901T2D_B18,delta,smartseq2,train
human1_lib2.final_cell_0571,endothelial,inDrop1,test
D29-6_3,beta,celseq2,train
human3_lib2.final_cell_0206,beta,inDrop3,train
human4_lib1.final_cell_0295,macrophage,inDrop4,train
human3_lib4.final_cell_0439,alpha,inDrop3,train
human2_lib1.final_cell_0012,delta,inDrop2,train
human3_lib2.final_cell_0224,ductal,inDrop3,test
human1_lib2.final_cell_0348,beta,inDrop1,train
human2_lib1.final_cell_0320,alpha,inDrop2,train
HP1502401_A10,beta,smartseq2,test
HP1507101_N18,alpha,smartseq2,train
Sample_854,beta,smarter,train
HP1506401_I18,alpha,smartseq2,train
human3_lib1.final_cell_0313,beta,inDrop3,train
12th-C37_S187,alpha,fluidigmc1,train
D28-7_73,delta,celseq2,validation
HP1507101_P18,alpha,smartseq2,train
human1_lib1.final_cell_0008,acinar,inDrop1,train
Sample_1501,alpha,smarter,train
HP1504901_H17,beta,smartseq2,train
HP1509101_A17,ductal,smartseq2,train
human1_lib2.final_cell_0204,beta,inDrop1,train
D172444_91,alpha,celseq,validation
human3_lib3.final_cell_0217,alpha,inDrop3,test
human4_lib3.final_cell_0483,beta,inDrop4,train
HP1507101_E24,alpha,smartseq2,train
D2ex_9,ductal,celseq,train
human1_lib3.final_cell_0262,beta,inDrop1,test
human4_lib3.final_cell_0417,beta,inDrop4,train
human3_lib4.final_cell_0384,ductal,inDrop3,train
human3_lib4.final_cell_0535,alpha,inDrop3,train
9th-C93_S76,beta,fluidigmc1,train
human1_lib2.final_cell_0513,gamma,inDrop1,validation
human2_lib2.final_cell_0079,alpha,inDrop2,train
human3_lib4.final_cell_0741,quiescent_stellate,inDrop3,train
human2_lib3.final_cell_0273,activated_stellate,inDrop2,train
1st-C20_S12,alpha,fluidigmc1,train
human1_lib3.final_cell_0033,beta,inDrop1,train
Sample_290,alpha,smarter,test
human3_lib2.final_cell_0458,ductal,inDrop3,train
human2_lib3.final_cell_0443,delta,inDrop2,train
Sample_1335,alpha,smarter,train
human2_lib1.final_cell_0218,alpha,inDrop2,train
Sample_368,alpha,smarter,train
human3_lib1.final_cell_0631,alpha,inDrop3,train
human2_lib2.final_cell_0470,alpha,inDrop2,train
HP1507101_K6,alpha,smartseq2,train
human3_lib1.final_cell_0534,alpha,inDrop3,train
Sample_1446,alpha,smarter,train
human2_lib1.final_cell_0398,gamma,inDrop2,test
human4_lib1.final_cell_0264,ductal,inDrop4,train
D30-3_45,acinar,celseq2,train
D28-7_87,ductal,celseq2,validation
human1_lib1.final_cell_0418,ductal,inDrop1,train
human3_lib1.final_cell_0294,beta,inDrop3,test
human2_lib1.final_cell_0217,activated_stellate,inDrop2,train
human1_lib1.final_cell_0245,alpha,inDrop1,train
human3_lib2.final_cell_0178,alpha,inDrop3,train
Sample_763,beta,smarter,train
human1_lib3.final_cell_0470,beta,inDrop1,train
D17TGFB_16,delta,celseq,train
human4_lib1.final_cell_0352,beta,inDrop4,test
human1_lib3.final_cell_0217,ductal,inDrop1,train
D29-7_86,beta,celseq2,train
human2_lib2.final_cell_0009,delta,inDrop2,validation
Sample_2,beta,smarter,validation
D3ex_68,acinar,celseq,train
human3_lib3.final_cell_0807,endothelial,inDrop3,train
human4_lib3.final_cell_0403,beta,inDrop4,train
Sample_1424,alpha,smarter,validation
D30-3_93,alpha,celseq2,train
HP1526901T2D_M21,alpha,smartseq2,test
human3_lib1.final_cell_0251,alpha,inDrop3,train
human3_lib4.final_cell_0610,acinar,inDrop3,validation
human4_lib3.final_cell_0125,ductal,inDrop4,test
HP1502401_J17,ductal,smartseq2,validation
human3_lib4.final_cell_0311,ductal,inDrop3,train
HP1526901T2D_K22,delta,smartseq2,train
human3_lib2.final_cell_0418,beta,inDrop3,train
human3_lib4.final_cell_0805,alpha,inDrop3,train
D28-1_39,alpha,celseq2,validation
human1_lib1.final_cell_0238,beta,inDrop1,train
D172444_10,alpha,celseq,train
D30-1_29,acinar,celseq2,train
Sample_847,beta,smarter,test
human4_lib3.final_cell_0128,alpha,inDrop4,validation
Sample_1507,alpha,smarter,test
D30-3_54,delta,celseq2,train
human3_lib3.final_cell_0642,acinar,inDrop3,train
Sample_163,beta,smarter,validation
human4_lib3.final_cell_0571,beta,inDrop4,train
human2_lib3.final_cell_0530,mast,inDrop2,test
human2_lib2.final_cell_0193,ductal,inDrop2,train
HP1525301T2D_N15,ductal,smartseq2,train
HP1526901T2D_N20,gamma,smartseq2,validation
Sample_349,alpha,smarter,train
HP1508501T2D_B13,alpha,smartseq2,train
human1_lib3.final_cell_0197,ductal,inDrop1,train
human3_lib2.final_cell_0327,alpha,inDrop3,train
12th-C30_S157,beta,fluidigmc1,train
human2_lib1.final_cell_0015,alpha,inDrop2,validation
human3_lib1.final_cell_0473,delta,inDrop3,train
human3_lib4.final_cell_0102,acinar,inDrop3,validation
HP1506401_F21,ductal,smartseq2,train
HP1526901T2D_J14,alpha,smartseq2,train
human4_lib3.final_cell_0543,beta,inDrop4,validation
D31-8_93,alpha,celseq2,train
human3_lib3.final_cell_0101,acinar,inDrop3,train
human3_lib2.final_cell_0685,acinar,inDrop3,test
human2_lib1.final_cell_0499,alpha,inDrop2,validation
human4_lib3.final_cell_0480,beta,inDrop4,test
human3_lib1.final_cell_0351,alpha,inDrop3,test
human3_lib4.final_cell_0078,acinar,inDrop3,validation
D1713_58,acinar,celseq,train
D1713_31,ductal,celseq,train
D3en2_25,acinar,celseq,validation
D74_31,ductal,celseq,test
5th-C14_S97,beta,fluidigmc1,train
D29-2_69,alpha,celseq2,train
human2_lib3.final_cell_0170,ductal,inDrop2,train
1st-C53_S74,alpha,fluidigmc1,train
D30-2_91,alpha,celseq2,train
human1_lib1.final_cell_0019,ductal,inDrop1,train
Sample_565,alpha,smarter,test
D31-8_66,delta,celseq2,train
human1_lib3.final_cell_0332,beta,inDrop1,train
human4_lib1.final_cell_0558,alpha,inDrop4,test
6th-C34_S61,alpha,fluidigmc1,train
D29-8_32,alpha,celseq2,train
HP1525301T2D_D5,ductal,smartseq2,train
D74_41,alpha,celseq,validation
human3_lib1.final_cell_0647,mast,inDrop3,train
HP1506401_H13,alpha,smartseq2,train
Sample_1117,alpha,smarter,train
D28-8_42,macrophage,celseq2,test
HP1525301T2D_O6,alpha,smartseq2,train
D29-1_88,beta,celseq2,train
D28-6_65,alpha,celseq2,test
HP1506401_C4,beta,smartseq2,train
human3_lib1.final_cell_0616,alpha,inDrop3,train
HP1525301T2D_C22,ductal,smartseq2,test
D31-2_68,ductal,celseq2,test
Sample_166,beta,smarter,validation
human3_lib1.final_cell_0628,acinar,inDrop3,train
D30-4_26,delta,celseq2,train
human3_lib3.final_cell_0633,alpha,inDrop3,train
human3_lib4.final_cell_0482,beta,inDrop3,train
Sample_1186,alpha,smarter,train
HP1506401_F23,ductal,smartseq2,test
D73_17,alpha,celseq,train
human3_lib1.final_cell_0807,alpha,inDrop3,train
D30-1_23,alpha,celseq2,train
human3_lib1.final_cell_0595,alpha,inDrop3,train
Sample_685,beta,smarter,train
HP1504901_K6,alpha,smartseq2,train
HP1525301T2D_L14,beta,smartseq2,validation
D74_16,beta,celseq,train
HP1507101_F2,alpha,smartseq2,train
D29-4_19,beta,celseq2,train
D73_96,ductal,celseq,train
human3_lib1.final_cell_0739,endothelial,inDrop3,train
Sample_1495,alpha,smarter,train
human1_lib3.final_cell_0309,alpha,inDrop1,train
human3_lib4.final_cell_0375,alpha,inDrop3,train
human3_lib4.final_cell_0832,activated_stellate,inDrop3,train
human3_lib3.final_cell_0408,beta,inDrop3,train
human3_lib3.final_cell_0086,beta,inDrop3,train
Sample_127,beta,smarter,test
human3_lib4.final_cell_0027,acinar,inDrop3,validation
human3_lib3.final_cell_0471,ductal,inDrop3,train
D1713_19,beta,celseq,validation
human4_lib3.final_cell_0489,beta,inDrop4,test
human4_lib3.final_cell_0102,alpha,inDrop4,train
human1_lib2.final_cell_0476,endothelial,inDrop1,test
D31-7_12,alpha,celseq2,train
Sample_192,beta,smarter,train
9th-C36_S59,endothelial,fluidigmc1,train
human2_lib3.final_cell_0318,ductal,inDrop2,train
human1_lib3.final_cell_0010,delta,inDrop1,validation
Sample_1489,alpha,smarter,test
5th-C68_S106,alpha,fluidigmc1,train
human3_lib1.final_cell_0068,alpha,inDrop3,train
human3_lib1.final_cell_0023,acinar,inDrop3,test
human2_lib2.final_cell_0583,schwann,inDrop2,train
human1_lib3.final_cell_0422,beta,inDrop1,validation
D29-6_30,delta,celseq2,test
5th-C16_S98,beta,fluidigmc1,train
human2_lib3.final_cell_0013,ductal,inDrop2,validation
HP1506401_D2,ductal,smartseq2,test
human2_lib1.final_cell_0491,alpha,inDrop2,train
human2_lib1.final_cell_0041,alpha,inDrop2,train
human4_lib3.final_cell_0299,gamma,inDrop4,train
D31-5_89,acinar,celseq2,train
D29-6_32,beta,celseq2,train
human2_lib1.final_cell_0422,macrophage,inDrop2,train
D28-8_78,ductal,celseq2,train
D31-3_54,gamma,celseq2,validation
human4_lib3.final_cell_0231,alpha,inDrop4,train
Sample_540,alpha,smarter,train
human2_lib3.final_cell_0317,delta,inDrop2,train
human3_lib1.final_cell_0206,ductal,inDrop3,test
human3_lib4.final_cell_0133,acinar,inDrop3,train
D31-1_60,alpha,celseq2,validation
D31-6_74,alpha,celseq2,test
human3_lib2.final_cell_0499,beta,inDrop3,train
human4_lib3.final_cell_0570,gamma,inDrop4,train
Sample_272,alpha,smarter,train
human1_lib2.final_cell_0334,gamma,inDrop1,train
HP1504101T2D_C16,epsilon,smartseq2,train
human3_lib4.final_cell_0267,ductal,inDrop3,validation
human3_lib3.final_cell_0154,activated_stellate,inDrop3,train
D172444_67,beta,celseq,train
D1713_63,acinar,celseq,test
D17All1_91,beta,celseq,train
human1_lib1.final_cell_0515,endothelial,inDrop1,validation
human3_lib2.final_cell_0012,acinar,inDrop3,train
HP1508501T2D_N19,ductal,smartseq2,test
2nd-C81_S64,beta,fluidigmc1,train
human4_lib1.final_cell_0310,alpha,inDrop4,train
human4_lib1.final_cell_0231,macrophage,inDrop4,train
D30-6_83,delta,celseq2,train
D28-1_29,alpha,celseq2,train
HP1508501T2D_O10,alpha,smartseq2,train
human3_lib1.final_cell_0300,acinar,inDrop3,validation
human4_lib3.final_cell_0398,beta,inDrop4,train
human4_lib1.final_cell_0428,alpha,inDrop4,train
HP1526901T2D_D16,alpha,smartseq2,test
human2_lib3.final_cell_0354,activated_stellate,inDrop2,train
human3_lib2.final_cell_0270,acinar,inDrop3,train
human4_lib1.final_cell_0416,alpha,inDrop4,train
human3_lib4.final_cell_0224,acinar,inDrop3,train
D29-8_72,delta,celseq2,test
human3_lib3.final_cell_0237,gamma,inDrop3,train
human3_lib4.final_cell_0231,alpha,inDrop3,train
human1_lib1.final_cell_0209,ductal,inDrop1,train
human4_lib1.final_cell_0253,beta,inDrop4,train
human1_lib3.final_cell_0556,beta,inDrop1,train
D172444_8,alpha,celseq,train
human3_lib4.final_cell_0448,alpha,inDrop3,train
HP1525301T2D_E19,gamma,smartseq2,train
Sample_1147,alpha,smarter,train
HP1526901T2D_A22,delta,smartseq2,train
HP1525301T2D_I18,ductal,smartseq2,train
human4_lib3.final_cell_0029,beta,inDrop4,train
human2_lib1.final_cell_0496,alpha,inDrop2,train
Sample_705,beta,smarter,test
human4_lib1.final_cell_0281,alpha,inDrop4,train
human3_lib4.final_cell_0673,acinar,inDrop3,train
D29-7_90,alpha,celseq2,train
human1_lib2.final_cell_0620,endothelial,inDrop1,train
human2_lib3.final_cell_0005,ductal,inDrop2,test
3rd-C42_S74,activated_stellate,fluidigmc1,train
D30-4_37,alpha,celseq2,train
Sample_348,alpha,smarter,validation
human4_lib3.final_cell_0020,ductal,inDrop4,train
human1_lib3.final_cell_0508,acinar,inDrop1,train
human1_lib2.final_cell_0516,beta,inDrop1,train
human1_lib3.final_cell_0483,delta,inDrop1,train
D172444_53,alpha,celseq,train
D29-6_33,gamma,celseq2,train
human3_lib3.final_cell_0620,alpha,inDrop3,train
D73_4,beta,celseq,train
Sample_897,beta,smarter,train
human2_lib1.final_cell_0475,beta,inDrop2,train
human3_lib1.final_cell_0316,beta,inDrop3,train
human2_lib3.final_cell_0564,activated_stellate,inDrop2,train
human3_lib1.final_cell_0864,endothelial,inDrop3,train
D30-1_58,alpha,celseq2,train
HP1507101_C14,alpha,smartseq2,train
D31-5_75,acinar,celseq2,validation
human2_lib3.final_cell_0390,alpha,inDrop2,train
Sample_727,beta,smarter,train
human3_lib3.final_cell_0382,ductal,inDrop3,train
Sample_1271,alpha,smarter,validation
HP1506401_E19,ductal,smartseq2,train
D30-2_16,alpha,celseq2,test
human1_lib3.final_cell_0097,beta,inDrop1,train
D30-8_69,acinar,celseq2,train
Sample_230,alpha,smarter,train
human1_lib1.final_cell_0443,ductal,inDrop1,train
human2_lib3.final_cell_0006,alpha,inDrop2,train
HP1507101_I2,alpha,smartseq2,train
human4_lib3.final_cell_0188,alpha,inDrop4,test
Sample_30,beta,smarter,train
Sample_615,gamma,smarter,train
Sample_1093,alpha,smarter,validation
D29-4_53,alpha,celseq2,train
HP1506401_B3,gamma,smartseq2,train
human4_lib1.final_cell_0151,beta,inDrop4,train
human1_lib2.final_cell_0096,beta,inDrop1,train
human3_lib4.final_cell_0746,acinar,inDrop3,train
HP1525301T2D_N21,gamma,smartseq2,test
D31-8_7,acinar,celseq2,train
human3_lib3.final_cell_0818,acinar,inDrop3,train
human3_lib3.final_cell_0685,acinar,inDrop3,train
human3_lib1.final_cell_0882,alpha,inDrop3,train
human3_lib2.final_cell_0737,macrophage,inDrop3,train
D2ex_82,ductal,celseq,train
human1_lib2.final_cell_0294,alpha,inDrop1,train
human3_lib1.final_cell_0289,alpha,inDrop3,train
4th-C57_S18,alpha,fluidigmc1,train
human4_lib1.final_cell_0005,ductal,inDrop4,train
HP1525301T2D_D3,ductal,smartseq2,test
human3_lib3.final_cell_0934,beta,inDrop3,test
D3ex_77,delta,celseq,train
human3_lib3.final_cell_0387,beta,inDrop3,train
human2_lib1.final_cell_0323,ductal,inDrop2,train
human3_lib4.final_cell_0471,alpha,inDrop3,train
human2_lib3.final_cell_0132,beta,inDrop2,validation
13th_C6_S177,alpha,fluidigmc1,train
human1_lib3.final_cell_0473,alpha,inDrop1,train
D29-4_34,alpha,celseq2,validation
human1_lib2.final_cell_0478,ductal,inDrop1,train
human2_lib1.final_cell_0056,beta,inDrop2,validation
3rd-C85_S79,alpha,fluidigmc1,train
human3_lib2.final_cell_0051,acinar,inDrop3,validation
human3_lib2.final_cell_0571,alpha,inDrop3,train
human3_lib3.final_cell_0140,beta,inDrop3,train
human1_lib2.final_cell_0117,beta,inDrop1,validation
human3_lib1.final_cell_0341,ductal,inDrop3,train
10th_C1_S59,beta,fluidigmc1,train
D29-8_39,alpha,celseq2,train
human3_lib4.final_cell_0017,acinar,inDrop3,validation
D29-2_8,alpha,celseq2,train
human3_lib2.final_cell_0609,delta,inDrop3,validation
human2_lib1.final_cell_0152,activated_stellate,inDrop2,train
human2_lib1.final_cell_0159,ductal,inDrop2,train
D29-8_67,macrophage,celseq2,train
D2ex_7,ductal,celseq,train
human3_lib3.final_cell_0735,acinar,inDrop3,test
human1_lib3.final_cell_0304,beta,inDrop1,train
Sample_833,beta,smarter,train
human4_lib3.final_cell_0104,ductal,inDrop4,train
human4_lib1.final_cell_0467,beta,inDrop4,train
Sample_273,alpha,smarter,train
D28-4_53,acinar,celseq2,train
human2_lib3.final_cell_0557,beta,inDrop2,test
D2ex_71,ductal,celseq,train
D3en4_42,acinar,celseq,train
Sample_1040,alpha,smarter,test
11th-C44_S15,beta,fluidigmc1,test
D29-2_67,alpha,celseq2,train
human3_lib2.final_cell_0822,alpha,inDrop3,train
human3_lib1.final_cell_0658,alpha,inDrop3,test
HP1525301T2D_P19,ductal,smartseq2,test
D31-2_7,alpha,celseq2,train
D28-6_43,quiescent_stellate,celseq2,test
human3_lib1.final_cell_0106,delta,inDrop3,test
human3_lib2.final_cell_0362,alpha,inDrop3,test
D3en4_61,ductal,celseq,validation
human3_lib3.final_cell_0410,alpha,inDrop3,train
human1_lib3.final_cell_0593,beta,inDrop1,validation
3rd-C27_S49,alpha,fluidigmc1,train
D30-1_26,beta,celseq2,test
human4_lib3.final_cell_0034,beta,inDrop4,train
human3_lib1.final_cell_0088,activated_stellate,inDrop3,train
D2ex_57,ductal,celseq,train
D29-5_82,alpha,celseq2,train
human1_lib1.final_cell_0362,gamma,inDrop1,train
human3_lib2.final_cell_0072,acinar,inDrop3,train
7th-C58_S20,alpha,fluidigmc1,train
human3_lib1.final_cell_0844,ductal,inDrop3,train
D28-7_85,ductal,celseq2,validation
HP1502401_H2,alpha,smartseq2,validation
D30-2_89,delta,celseq2,validation
human3_lib3.final_cell_0034,delta,inDrop3,train
HP1507101_M20,alpha,smartseq2,train
human3_lib1.final_cell_0797,alpha,inDrop3,test
Sample_1315,alpha,smarter,train
human1_lib3.final_cell_0131,beta,inDrop1,train
D31-5_83,activated_stellate,celseq2,train
HP1508501T2D_B11,alpha,smartseq2,validation
HP1506401_E15,alpha,smartseq2,train
D29-2_65,ductal,celseq2,train
human3_lib2.final_cell_0778,quiescent_stellate,inDrop3,test
human3_lib4.final_cell_0583,beta,inDrop3,test
D74_14,acinar,celseq,train
HP1504101T2D_F19,alpha,smartseq2,validation
human3_lib4.final_cell_0042,beta,inDrop3,validation
Sample_1480,alpha,smarter,train
human2_lib2.final_cell_0562,quiescent_stellate,inDrop2,train
Sample_188,beta,smarter,train
D28-5_26,ductal,celseq2,train
human3_lib1.final_cell_0123,acinar,inDrop3,train
human2_lib3.final_cell_0555,beta,inDrop2,validation
human2_lib1.final_cell_0554,alpha,inDrop2,train
HP1504901_B4,delta,smartseq2,train
Sample_1546,delta,smarter,train
HP1525301T2D_P16,activated_stellate,smartseq2,train
human1_lib3.final_cell_0258,activated_stellate,inDrop1,train
D30-1_35,alpha,celseq2,validation
human3_lib2.final_cell_0763,acinar,inDrop3,train
human2_lib1.final_cell_0192,ductal,inDrop2,train
human2_lib2.final_cell_0246,beta,inDrop2,train
human1_lib3.final_cell_0031,acinar,inDrop1,test
human3_lib4.final_cell_0702,alpha,inDrop3,train
human3_lib4.final_cell_0598,beta,inDrop3,train
HP1502401_J4,alpha,smartseq2,validation
D28-5_2,gamma,celseq2,train
Sample_24,beta,smarter,train
human1_lib1.final_cell_0503,delta,inDrop1,train
human3_lib2.final_cell_0405,alpha,inDrop3,train
HP1509101_N6,ductal,smartseq2,validation
human2_lib3.final_cell_0394,beta,inDrop2,train
12th-C65_S170,beta,fluidigmc1,validation
human3_lib4.final_cell_0068,acinar,inDrop3,train
human1_lib3.final_cell_0723,quiescent_stellate,inDrop1,train
D31-5_15,beta,celseq2,train
D30-2_46,beta,celseq2,train
HP1525301T2D_J5,acinar,smartseq2,train
human2_lib3.final_cell_0002,delta,inDrop2,train
human3_lib2.final_cell_0644,beta,inDrop3,train
human1_lib3.final_cell_0280,beta,inDrop1,train
human3_lib2.final_cell_0503,alpha,inDrop3,train
human3_lib2.final_cell_0180,acinar,inDrop3,train
human3_lib1.final_cell_0283,beta,inDrop3,test
D30-7_9,alpha,celseq2,train
D29-2_81,beta,celseq2,train
D73_37,acinar,celseq,train
D30-5_84,alpha,celseq2,train
human4_lib1.final_cell_0048,alpha,inDrop4,train
human3_lib1.final_cell_0317,beta,inDrop3,train
human2_lib1.final_cell_0047,alpha,inDrop2,validation
D31-7_37,alpha,celseq2,train
human2_lib3.final_cell_0097,quiescent_stellate,inDrop2,train
D71_12,ductal,celseq,validation
D172444_57,alpha,celseq,train
human3_lib2.final_cell_0029,acinar,inDrop3,validation
human2_lib1.final_cell_0333,beta,inDrop2,train
human3_lib2.final_cell_0838,ductal,inDrop3,train
HP1509101_I12,ductal,smartseq2,train
D31-2_60,gamma,celseq2,validation
D31-6_79,ductal,celseq2,train
human1_lib2.final_cell_0027,beta,inDrop1,train
human1_lib3.final_cell_0434,beta,inDrop1,train
human3_lib4.final_cell_0447,ductal,inDrop3,train
HP1504101T2D_D1,gamma,smartseq2,validation
Sample_1262,alpha,smarter,test
human3_lib3.final_cell_0689,beta,inDrop3,train
Sample_1320,alpha,smarter,train
D30-4_79,beta,celseq2,validation
HP1504101T2D_I23,alpha,smartseq2,test
D30-1_39,beta,celseq2,train
human3_lib1.final_cell_0543,beta,inDrop3,train
human1_lib3.final_cell_0156,acinar,inDrop1,test
D29-2_10,delta,celseq2,train
human2_lib1.final_cell_0154,alpha,inDrop2,test
human3_lib2.final_cell_0715,ductal,inDrop3,train
human3_lib2.final_cell_0790,beta,inDrop3,train
human3_lib3.final_cell_0674,ductal,inDrop3,test
human2_lib3.final_cell_0279,activated_stellate,inDrop2,test
HP1502401_O10,ductal,smartseq2,validation
human3_lib4.final_cell_0638,ductal,inDrop3,train
3rd-C79_S67,alpha,fluidigmc1,train
HP1506401_B20,activated_stellate,smartseq2,validation
Sample_1444,alpha,smarter,train
HP1502401_F21,beta,smartseq2,train
human3_lib4.final_cell_0052,ductal,inDrop3,validation
human3_lib3.final_cell_0251,beta,inDrop3,train
D101_17,ductal,celseq,train
human2_lib3.final_cell_0157,alpha,inDrop2,train
Sample_153,beta,smarter,train
HP1525301T2D_C5,alpha,smartseq2,train
human3_lib2.final_cell_0136,delta,inDrop3,test
human1_lib3.final_cell_0732,beta,inDrop1,train
D2ex_68,ductal,celseq,train
human2_lib1.final_cell_0002,delta,inDrop2,validation
9th-C28_S50,delta,fluidigmc1,train
D30-8_23,alpha,celseq2,train
human3_lib4.final_cell_0524,ductal,inDrop3,train
human1_lib2.final_cell_0146,beta,inDrop1,validation
D29-2_18,beta,celseq2,train
human3_lib2.final_cell_0669,alpha,inDrop3,train
human4_lib3.final_cell_0244,beta,inDrop4,train
HP1508501T2D_B10,gamma,smartseq2,train
3rd-C11_S58,beta,fluidigmc1,train
HP1509101_E24,ductal,smartseq2,train
human3_lib1.final_cell_0748,alpha,inDrop3,test
HP1525301T2D_N23,alpha,smartseq2,train
D3en4_46,acinar,celseq,train
human4_lib1.final_cell_0276,beta,inDrop4,test
human1_lib2.final_cell_0390,alpha,inDrop1,validation
D28-4_4,acinar,celseq2,train
human3_lib1.final_cell_0495,ductal,inDrop3,train
HP1502401_C1,acinar,smartseq2,train
D17All1_40,beta,celseq,train
human2_lib3.final_cell_0527,gamma,inDrop2,train
human2_lib3.final_cell_0401,alpha,inDrop2,validation
Sample_777,beta,smarter,train
HP1509101_L3,ductal,smartseq2,train
D29-2_19,gamma,celseq2,test
human3_lib2.final_cell_0112,acinar,inDrop3,validation
HP1508501T2D_C19,ductal,smartseq2,validation
human2_lib2.final_cell_0496,beta,inDrop2,test
human4_lib1.final_cell_0227,beta,inDrop4,train
Sample_1467,alpha,smarter,test
Sample_1091,alpha,smarter,test
human3_lib2.final_cell_0649,alpha,inDrop3,train
human1_lib3.final_cell_0021,activated_stellate,inDrop1,train
HP1504101T2D_I8,alpha,smartseq2,test
human3_lib2.final_cell_0706,alpha,inDrop3,train
human2_lib3.final_cell_0153,alpha,inDrop2,validation
D31-8_26,gamma,celseq2,train
human4_lib1.final_cell_0156,beta,inDrop4,train
D74_36,beta,celseq,train
D30-3_30,alpha,celseq2,train
human4_lib1.final_cell_0537,beta,inDrop4,train
human4_lib3.final_cell_0073,alpha,inDrop4,validation
4th-C64_S34,alpha,fluidigmc1,train
HP1504101T2D_K2,gamma,smartseq2,train
human1_lib1.final_cell_0348,alpha,inDrop1,train
Sample_1496,alpha,smarter,train
human1_lib3.final_cell_0559,beta,inDrop1,train
HP1502401_A12,alpha,smartseq2,train
human1_lib1.final_cell_0437,ductal,inDrop1,train
human3_lib3.final_cell_0749,ductal,inDrop3,validation
HP1507101_H15,alpha,smartseq2,train
human3_lib4.final_cell_0882,alpha,inDrop3,validation
human3_lib2.final_cell_0175,beta,inDrop3,train
human2_lib1.final_cell_0558,ductal,inDrop2,train
human1_lib1.final_cell_0567,ductal,inDrop1,train
D73_1,alpha,celseq,train
HP1502401_A24,delta,smartseq2,train
human1_lib3.final_cell_0526,beta,inDrop1,train
Sample_1295,alpha,smarter,test
human3_lib3.final_cell_0902,delta,inDrop3,train
human3_lib2.final_cell_0696,alpha,inDrop3,train
D31-6_88,alpha,celseq2,train
D29-1_90,gamma,celseq2,validation
HP1509101_B13,beta,smartseq2,train
human2_lib3.final_cell_0534,beta,inDrop2,validation
human2_lib3.final_cell_0500,activated_stellate,inDrop2,validation
D28-3_42,alpha,celseq2,test
D3en1_63,beta,celseq,train
human2_lib3.final_cell_0176,alpha,inDrop2,validation
HP1507101_K3,alpha,smartseq2,train
HP1507101_D6,beta,smartseq2,validation
human2_lib1.final_cell_0229,alpha,inDrop2,train
AZ_G6,delta,smartseq2,train
human2_lib1.final_cell_0236,beta,inDrop2,train
human3_lib3.final_cell_0710,alpha,inDrop3,train
human4_lib3.final_cell_0487,beta,inDrop4,train
D31-3_57,alpha,celseq2,train
human1_lib2.final_cell_0237,beta,inDrop1,train
human2_lib3.final_cell_0219,alpha,inDrop2,validation
D17All1_28,gamma,celseq,test
human1_lib1.final_cell_0541,quiescent_stellate,inDrop1,train
D30-3_25,alpha,celseq2,train
Sample_1200,alpha,smarter,train
human2_lib2.final_cell_0141,beta,inDrop2,train
D172444_19,acinar,celseq,train
human3_lib1.final_cell_0032,acinar,inDrop3,train
6th-C2_S2,beta,fluidigmc1,train
human4_lib1.final_cell_0066,activated_stellate,inDrop4,train
human4_lib3.final_cell_0677,ductal,inDrop4,test
Sample_1347,alpha,smarter,train
human4_lib1.final_cell_0212,ductal,inDrop4,train
D17All2_4,ductal,celseq,train
D73_22,beta,celseq,train
AZ_B3,alpha,smartseq2,validation
8th-C59_S102,alpha,fluidigmc1,train
D28-1_5,ductal,celseq2,train
HP1508501T2D_N18,gamma,smartseq2,train
human2_lib1.final_cell_0219,beta,inDrop2,train
human3_lib1.final_cell_0897,endothelial,inDrop3,test
human3_lib2.final_cell_0202,alpha,inDrop3,test
human3_lib3.final_cell_0501,beta,inDrop3,train
3rd-C76_S22,alpha,fluidigmc1,train
D73_69,alpha,celseq,train
human4_lib1.final_cell_0409,beta,inDrop4,test
D2ex_13,acinar,celseq,train
human3_lib4.final_cell_0475,beta,inDrop3,train
human3_lib3.final_cell_0688,alpha,inDrop3,train
human3_lib3.final_cell_0842,ductal,inDrop3,train
human3_lib3.final_cell_0057,acinar,inDrop3,test
D29-1_45,delta,celseq2,train
human4_lib3.final_cell_0002,delta,inDrop4,train
D2ex_73,ductal,celseq,train
human1_lib2.final_cell_0093,endothelial,inDrop1,train
human3_lib4.final_cell_0056,acinar,inDrop3,train
human1_lib1.final_cell_0302,endothelial,inDrop1,train
D29-6_17,alpha,celseq2,validation
human2_lib2.final_cell_0324,alpha,inDrop2,train
D31-2_92,beta,celseq2,train
HP1504101T2D_O20,alpha,smartseq2,train
human3_lib3.final_cell_0637,acinar,inDrop3,train
HP1508501T2D_B4,alpha,smartseq2,train
HP1506401_J15,acinar,smartseq2,train
human2_lib1.final_cell_0183,beta,inDrop2,train
human2_lib2.final_cell_0577,alpha,inDrop2,train
human3_lib3.final_cell_0552,alpha,inDrop3,train
human3_lib4.final_cell_0190,acinar,inDrop3,train
human2_lib3.final_cell_0188,alpha,inDrop2,train
human1_lib1.final_cell_0422,endothelial,inDrop1,train
D28-3_31,acinar,celseq2,train
4th-C88_S84,alpha,fluidigmc1,test
human1_lib3.final_cell_0725,beta,inDrop1,train
D29-4_39,beta,celseq2,train
human2_lib1.final_cell_0068,beta,inDrop2,train
human4_lib3.final_cell_0637,gamma,inDrop4,train
Sample_627,gamma,smarter,train
human4_lib3.final_cell_0425,gamma,inDrop4,train
HP1508501T2D_M19,alpha,smartseq2,validation
D3en4_31,acinar,celseq,train
HP1525301T2D_I2,alpha,smartseq2,train
human1_lib1.final_cell_0490,delta,inDrop1,train
human3_lib4.final_cell_0139,acinar,inDrop3,test
D31-6_9,acinar,celseq2,validation
D73_89,ductal,celseq,train
D29-2_46,delta,celseq2,train
human3_lib1.final_cell_0079,acinar,inDrop3,train
Sample_308,alpha,smarter,train
human3_lib2.final_cell_0565,alpha,inDrop3,train
human1_lib1.final_cell_0062,alpha,inDrop1,train
human1_lib3.final_cell_0057,macrophage,inDrop1,train
D17All2_77,ductal,celseq,train
human3_lib1.final_cell_0372,alpha,inDrop3,test
human1_lib3.final_cell_0004,acinar,inDrop1,validation
D31-6_58,beta,celseq2,train
human4_lib3.final_cell_0624,beta,inDrop4,train
D74_69,ductal,celseq,train
human1_lib3.final_cell_0044,ductal,inDrop1,train
human1_lib1.final_cell_0502,alpha,inDrop1,train
human4_lib3.final_cell_0496,ductal,inDrop4,train
human2_lib2.final_cell_0369,ductal,inDrop2,train
Sample_1525,delta,smarter,train
D31-8_2,alpha,celseq2,validation
HP1509101_P22,ductal,smartseq2,train
Sample_505,alpha,smarter,train
human3_lib2.final_cell_0515,alpha,inDrop3,validation
D28-4_14,quiescent_stellate,celseq2,test
D30-7_77,alpha,celseq2,validation
12th-C85_S137,beta,fluidigmc1,train
human3_lib4.final_cell_0339,ductal,inDrop3,train
D29-7_73,alpha,celseq2,train
D10631_34,ductal,celseq,train
D30-3_28,alpha,celseq2,train
human3_lib1.final_cell_0517,ductal,inDrop3,test
human4_lib1.final_cell_0032,ductal,inDrop4,train
D3en1_68,acinar,celseq,train
human1_lib1.final_cell_0354,gamma,inDrop1,train
human4_lib3.final_cell_0301,beta,inDrop4,train
human1_lib3.final_cell_0642,beta,inDrop1,train
D28-8_62,ductal,celseq2,train
Sample_1030,alpha,smarter,test
human1_lib2.final_cell_0273,delta,inDrop1,train
HP1502401_K17,alpha,smartseq2,test
human1_lib2.final_cell_0326,ductal,inDrop1,train
human3_lib2.final_cell_0516,ductal,inDrop3,train
D30-2_76,acinar,celseq2,validation
7th-C1_S3,beta,fluidigmc1,train
D31-3_80,beta,celseq2,train
human1_lib3.final_cell_0245,alpha,inDrop1,train
D28-8_37,ductal,celseq2,train
human2_lib1.final_cell_0052,alpha,inDrop2,train
D30-6_3,activated_stellate,celseq2,train
HP1506401_L9,acinar,smartseq2,train
Sample_860,beta,smarter,train
D10631_48,acinar,celseq,validation
HP1508501T2D_M16,quiescent_stellate,smartseq2,train
human4_lib3.final_cell_0485,alpha,inDrop4,train
D30-3_26,alpha,celseq2,train
Sample_1311,alpha,smarter,train
human4_lib1.final_cell_0060,ductal,inDrop4,train
human1_lib3.final_cell_0199,alpha,inDrop1,train
HP1506401_J9,acinar,smartseq2,test
human2_lib3.final_cell_0277,alpha,inDrop2,train
human3_lib2.final_cell_0434,beta,inDrop3,validation
D29-6_69,alpha,celseq2,test
Sample_739,beta,smarter,train
D2ex_14,ductal,celseq,test
D31-8_1,delta,celseq2,test
human1_lib2.final_cell_0280,beta,inDrop1,train
D30-2_72,alpha,celseq2,train
human3_lib2.final_cell_0123,acinar,inDrop3,train
HP1509101_I5,alpha,smartseq2,test
human3_lib1.final_cell_0706,ductal,inDrop3,train
human4_lib3.final_cell_0192,beta,inDrop4,train
Sample_842,beta,smarter,train
human3_lib4.final_cell_0229,beta,inDrop3,train
human3_lib2.final_cell_0263,beta,inDrop3,train
human1_lib1.final_cell_0120,beta,inDrop1,train
human4_lib3.final_cell_0513,gamma,inDrop4,validation
human3_lib1.final_cell_0638,alpha,inDrop3,validation
human4_lib3.final_cell_0278,beta,inDrop4,validation
human2_lib1.final_cell_0451,alpha,inDrop2,train
human3_lib1.final_cell_0724,ductal,inDrop3,train
human3_lib4.final_cell_0297,alpha,inDrop3,validation
human2_lib2.final_cell_0394,macrophage,inDrop2,validation
AZ_B8,acinar,smartseq2,test
human4_lib1.final_cell_0067,alpha,inDrop4,test
HP1507101_I15,alpha,smartseq2,test
human3_lib1.final_cell_0203,beta,inDrop3,train
HP1508501T2D_H9,ductal,smartseq2,train
D17TGFB_22,acinar,celseq,train
HP1507101_O12,ductal,smartseq2,train
human3_lib1.final_cell_0696,beta,inDrop3,train
human2_lib2.final_cell_0575,beta,inDrop2,train
human1_lib1.final_cell_0229,delta,inDrop1,train
human3_lib4.final_cell_0851,alpha,inDrop3,train
Sample_697,beta,smarter,test
D29-5_18,alpha,celseq2,train
human1_lib2.final_cell_0485,beta,inDrop1,train
D71_43,alpha,celseq,train
D2ex_69,acinar,celseq,train
human3_lib1.final_cell_0564,ductal,inDrop3,test
human3_lib3.final_cell_0032,alpha,inDrop3,test
human2_lib1.final_cell_0057,beta,inDrop2,train
human3_lib2.final_cell_0786,alpha,inDrop3,train
D102_54,acinar,celseq,train
D31-3_76,alpha,celseq2,test
Sample_722,beta,smarter,train
human3_lib2.final_cell_0864,beta,inDrop3,test
human4_lib3.final_cell_0218,delta,inDrop4,validation
human2_lib1.final_cell_0054,beta,inDrop2,train
D28-8_51,ductal,celseq2,train
human1_lib3.final_cell_0636,alpha,inDrop1,train
HP1507101_K13,activated_stellate,smartseq2,test
human3_lib3.final_cell_0916,beta,inDrop3,train
HP1504101T2D_B3,beta,smartseq2,train
human3_lib1.final_cell_0737,alpha,inDrop3,test
human1_lib2.final_cell_0628,alpha,inDrop1,train
human3_lib3.final_cell_0038,acinar,inDrop3,train
D31-1_53,beta,celseq2,train
human3_lib4.final_cell_0152,alpha,inDrop3,train
human1_lib3.final_cell_0475,alpha,inDrop1,validation
human4_lib3.final_cell_0340,alpha,inDrop4,validation
HP1508501T2D_J9,alpha,smartseq2,test
D29-5_48,beta,celseq2,validation
human4_lib3.final_cell_0309,ductal,inDrop4,train
D29-8_27,alpha,celseq2,train
human3_lib3.final_cell_0421,alpha,inDrop3,train
Sample_547,alpha,smarter,test
human2_lib3.final_cell_0239,gamma,inDrop2,train
HP1504901_A9,alpha,smartseq2,train
human3_lib4.final_cell_0116,alpha,inDrop3,train
HP1506401_F8,beta,smartseq2,train
human3_lib1.final_cell_0001,acinar,inDrop3,train
human1_lib2.final_cell_0130,activated_stellate,inDrop1,train
D30-8_6,beta,celseq2,train
13th_C54_S212,alpha,fluidigmc1,test
human2_lib2.final_cell_0373,alpha,inDrop2,train
human1_lib2.final_cell_0103,ductal,inDrop1,train
human3_lib3.final_cell_0495,acinar,inDrop3,test
human4_lib1.final_cell_0071,activated_stellate,inDrop4,train
human3_lib3.final_cell_0246,beta,inDrop3,train
HP1509101_M12,alpha,smartseq2,train
D30-6_85,alpha,celseq2,train
D30-6_14,beta,celseq2,validation
human3_lib4.final_cell_0135,acinar,inDrop3,train
D29-1_16,delta,celseq2,train
D30-4_87,alpha,celseq2,train
human4_lib3.final_cell_0530,ductal,inDrop4,train
human3_lib2.final_cell_0736,alpha,inDrop3,test
human3_lib3.final_cell_0326,delta,inDrop3,train
Sample_142,beta,smarter,train
human3_lib2.final_cell_0480,alpha,inDrop3,test
human3_lib2.final_cell_0471,alpha,inDrop3,train
D29-4_47,ductal,celseq2,train
D30-7_73,alpha,celseq2,test
human1_lib3.final_cell_0341,alpha,inDrop1,validation
human3_lib3.final_cell_0332,beta,inDrop3,train
human3_lib1.final_cell_0576,ductal,inDrop3,train
human2_lib3.final_cell_0007,beta,inDrop2,test
D17All1_4,alpha,celseq,train
D29-7_56,alpha,celseq2,train
human1_lib1.final_cell_0190,beta,inDrop1,test
human2_lib3.final_cell_0021,alpha,inDrop2,train
Sample_560,alpha,smarter,validation
human3_lib3.final_cell_0384,alpha,inDrop3,validation
human3_lib3.final_cell_0294,alpha,inDrop3,train
D30-7_47,alpha,celseq2,validation
HP1502401_K15,alpha,smartseq2,test
human3_lib3.final_cell_0909,beta,inDrop3,train
human1_lib2.final_cell_0455,ductal,inDrop1,test
human1_lib3.final_cell_0594,epsilon,inDrop1,train
human3_lib3.final_cell_0719,ductal,inDrop3,train
human4_lib3.final_cell_0191,ductal,inDrop4,train
Sample_828,beta,smarter,train
human1_lib3.final_cell_0738,endothelial,inDrop1,train
human4_lib1.final_cell_0181,ductal,inDrop4,test
human4_lib3.final_cell_0071,ductal,inDrop4,test
human1_lib1.final_cell_0193,beta,inDrop1,train
human4_lib1.final_cell_0029,ductal,inDrop4,train
HP1504901_A2,alpha,smartseq2,validation
HP1502401_D8,alpha,smartseq2,train
human1_lib3.final_cell_0611,quiescent_stellate,inDrop1,train
human1_lib1.final_cell_0178,delta,inDrop1,test
HP1502401_M23,alpha,smartseq2,train
human2_lib1.final_cell_0369,alpha,inDrop2,train
D30-8_59,beta,celseq2,train
human1_lib3.final_cell_0103,beta,inDrop1,train
D29-1_59,alpha,celseq2,train
Sample_1265,alpha,smarter,validation
human1_lib1.final_cell_0444,acinar,inDrop1,train
human2_lib2.final_cell_0042,beta,inDrop2,test
D1713_59,ductal,celseq,train
human3_lib2.final_cell_0807,beta,inDrop3,validation
human2_lib2.final_cell_0433,alpha,inDrop2,train
human2_lib2.final_cell_0455,alpha,inDrop2,validation
human1_lib3.final_cell_0605,alpha,inDrop1,test
human3_lib4.final_cell_0343,activated_stellate,inDrop3,train
human2_lib1.final_cell_0241,alpha,inDrop2,test
human1_lib3.final_cell_0145,beta,inDrop1,validation
human2_lib2.final_cell_0027,alpha,inDrop2,train
Sample_797,beta,smarter,validation
human2_lib2.final_cell_0427,delta,inDrop2,train
human4_lib3.final_cell_0110,delta,inDrop4,train
human3_lib2.final_cell_0843,quiescent_stellate,inDrop3,train
Sample_1026,alpha,smarter,test
human1_lib1.final_cell_0246,delta,inDrop1,train
D31-3_84,alpha,celseq2,train
human2_lib2.final_cell_0567,alpha,inDrop2,train
HP1506401_N1,acinar,smartseq2,train
human4_lib1.final_cell_0235,activated_stellate,inDrop4,train
HP1525301T2D_C6,ductal,smartseq2,train
human3_lib4.final_cell_0383,acinar,inDrop3,train
human2_lib2.final_cell_0493,alpha,inDrop2,train
HP1504901_J22,alpha,smartseq2,validation
HP1502401_H16,alpha,smartseq2,validation
human3_lib2.final_cell_0826,beta,inDrop3,train
human3_lib4.final_cell_0698,ductal,inDrop3,train
HP1508501T2D_F17,alpha,smartseq2,train
human1_lib1.final_cell_0311,beta,inDrop1,train
human3_lib2.final_cell_0664,alpha,inDrop3,train
human3_lib2.final_cell_0046,acinar,inDrop3,train
human2_lib3.final_cell_0315,ductal,inDrop2,test
D172444_87,alpha,celseq,train
human2_lib1.final_cell_0203,alpha,inDrop2,train
D31-4_84,alpha,celseq2,train
D29-4_9,alpha,celseq2,train
human3_lib4.final_cell_0666,alpha,inDrop3,train
D17TGFB_29,ductal,celseq,train
human3_lib2.final_cell_0785,alpha,inDrop3,train
human4_lib1.final_cell_0024,delta,inDrop4,train
HP1525301T2D_F23,beta,smartseq2,validation
HP1526901T2D_A24,ductal,smartseq2,validation
human4_lib3.final_cell_0296,ductal,inDrop4,validation
human2_lib3.final_cell_0112,ductal,inDrop2,train
Sample_1135,alpha,smarter,train
HP1506401_N20,beta,smartseq2,train
human2_lib1.final_cell_0019,alpha,inDrop2,train
Sample_26,beta,smarter,train
human1_lib2.final_cell_0421,delta,inDrop1,test
human3_lib2.final_cell_0017,acinar,inDrop3,test
HP1526901T2D_B17,alpha,smartseq2,train
human3_lib1.final_cell_0413,alpha,inDrop3,train
D31-2_52,beta,celseq2,train
human3_lib2.final_cell_0317,delta,inDrop3,train
Sample_1079,alpha,smarter,train
human2_lib3.final_cell_0402,beta,inDrop2,train
human3_lib2.final_cell_0860,beta,inDrop3,test
D30-1_49,alpha,celseq2,validation
HP1526901T2D_K7,beta,smartseq2,train
HP1502401_J7,mast,smartseq2,validation
Sample_1036,alpha,smarter,train
human1_lib3.final_cell_0599,alpha,inDrop1,train
human2_lib1.final_cell_0028,ductal,inDrop2,train
human2_lib2.final_cell_0019,alpha,inDrop2,test
human3_lib2.final_cell_0209,ductal,inDrop3,train
HP1526901T2D_M1,alpha,smartseq2,train
HP1502401_C21,beta,smartseq2,test
HP1507101_O3,beta,smartseq2,train
human4_lib3.final_cell_0565,alpha,inDrop4,test
human4_lib1.final_cell_0021,beta,inDrop4,train
human1_lib1.final_cell_0270,alpha,inDrop1,train
5th-C7_S93,alpha,fluidigmc1,test
Sample_879,beta,smarter,train
Sample_1161,alpha,smarter,train
HP1508501T2D_D24,ductal,smartseq2,train
human4_lib1.final_cell_0203,alpha,inDrop4,train
human2_lib2.final_cell_0365,ductal,inDrop2,train
D30-7_16,alpha,celseq2,train
HP1504101T2D_I20,alpha,smartseq2,train
12th-C33_S200,beta,fluidigmc1,train
D31-4_2,delta,celseq2,test
human3_lib2.final_cell_0865,beta,inDrop3,train
human2_lib1.final_cell_0030,ductal,inDrop2,train
human1_lib1.final_cell_0021,beta,inDrop1,test
human3_lib2.final_cell_0126,acinar,inDrop3,validation
D29-3_13,delta,celseq2,train
HP1504901_G4,beta,smartseq2,train
human3_lib4.final_cell_0881,alpha,inDrop3,test
human3_lib3.final_cell_0401,beta,inDrop3,train
human2_lib2.final_cell_0319,alpha,inDrop2,test
HP1526901T2D_L11,alpha,smartseq2,train
D31-8_94,ductal,celseq2,train
human1_lib2.final_cell_0086,beta,inDrop1,train
HP1508501T2D_P2,acinar,smartseq2,test
human3_lib3.final_cell_0354,acinar,inDrop3,train
human4_lib3.final_cell_0066,beta,inDrop4,train
human3_lib1.final_cell_0169,alpha,inDrop3,train
D17All2_54,ductal,celseq,validation
human3_lib2.final_cell_0752,ductal,inDrop3,validation
human3_lib3.final_cell_0680,acinar,inDrop3,train
human1_lib2.final_cell_0087,beta,inDrop1,train
HP1507101_H23,alpha,smartseq2,train
human3_lib4.final_cell_0464,alpha,inDrop3,train
Sample_503,alpha,smarter,train
HP1504101T2D_O24,ductal,smartseq2,train
HP1507101_N19,alpha,smartseq2,validation
D29-8_86,alpha,celseq2,validation
Sample_1066,alpha,smarter,train
HP1509101_L19,delta,smartseq2,train
HP1508501T2D_C9,macrophage,smartseq2,test
D172444_31,alpha,celseq,train
human3_lib2.final_cell_0868,ductal,inDrop3,train
human1_lib1.final_cell_0243,beta,inDrop1,validation
Sample_1077,alpha,smarter,train
6th-C89_S77,beta,fluidigmc1,validation
human3_lib3.final_cell_0772,alpha,inDrop3,train
D31-4_50,alpha,celseq2,test
D31-2_17,ductal,celseq2,train
human3_lib3.final_cell_0208,acinar,inDrop3,test
Sample_623,gamma,smarter,validation
human3_lib4.final_cell_0848,alpha,inDrop3,validation
human2_lib3.final_cell_0040,alpha,inDrop2,train
human2_lib2.final_cell_0574,ductal,inDrop2,train
HP1506401_I13,acinar,smartseq2,validation
Sample_1224,alpha,smarter,test
Sample_124,beta,smarter,validation
human3_lib4.final_cell_0121,ductal,inDrop3,train
Sample_972,alpha,smarter,validation
human2_lib1.final_cell_0461,gamma,inDrop2,validation
human1_lib3.final_cell_0243,activated_stellate,inDrop1,train
D30-8_43,alpha,celseq2,train
HP1526901T2D_H22,beta,smartseq2,train
12th-C25_S185,beta,fluidigmc1,train
D30-3_18,delta,celseq2,train
Sample_802,beta,smarter,train
human3_lib1.final_cell_0532,beta,inDrop3,validation
D73_12,beta,celseq,train
HP1526901T2D_A17,alpha,smartseq2,test
Sample_405,alpha,smarter,train
human1_lib1.final_cell_0063,beta,inDrop1,test
human3_lib1.final_cell_0841,ductal,inDrop3,test
HP1504901_N13,beta,smartseq2,validation
human3_lib1.final_cell_0398,acinar,inDrop3,test
human1_lib1.final_cell_0363,beta,inDrop1,train
D31-1_29,beta,celseq2,validation
HP1508501T2D_J24,beta,smartseq2,train
D29-7_5,acinar,celseq2,train
human3_lib2.final_cell_0269,acinar,inDrop3,test
human3_lib4.final_cell_0491,ductal,inDrop3,train
D29-1_29,alpha,celseq2,test
D17TGFB_47,acinar,celseq,train
D29-2_37,alpha,celseq2,train
human2_lib1.final_cell_0177,ductal,inDrop2,train
human3_lib1.final_cell_0886,beta,inDrop3,train
HP1507101_G10,ductal,smartseq2,train
human4_lib1.final_cell_0126,beta,inDrop4,train
human3_lib3.final_cell_0786,beta,inDrop3,train
HP1526901T2D_N13,beta,smartseq2,validation
human3_lib2.final_cell_0818,acinar,inDrop3,train
human3_lib2.final_cell_0517,alpha,inDrop3,train
human3_lib4.final_cell_0373,beta,inDrop3,train
7th-C12_S17,beta,fluidigmc1,train
D30-3_48,alpha,celseq2,train
D30-7_68,alpha,celseq2,train
human1_lib3.final_cell_0005,activated_stellate,inDrop1,train
human1_lib2.final_cell_0486,alpha,inDrop1,test
human1_lib2.final_cell_0519,quiescent_stellate,inDrop1,train
D30-2_21,alpha,celseq2,train
human3_lib1.final_cell_0516,delta,inDrop3,train
human1_lib3.final_cell_0689,beta,inDrop1,train
HP1507101_I16,alpha,smartseq2,validation
Sample_1254,alpha,smarter,train
Sample_788,beta,smarter,train
D30-6_61,ductal,celseq2,train
human4_lib3.final_cell_0149,beta,inDrop4,train
HP1526901T2D_A11,ductal,smartseq2,test
D31-7_51,alpha,celseq2,validation
4th-C94_S96,alpha,fluidigmc1,validation
human4_lib1.final_cell_0121,beta,inDrop4,test
Sample_680,beta,smarter,train
D31-8_44,alpha,celseq2,validation
human3_lib3.final_cell_0546,ductal,inDrop3,test
human2_lib3.final_cell_0554,beta,inDrop2,validation
human3_lib1.final_cell_0149,beta,inDrop3,train
D29-8_90,beta,celseq2,validation
HP1502401_H11,beta,smartseq2,train
human4_lib3.final_cell_0019,alpha,inDrop4,train
human1_lib3.final_cell_0200,beta,inDrop1,train
HP1509101_I18,alpha,smartseq2,train
HP1507101_L2,alpha,smartseq2,train
Sample_1275,alpha,smarter,train
Sample_351,alpha,smarter,train
D31-5_44,alpha,celseq2,test
D30-8_13,alpha,celseq2,train
human1_lib1.final_cell_0300,beta,inDrop1,train
human3_lib2.final_cell_0288,alpha,inDrop3,train
human4_lib1.final_cell_0284,alpha,inDrop4,train
Sample_1153,alpha,smarter,train
D30-5_32,beta,celseq2,test
D10631_90,ductal,celseq,train
human4_lib3.final_cell_0561,alpha,inDrop4,train
Sample_533,alpha,smarter,train
D74_44,activated_stellate,celseq,train
human2_lib2.final_cell_0283,delta,inDrop2,test
human3_lib4.final_cell_0689,beta,inDrop3,test
human3_lib1.final_cell_0190,acinar,inDrop3,train
human3_lib4.final_cell_0165,acinar,inDrop3,test
3rd-C86_S85,delta,fluidigmc1,validation
human1_lib3.final_cell_0047,beta,inDrop1,train
D17TGFB_73,alpha,celseq,train
HP1504101T2D_I18,alpha,smartseq2,validation
human2_lib1.final_cell_0487,beta,inDrop2,test
human1_lib1.final_cell_0328,beta,inDrop1,train
human1_lib2.final_cell_0219,beta,inDrop1,train
D31-3_22,delta,celseq2,train
human3_lib2.final_cell_0430,alpha,inDrop3,train
2nd-C25_S49,delta,fluidigmc1,test
D31-6_10,alpha,celseq2,train
human4_lib3.final_cell_0047,delta,inDrop4,test
HP1507101_F3,alpha,smartseq2,train
D28-2_13,ductal,celseq2,test
D73_33,alpha,celseq,train
human1_lib1.final_cell_0285,alpha,inDrop1,test
human3_lib3.final_cell_0152,acinar,inDrop3,train
human3_lib4.final_cell_0681,gamma,inDrop3,validation
human4_lib3.final_cell_0381,beta,inDrop4,test
D73_71,ductal,celseq,validation
HP1506401_H3,acinar,smartseq2,train
human1_lib2.final_cell_0077,beta,inDrop1,train
Sample_375,alpha,smarter,train
D29-7_75,beta,celseq2,train
human1_lib1.final_cell_0478,beta,inDrop1,train
D28-3_89,beta,celseq2,train
D30-3_67,beta,celseq2,train
human1_lib1.final_cell_0557,ductal,inDrop1,train
HP1504101T2D_K18,alpha,smartseq2,validation
human3_lib2.final_cell_0234,beta,inDrop3,train
human3_lib4.final_cell_0700,beta,inDrop3,train
human3_lib3.final_cell_0559,alpha,inDrop3,test
human1_lib3.final_cell_0567,quiescent_stellate,inDrop1,validation
D31-6_69,acinar,celseq2,train
D30-3_13,beta,celseq2,train
D17All1_86,ductal,celseq,validation
human4_lib1.final_cell_0333,alpha,inDrop4,train
human3_lib4.final_cell_0573,alpha,inDrop3,train
human3_lib2.final_cell_0115,acinar,inDrop3,validation
D28-4_77,beta,celseq2,test
HP1508501T2D_N13,acinar,smartseq2,train
human2_lib3.final_cell_0085,alpha,inDrop2,train
human3_lib1.final_cell_0266,alpha,inDrop3,train
human2_lib1.final_cell_0307,ductal,inDrop2,train
D30-7_78,alpha,celseq2,validation
D31-6_91,alpha,celseq2,validation
human3_lib4.final_cell_0051,acinar,inDrop3,train
human3_lib4.final_cell_0625,alpha,inDrop3,train
human3_lib3.final_cell_0160,acinar,inDrop3,train
D17All2_52,alpha,celseq,train
human4_lib3.final_cell_0153,alpha,inDrop4,validation
human3_lib2.final_cell_0601,alpha,inDrop3,train
human1_lib3.final_cell_0030,acinar,inDrop1,validation
human3_lib3.final_cell_0862,quiescent_stellate,inDrop3,train
5th-C83_S111,delta,fluidigmc1,train
human3_lib3.final_cell_0562,gamma,inDrop3,train
human1_lib3.final_cell_0623,acinar,inDrop1,train
2nd-C1_S3,alpha,fluidigmc1,train
human2_lib2.final_cell_0277,ductal,inDrop2,train
human3_lib4.final_cell_0407,acinar,inDrop3,train
human3_lib3.final_cell_0425,alpha,inDrop3,train
D28-5_31,acinar,celseq2,test
human1_lib3.final_cell_0352,beta,inDrop1,train
human3_lib2.final_cell_0352,beta,inDrop3,test
human3_lib4.final_cell_0452,beta,inDrop3,train
human3_lib3.final_cell_0486,alpha,inDrop3,train
10th_C77_S120,activated_stellate,fluidigmc1,train
8th-C61_S107,beta,fluidigmc1,train
human2_lib1.final_cell_0534,ductal,inDrop2,train
human3_lib1.final_cell_0204,acinar,inDrop3,train
human2_lib1.final_cell_0064,alpha,inDrop2,train
human3_lib4.final_cell_0830,alpha,inDrop3,train
human4_lib3.final_cell_0452,gamma,inDrop4,train
Sample_646,gamma,smarter,validation
HP1508501T2D_O11,acinar,smartseq2,train
human1_lib1.final_cell_0205,alpha,inDrop1,train
9th-C59_S20,beta,fluidigmc1,train
human2_lib2.final_cell_0030,ductal,inDrop2,train
Sample_1420,alpha,smarter,train
D28-3_63,ductal,celseq2,test
human1_lib3.final_cell_0105,beta,inDrop1,train
12th-C8_S189,beta,fluidigmc1,train
Sample_953,alpha,smarter,train
6th-C64_S30,beta,fluidigmc1,train
human3_lib3.final_cell_0314,beta,inDrop3,train
human3_lib2.final_cell_0554,alpha,inDrop3,train
HP1504901_H6,alpha,smartseq2,train
AZ_E5,alpha,smartseq2,train
D17All1_48,ductal,celseq,train
Sample_1576,gamma,smarter,train
HP1504101T2D_C17,alpha,smartseq2,train
HP1526901T2D_I19,delta,smartseq2,train
human1_lib2.final_cell_0469,activated_stellate,inDrop1,validation
D72_88,alpha,celseq,test
human4_lib1.final_cell_0019,ductal,inDrop4,train
Sample_1214,alpha,smarter,train
human3_lib4.final_cell_0376,alpha,inDrop3,train
human1_lib3.final_cell_0640,quiescent_stellate,inDrop1,train
human3_lib1.final_cell_0414,beta,inDrop3,validation
human1_lib3.final_cell_0449,endothelial,inDrop1,train
D2ex_42,acinar,celseq,train
human2_lib1.final_cell_0386,alpha,inDrop2,train
human2_lib1.final_cell_0546,ductal,inDrop2,train
D17TGFB_5,ductal,celseq,train
D30-1_45,beta,celseq2,train
D17All1_92,acinar,celseq,validation
D31-2_38,acinar,celseq2,test
human3_lib2.final_cell_0702,delta,inDrop3,train
HP1504101T2D_E22,alpha,smartseq2,train
human4_lib3.final_cell_0429,beta,inDrop4,train
human3_lib4.final_cell_0695,ductal,inDrop3,train
human3_lib2.final_cell_0323,ductal,inDrop3,train
HP1525301T2D_E16,alpha,smartseq2,test
human3_lib1.final_cell_0425,alpha,inDrop3,train
1st-C96_S94,beta,fluidigmc1,train
human2_lib3.final_cell_0214,alpha,inDrop2,train
human1_lib2.final_cell_0292,acinar,inDrop1,train
HP1509101_I10,alpha,smartseq2,train
human2_lib1.final_cell_0319,ductal,inDrop2,validation
Sample_785,beta,smarter,test
human3_lib2.final_cell_0393,alpha,inDrop3,validation
D31-5_35,alpha,celseq2,train
D17All2_48,ductal,celseq,train
human4_lib3.final_cell_0443,gamma,inDrop4,validation
D10631_61,alpha,celseq,train
D30-7_3,beta,celseq2,train
HP1508501T2D_O13,acinar,smartseq2,test
HP1508501T2D_J16,ductal,smartseq2,train
D102_26,acinar,celseq,train
D28-4_67,acinar,celseq2,test
Sample_809,beta,smarter,train
human3_lib3.final_cell_0025,acinar,inDrop3,test
D31-2_19,activated_stellate,celseq2,train
HP1504901_K14,gamma,smartseq2,train
Sample_754,beta,smarter,train
Sample_1037,alpha,smarter,train
Sample_143,beta,smarter,train
human3_lib1.final_cell_0524,activated_stellate,inDrop3,train
human3_lib3.final_cell_0700,beta,inDrop3,train
HP1507101_I24,alpha,smartseq2,validation
HP1526901T2D_J21,beta,smartseq2,train
human1_lib2.final_cell_0597,beta,inDrop1,train
HP1506401_I8,alpha,smartseq2,train
human3_lib1.final_cell_0620,alpha,inDrop3,test
human4_lib1.final_cell_0320,alpha,inDrop4,train
D29-2_66,beta,celseq2,train
HP1502401_H23,ductal,smartseq2,train
human3_lib3.final_cell_0904,endothelial,inDrop3,validation
human4_lib3.final_cell_0518,beta,inDrop4,train
human2_lib1.final_cell_0205,ductal,inDrop2,validation
human3_lib3.final_cell_0105,beta,inDrop3,train
D17All1_22,beta,celseq,train
human3_lib2.final_cell_0801,alpha,inDrop3,train
HP1506401_M6,gamma,smartseq2,train
human2_lib2.final_cell_0521,beta,inDrop2,train
D28-6_39,ductal,celseq2,train
D172444_13,alpha,celseq,train
human1_lib1.final_cell_0163,gamma,inDrop1,train
human1_lib2.final_cell_0612,activated_stellate,inDrop1,test
D30-8_22,ductal,celseq2,validation
D29-3_78,beta,celseq2,train
human2_lib1.final_cell_0500,quiescent_stellate,inDrop2,test
D30-2_71,beta,celseq2,train
Sample_1188,alpha,smarter,train
Sample_1336,alpha,smarter,train
D30-3_56,ductal,celseq2,train
D17All2_55,beta,celseq,train
human1_lib3.final_cell_0588,beta,inDrop1,train
Sample_1248,alpha,smarter,train
HP1507101_E10,alpha,smartseq2,validation
HP1508501T2D_F8,ductal,smartseq2,validation
human4_lib1.final_cell_0503,beta,inDrop4,train
D28-6_3,beta,celseq2,train
human4_lib3.final_cell_0049,ductal,inDrop4,train
human4_lib3.final_cell_0426,alpha,inDrop4,train
D29-4_85,alpha,celseq2,train
3rd-C65_S20,beta,fluidigmc1,train
human3_lib3.final_cell_0432,beta,inDrop3,train
human2_lib1.final_cell_0055,alpha,inDrop2,train
Sample_109,beta,smarter,train
HP1506401_D14,acinar,smartseq2,validation
human1_lib1.final_cell_0011,acinar,inDrop1,train
D28-8_25,alpha,celseq2,validation
HP1502401_N2,acinar,smartseq2,train
human4_lib3.final_cell_0553,beta,inDrop4,test
HP1507101_L14,alpha,smartseq2,validation
D17All2_74,alpha,celseq,train
Sample_427,alpha,smarter,test
human3_lib4.final_cell_0667,acinar,inDrop3,test
human3_lib1.final_cell_0441,alpha,inDrop3,validation
human3_lib3.final_cell_0317,alpha,inDrop3,train
human3_lib2.final_cell_0399,ductal,inDrop3,train
HP1502401_L18,ductal,smartseq2,train
HP1507101_L1,activated_stellate,smartseq2,train
Sample_1076,alpha,smarter,train
11th-C43_S7,ductal,fluidigmc1,train
human1_lib1.final_cell_0347,beta,inDrop1,validation
human4_lib1.final_cell_0339,beta,inDrop4,train
Sample_1121,alpha,smarter,train
human3_lib4.final_cell_0394,ductal,inDrop3,train
human3_lib2.final_cell_0599,ductal,inDrop3,test
D17TGFB_34,ductal,celseq,train
D71_31,ductal,celseq,train
human2_lib1.final_cell_0246,delta,inDrop2,test
human1_lib2.final_cell_0073,beta,inDrop1,validation
human3_lib1.final_cell_0232,alpha,inDrop3,train
D71_42,beta,celseq,test
human1_lib3.final_cell_0676,endothelial,inDrop1,train
human1_lib2.final_cell_0594,quiescent_stellate,inDrop1,train
D28-4_37,alpha,celseq2,test
Sample_936,beta,smarter,train
human3_lib3.final_cell_0567,alpha,inDrop3,train
human2_lib1.final_cell_0189,gamma,inDrop2,test
Sample_1388,alpha,smarter,train
D31-4_67,activated_stellate,celseq2,train
human3_lib1.final_cell_0756,ductal,inDrop3,train
D74_91,ductal,celseq,train
D29-8_11,beta,celseq2,test
D30-2_94,alpha,celseq2,train
D1713_65,ductal,celseq,validation
D3en2_26,acinar,celseq,train
human3_lib3.final_cell_0009,acinar,inDrop3,train
human1_lib1.final_cell_0102,alpha,inDrop1,train
human2_lib3.final_cell_0225,alpha,inDrop2,train
D71_79,delta,celseq,train
HP1526901T2D_N7,acinar,smartseq2,train
HP1504901_C23,gamma,smartseq2,train
human1_lib1.final_cell_0224,beta,inDrop1,train
human2_lib2.final_cell_0351,gamma,inDrop2,test
human2_lib1.final_cell_0415,alpha,inDrop2,train
D71_48,delta,celseq,validation
HP1526901T2D_G7,alpha,smartseq2,train
HP1507101_N24,alpha,smartseq2,train
4th-C14_S26,beta,fluidigmc1,train
3rd-C52_S86,alpha,fluidigmc1,train
D17All1_96,ductal,celseq,test
human4_lib1.final_cell_0009,ductal,inDrop4,train
Sample_217,alpha,smarter,train
D30-8_63,acinar,celseq2,train
human3_lib1.final_cell_0363,alpha,inDrop3,train
human3_lib1.final_cell_0752,beta,inDrop3,train
human3_lib2.final_cell_0056,acinar,inDrop3,train
HP1506401_L5,beta,smartseq2,train
HP1504101T2D_N24,alpha,smartseq2,validation
human3_lib2.final_cell_0548,alpha,inDrop3,train
human1_lib3.final_cell_0361,alpha,inDrop1,train
human2_lib2.final_cell_0554,alpha,inDrop2,validation
HP1507101_N16,alpha,smartseq2,train
D17All1_37,delta,celseq,validation
human4_lib1.final_cell_0277,beta,inDrop4,train
Sample_71,beta,smarter,validation
human1_lib3.final_cell_0646,beta,inDrop1,train
HP1525301T2D_D6,acinar,smartseq2,train
human1_lib2.final_cell_0120,beta,inDrop1,train
Sample_62,beta,smarter,train
human4_lib3.final_cell_0006,ductal,inDrop4,train
Sample_80,beta,smarter,train
human1_lib1.final_cell_0182,acinar,inDrop1,test
Sample_938,beta,smarter,validation
HP1504901_J6,alpha,smartseq2,test
Sample_1491,alpha,smarter,test
human4_lib3.final_cell_0122,activated_stellate,inDrop4,train
human3_lib2.final_cell_0120,acinar,inDrop3,validation
human3_lib2.final_cell_0478,alpha,inDrop3,test
D73_8,ductal,celseq,train
Sample_1256,alpha,smarter,train
HP1526901T2D_J13,alpha,smartseq2,train
human3_lib4.final_cell_0193,beta,inDrop3,train
D31-4_81,alpha,celseq2,train
human1_lib2.final_cell_0036,delta,inDrop1,train
human2_lib3.final_cell_0479,beta,inDrop2,train
Sample_904,beta,smarter,train
D30-1_93,beta,celseq2,train
D172444_62,alpha,celseq,train
human4_lib3.final_cell_0535,beta,inDrop4,train
Sample_508,alpha,smarter,train
HP1525301T2D_M8,alpha,smartseq2,validation
HP1526901T2D_B3,ductal,smartseq2,train
human4_lib1.final_cell_0251,ductal,inDrop4,test
Sample_468,alpha,smarter,train
human1_lib3.final_cell_0421,beta,inDrop1,train
human3_lib3.final_cell_0315,alpha,inDrop3,validation
D2ex_12,ductal,celseq,test
D2ex_83,ductal,celseq,train
HP1509101_I11,beta,smartseq2,train
human3_lib1.final_cell_0581,alpha,inDrop3,train
human4_lib3.final_cell_0295,alpha,inDrop4,train
HP1525301T2D_C13,ductal,smartseq2,train
HP1504901_K20,delta,smartseq2,train
human2_lib1.final_cell_0248,gamma,inDrop2,train
Sample_1206,alpha,smarter,train
12th-C95_S174,alpha,fluidigmc1,train
human3_lib2.final_cell_0552,alpha,inDrop3,train
human1_lib2.final_cell_0447,beta,inDrop1,train
human3_lib3.final_cell_0028,acinar,inDrop3,train
human2_lib1.final_cell_0272,delta,inDrop2,train
HP1508501T2D_A16,alpha,smartseq2,train
human1_lib1.final_cell_0380,endothelial,inDrop1,validation
human3_lib1.final_cell_0451,alpha,inDrop3,train
D73_23,ductal,celseq,train
human2_lib1.final_cell_0115,beta,inDrop2,test
human3_lib3.final_cell_0285,delta,inDrop3,train
D17All2_19,delta,celseq,train
human1_lib1.final_cell_0512,beta,inDrop1,train
HP1502401_F12,alpha,smartseq2,train
HP1507101_C8,alpha,smartseq2,validation
HP1525301T2D_N18,beta,smartseq2,train
human2_lib3.final_cell_0281,ductal,inDrop2,train
D28-6_19,acinar,celseq2,train
human2_lib2.final_cell_0422,alpha,inDrop2,test
D30-2_12,alpha,celseq2,train
D172444_21,beta,celseq,train
HP1526901T2D_N10,alpha,smartseq2,train
HP1508501T2D_E20,activated_stellate,smartseq2,train
D31-7_33,alpha,celseq2,train
Sample_687,beta,smarter,train
Sample_384,alpha,smarter,train
Sample_832,beta,smarter,train
D31-1_25,acinar,celseq2,validation
human3_lib1.final_cell_0165,delta,inDrop3,validation
human3_lib1.final_cell_0007,acinar,inDrop3,validation
human3_lib3.final_cell_0927,beta,inDrop3,train
HP1525301T2D_L20,ductal,smartseq2,train
human1_lib3.final_cell_0248,alpha,inDrop1,train
HP1525301T2D_H8,alpha,smartseq2,train
HP1504101T2D_J22,gamma,smartseq2,validation
human2_lib2.final_cell_0482,alpha,inDrop2,validation
HP1526901T2D_A14,beta,smartseq2,train
human1_lib3.final_cell_0025,acinar,inDrop1,train
Sample_454,alpha,smarter,train
D72_4,ductal,celseq,train
D71_23,ductal,celseq,train
D28-6_52,alpha,celseq2,train
human2_lib3.final_cell_0163,alpha,inDrop2,test
human1_lib2.final_cell_0460,quiescent_stellate,inDrop1,train
human3_lib1.final_cell_0745,alpha,inDrop3,train
human4_lib3.final_cell_0391,beta,inDrop4,train
human3_lib4.final_cell_0743,alpha,inDrop3,train
Sample_1109,alpha,smarter,train
D29-4_29,alpha,celseq2,test
human3_lib2.final_cell_0510,alpha,inDrop3,train
D2ex_47,ductal,celseq,train
Sample_989,alpha,smarter,train
human4_lib3.final_cell_0154,delta,inDrop4,train
human3_lib4.final_cell_0806,alpha,inDrop3,train
D2ex_53,ductal,celseq,validation
human3_lib3.final_cell_0737,alpha,inDrop3,train
human2_lib2.final_cell_0481,alpha,inDrop2,train
human3_lib2.final_cell_0468,alpha,inDrop3,test
human4_lib3.final_cell_0330,ductal,inDrop4,train
D28-3_1,quiescent_stellate,celseq2,test
human3_lib3.final_cell_0336,beta,inDrop3,train
D1713_74,ductal,celseq,validation
Sample_168,beta,smarter,train
human3_lib3.final_cell_0539,alpha,inDrop3,train
Sample_25,beta,smarter,validation
human1_lib3.final_cell_0015,delta,inDrop1,train
Sample_816,beta,smarter,train
D1713_30,ductal,celseq,train
HP1525301T2D_N5,ductal,smartseq2,test
human3_lib4.final_cell_0390,alpha,inDrop3,train
human3_lib2.final_cell_0836,delta,inDrop3,train
D30-7_21,beta,celseq2,train
HP1509101_E10,ductal,smartseq2,train
human1_lib3.final_cell_0418,ductal,inDrop1,train
D28-5_30,ductal,celseq2,train
human3_lib3.final_cell_0239,beta,inDrop3,train
human3_lib4.final_cell_0161,beta,inDrop3,test
7th-C90_S73,beta,fluidigmc1,validation
HP1507101_B7,alpha,smartseq2,train
D28-8_87,ductal,celseq2,train
Sample_1229,alpha,smarter,train
HP1506401_G15,acinar,smartseq2,test
D31-7_4,endothelial,celseq2,train
HP1504901_B10,beta,smartseq2,validation
HP1508501T2D_L11,ductal,smartseq2,train
HP1526901T2D_I13,beta,smartseq2,train
D30-5_29,activated_stellate,celseq2,validation
human4_lib3.final_cell_0506,beta,inDrop4,train
D71_73,ductal,celseq,test
HP1504901_A19,alpha,smartseq2,test
D31-7_17,alpha,celseq2,validation
D30-4_94,alpha,celseq2,train
Sample_194,beta,smarter,train
9th-C62_S26,alpha,fluidigmc1,train
human1_lib3.final_cell_0517,beta,inDrop1,train
human3_lib1.final_cell_0175,beta,inDrop3,train
human3_lib3.final_cell_0420,ductal,inDrop3,validation
human3_lib2.final_cell_0064,acinar,inDrop3,train
D29-3_31,alpha,celseq2,train
human1_lib1.final_cell_0351,beta,inDrop1,train
human3_lib4.final_cell_0019,acinar,inDrop3,train
Sample_105,beta,smarter,test
Sample_1176,alpha,smarter,validation
human1_lib2.final_cell_0332,ductal,inDrop1,validation
human3_lib4.final_cell_0753,endothelial,inDrop3,train
HP1509101_P6,ductal,smartseq2,validation
human2_lib2.final_cell_0400,alpha,inDrop2,train
human2_lib1.final_cell_0073,beta,inDrop2,train
human3_lib2.final_cell_0658,alpha,inDrop3,train
Sample_1423,alpha,smarter,train
human4_lib1.final_cell_0379,ductal,inDrop4,train
7th-C4_S8,beta,fluidigmc1,validation
human3_lib3.final_cell_0281,alpha,inDrop3,train
human3_lib3.final_cell_0890,quiescent_stellate,inDrop3,validation
HP1502401_G7,alpha,smartseq2,test
HP1506401_H9,ductal,smartseq2,validation
HP1526901T2D_G18,alpha,smartseq2,train
human2_lib2.final_cell_0043,ductal,inDrop2,train
HP1504101T2D_F24,alpha,smartseq2,train
D17TGFB_66,acinar,celseq,train
human3_lib4.final_cell_0630,beta,inDrop3,train
human4_lib1.final_cell_0045,ductal,inDrop4,train
Sample_1379,alpha,smarter,test
human1_lib2.final_cell_0188,beta,inDrop1,train
D29-4_16,alpha,celseq2,train
HP1525301T2D_L16,ductal,smartseq2,test
human1_lib1.final_cell_0043,delta,inDrop1,train
human3_lib1.final_cell_0821,beta,inDrop3,train
human1_lib2.final_cell_0450,beta,inDrop1,validation
human3_lib4.final_cell_0199,acinar,inDrop3,train
human3_lib3.final_cell_0798,alpha,inDrop3,train
Sample_311,alpha,smarter,train
human2_lib2.final_cell_0382,quiescent_stellate,inDrop2,train
human4_lib1.final_cell_0435,alpha,inDrop4,validation
D31-4_20,alpha,celseq2,train
human3_lib2.final_cell_0817,endothelial,inDrop3,train
D30-6_30,alpha,celseq2,train
D31-7_26,ductal,celseq2,train
D30-3_77,beta,celseq2,train
human1_lib2.final_cell_0015,delta,inDrop1,train
human1_lib3.final_cell_0220,beta,inDrop1,test
human3_lib3.final_cell_0363,acinar,inDrop3,validation
Sample_1318,alpha,smarter,train
human3_lib4.final_cell_0664,alpha,inDrop3,train
Sample_449,alpha,smarter,train
human4_lib1.final_cell_0098,ductal,inDrop4,train
D28-4_87,alpha,celseq2,train
human3_lib4.final_cell_0113,acinar,inDrop3,train
9th-C81_S55,beta,fluidigmc1,validation
human1_lib1.final_cell_0069,delta,inDrop1,train
human3_lib2.final_cell_0508,beta,inDrop3,train
HP1508501T2D_B18,ductal,smartseq2,train
D30-2_26,delta,celseq2,train
D29-4_45,ductal,celseq2,test
D30-4_48,beta,celseq2,train
human1_lib2.final_cell_0118,beta,inDrop1,train
human2_lib1.final_cell_0084,alpha,inDrop2,train
human2_lib2.final_cell_0160,beta,inDrop2,train
human4_lib1.final_cell_0372,ductal,inDrop4,train
D29-8_2,alpha,celseq2,test
D71_53,ductal,celseq,train
HP1502401_L15,alpha,smartseq2,train
human3_lib3.final_cell_0431,alpha,inDrop3,test
human1_lib3.final_cell_0187,beta,inDrop1,validation
HP1526901T2D_I5,beta,smartseq2,train
human3_lib3.final_cell_0084,acinar,inDrop3,train
HP1525301T2D_K6,ductal,smartseq2,train
D3en3_87,ductal,celseq,train
human4_lib1.final_cell_0601,ductal,inDrop4,train
Sample_268,alpha,smarter,validation
Sample_189,beta,smarter,train
human1_lib2.final_cell_0600,quiescent_stellate,inDrop1,validation
D3en3_89,acinar,celseq,train
human3_lib4.final_cell_0764,beta,inDrop3,validation
Sample_354,alpha,smarter,train
human4_lib1.final_cell_0418,beta,inDrop4,train
Sample_1235,alpha,smarter,train
HP1507101_O4,alpha,smartseq2,validation
human2_lib3.final_cell_0268,ductal,inDrop2,train
Sample_721,beta,smarter,train
HP1526901T2D_K6,alpha,smartseq2,train
human1_lib3.final_cell_0472,beta,inDrop1,train
HP1504101T2D_P21,alpha,smartseq2,train
human1_lib3.final_cell_0598,ductal,inDrop1,validation
human3_lib3.final_cell_0676,alpha,inDrop3,test
human3_lib2.final_cell_0337,alpha,inDrop3,validation
Sample_113,beta,smarter,validation
human3_lib1.final_cell_0687,alpha,inDrop3,test
human3_lib3.final_cell_0047,acinar,inDrop3,train
6th-C83_S65,alpha,fluidigmc1,train
D73_56,endothelial,celseq,train
human3_lib3.final_cell_0162,acinar,inDrop3,test
human3_lib4.final_cell_0837,ductal,inDrop3,train
Sample_1169,alpha,smarter,train
human1_lib2.final_cell_0537,ductal,inDrop1,train
human4_lib3.final_cell_0639,ductal,inDrop4,train
human3_lib2.final_cell_0561,alpha,inDrop3,train
Sample_45,beta,smarter,train
human4_lib1.final_cell_0272,beta,inDrop4,validation
human3_lib3.final_cell_0221,acinar,inDrop3,validation
HP1506401_A12,ductal,smartseq2,train
human1_lib2.final_cell_0466,endothelial,inDrop1,train
5th-C66_S101,alpha,fluidigmc1,test
human4_lib1.final_cell_0343,ductal,inDrop4,validation
HP1506401_B11,beta,smartseq2,train
human4_lib1.final_cell_0555,beta,inDrop4,train
D3en1_26,acinar,celseq,train
human3_lib2.final_cell_0094,acinar,inDrop3,validation
human1_lib2.final_cell_0432,alpha,inDrop1,train
D28-8_49,acinar,celseq2,train
human3_lib2.final_cell_0047,acinar,inDrop3,train
human3_lib1.final_cell_0443,beta,inDrop3,validation
human4_lib1.final_cell_0317,delta,inDrop4,train
D31-4_54,alpha,celseq2,train
human3_lib4.final_cell_0228,acinar,inDrop3,train
D73_28,beta,celseq,train
human1_lib2.final_cell_0100,beta,inDrop1,train
human2_lib2.final_cell_0454,beta,inDrop2,test
D17All1_24,ductal,celseq,train
HP1526901T2D_D2,ductal,smartseq2,train
D29-5_35,alpha,celseq2,train
D29-1_41,alpha,celseq2,train
human4_lib3.final_cell_0021,ductal,inDrop4,validation
D3en4_30,acinar,celseq,validation
Sample_1461,alpha,smarter,train
human4_lib3.final_cell_0514,beta,inDrop4,test
human3_lib3.final_cell_0022,acinar,inDrop3,validation
human1_lib2.final_cell_0526,beta,inDrop1,train
human1_lib1.final_cell_0390,alpha,inDrop1,train
human1_lib3.final_cell_0375,beta,inDrop1,train
human3_lib1.final_cell_0812,acinar,inDrop3,test
human3_lib3.final_cell_0788,gamma,inDrop3,train
HP1504101T2D_C11,acinar,smartseq2,train
HP1504101T2D_E19,ductal,smartseq2,train
human1_lib1.final_cell_0497,beta,inDrop1,train
HP1506401_H15,acinar,smartseq2,train
D29-7_84,alpha,celseq2,test
human4_lib1.final_cell_0391,alpha,inDrop4,test
human3_lib4.final_cell_0563,beta,inDrop3,train
2nd-C52_S10,beta,fluidigmc1,validation
human3_lib2.final_cell_0833,quiescent_stellate,inDrop3,train
human3_lib1.final_cell_0792,alpha,inDrop3,train
human1_lib2.final_cell_0300,beta,inDrop1,train
human1_lib2.final_cell_0151,delta,inDrop1,train
human3_lib2.final_cell_0262,ductal,inDrop3,test
human1_lib1.final_cell_0374,ductal,inDrop1,train
HP1506401_E14,acinar,smartseq2,validation
D30-7_11,acinar,celseq2,validation
HP1508501T2D_I15,alpha,smartseq2,validation
human2_lib2.final_cell_0271,beta,inDrop2,train
Sample_971,alpha,smarter,train
D28-4_49,acinar,celseq2,train
human3_lib1.final_cell_0129,alpha,inDrop3,validation
Sample_1178,alpha,smarter,train
D28-4_78,ductal,celseq2,train
Sample_444,alpha,smarter,test
human3_lib1.final_cell_0111,alpha,inDrop3,train
D28-5_17,acinar,celseq2,train
HP1525301T2D_P1,ductal,smartseq2,validation
D172444_48,beta,celseq,train
human3_lib3.final_cell_0592,beta,inDrop3,train
human4_lib1.final_cell_0278,beta,inDrop4,train
Sample_682,beta,smarter,test
Sample_955,alpha,smarter,test
D29-6_48,alpha,celseq2,train
D74_43,ductal,celseq,train
human3_lib1.final_cell_0415,alpha,inDrop3,train
HP1504901_D7,beta,smartseq2,train
D31-2_1,beta,celseq2,train
human3_lib2.final_cell_0334,acinar,inDrop3,validation
Sample_803,beta,smarter,train
5th-C35_S109,delta,fluidigmc1,validation
human3_lib1.final_cell_0823,endothelial,inDrop3,validation
D30-2_25,alpha,celseq2,train
human1_lib1.final_cell_0152,beta,inDrop1,train
Sample_1105,alpha,smarter,validation
human1_lib1.final_cell_0227,beta,inDrop1,train
human3_lib3.final_cell_0647,alpha,inDrop3,train
human3_lib4.final_cell_0182,acinar,inDrop3,train
human4_lib1.final_cell_0376,alpha,inDrop4,train
human3_lib1.final_cell_0618,acinar,inDrop3,train
human3_lib3.final_cell_0761,alpha,inDrop3,validation
human3_lib1.final_cell_0235,beta,inDrop3,train
HP1509101_G9,beta,smartseq2,test
HP1508501T2D_H23,alpha,smartseq2,train
HP1525301T2D_O14,ductal,smartseq2,train
D10631_10,ductal,celseq,train
human3_lib1.final_cell_0822,beta,inDrop3,train
Sample_892,beta,smarter,train
human2_lib3.final_cell_0517,alpha,inDrop2,train
human4_lib3.final_cell_0446,beta,inDrop4,train
D10631_85,ductal,celseq,train
human3_lib4.final_cell_0168,alpha,inDrop3,train
human2_lib3.final_cell_0079,beta,inDrop2,test
D31-7_81,delta,celseq2,validation
human3_lib4.final_cell_0888,ductal,inDrop3,train
D28-1_66,ductal,celseq2,validation
human3_lib1.final_cell_0427,alpha,inDrop3,train
human3_lib1.final_cell_0789,beta,inDrop3,train
human4_lib3.final_cell_0177,delta,inDrop4,train
human1_lib1.final_cell_0170,beta,inDrop1,train
HP1525301T2D_G4,alpha,smartseq2,train
human1_lib1.final_cell_0359,beta,inDrop1,validation
D31-3_61,gamma,celseq2,train
human1_lib3.final_cell_0301,beta,inDrop1,test
human1_lib2.final_cell_0050,beta,inDrop1,test
human3_lib4.final_cell_0020,acinar,inDrop3,test
human4_lib1.final_cell_0430,beta,inDrop4,validation
human2_lib1.final_cell_0395,ductal,inDrop2,train
human3_lib2.final_cell_0437,delta,inDrop3,train
human2_lib3.final_cell_0019,delta,inDrop2,train
human2_lib3.final_cell_0478,ductal,inDrop2,train
HP1525301T2D_D23,beta,smartseq2,test
human3_lib4.final_cell_0786,gamma,inDrop3,test
Sample_407,alpha,smarter,train
human3_lib2.final_cell_0486,acinar,inDrop3,train
human3_lib3.final_cell_0631,alpha,inDrop3,train
Sample_887,beta,smarter,train
HP1509101_G18,alpha,smartseq2,validation
D71_71,ductal,celseq,train
human1_lib2.final_cell_0236,beta,inDrop1,train
HP1506401_L21,ductal,smartseq2,train
human2_lib3.final_cell_0289,activated_stellate,inDrop2,train
HP1525301T2D_L6,ductal,smartseq2,test
Sample_527,alpha,smarter,train
HP1504901_E21,beta,smartseq2,validation
Sample_475,alpha,smarter,train
Sample_637,gamma,smarter,test
8th-C74_S129,alpha,fluidigmc1,train
D31-7_22,beta,celseq2,train
human2_lib3.final_cell_0382,alpha,inDrop2,train
human2_lib3.final_cell_0222,alpha,inDrop2,train
human2_lib3.final_cell_0248,beta,inDrop2,train
human2_lib2.final_cell_0516,schwann,inDrop2,train
human3_lib2.final_cell_0678,beta,inDrop3,train
human1_lib1.final_cell_0349,beta,inDrop1,test
human3_lib3.final_cell_0318,delta,inDrop3,train
HP1506401_B8,beta,smartseq2,validation
HP1508501T2D_H22,alpha,smartseq2,train
human1_lib3.final_cell_0541,acinar,inDrop1,train
human1_lib2.final_cell_0619,endothelial,inDrop1,train
Sample_1418,alpha,smarter,train
human3_lib1.final_cell_0353,acinar,inDrop3,train
D30-5_61,ductal,celseq2,train
D31-4_62,delta,celseq2,test
HP1526901T2D_C8,acinar,smartseq2,validation
D28-6_1,quiescent_stellate,celseq2,train
human3_lib4.final_cell_0590,alpha,inDrop3,validation
human2_lib2.final_cell_0361,ductal,inDrop2,train
human3_lib3.final_cell_0863,endothelial,inDrop3,train
HP1502401_E2,acinar,smartseq2,test
D101_74,acinar,celseq,train
Sample_3,beta,smarter,train
Sample_1246,alpha,smarter,validation
D30-6_66,alpha,celseq2,train
D30-3_10,beta,celseq2,train
human3_lib3.final_cell_0369,alpha,inDrop3,validation
Sample_587,delta,smarter,train
human3_lib4.final_cell_0049,acinar,inDrop3,train
HP1502401_K2,alpha,smartseq2,train
human4_lib3.final_cell_0642,ductal,inDrop4,test
human4_lib1.final_cell_0095,alpha,inDrop4,train
D17All1_42,alpha,celseq,train
Sample_1374,alpha,smarter,train
HP1507101_N1,macrophage,smartseq2,train
D31-3_19,alpha,celseq2,train
human4_lib1.final_cell_0323,activated_stellate,inDrop4,train
human4_lib1.final_cell_0459,beta,inDrop4,train
HP1526901T2D_H4,beta,smartseq2,train
Sample_376,alpha,smarter,train
human2_lib2.final_cell_0046,beta,inDrop2,validation
HP1525301T2D_A12,ductal,smartseq2,test
human2_lib2.final_cell_0132,alpha,inDrop2,train
human3_lib3.final_cell_0390,alpha,inDrop3,test
AZ_H9,alpha,smartseq2,train
HP1502401_H18,activated_stellate,smartseq2,train
human2_lib3.final_cell_0185,beta,inDrop2,test
human3_lib3.final_cell_0223,acinar,inDrop3,validation
human4_lib3.final_cell_0216,ductal,inDrop4,train
human3_lib4.final_cell_0287,acinar,inDrop3,train
HP1525301T2D_F24,activated_stellate,smartseq2,test
D29-3_92,alpha,celseq2,validation
HP1525301T2D_P5,ductal,smartseq2,train
human3_lib3.final_cell_0601,alpha,inDrop3,train
human3_lib2.final_cell_0315,ductal,inDrop3,validation
human3_lib1.final_cell_0101,acinar,inDrop3,test
human4_lib3.final_cell_0427,endothelial,inDrop4,train
human1_lib1.final_cell_0189,beta,inDrop1,train
HP1526901T2D_A12,alpha,smartseq2,test
human1_lib2.final_cell_0625,quiescent_stellate,inDrop1,train
D71_70,ductal,celseq,validation
HP1506401_N5,acinar,smartseq2,train
human4_lib3.final_cell_0291,ductal,inDrop4,train
D31-2_12,delta,celseq2,train
HP1504901_D9,gamma,smartseq2,train
human2_lib3.final_cell_0459,beta,inDrop2,validation
D29-2_26,beta,celseq2,test
D30-3_94,endothelial,celseq2,train
human3_lib4.final_cell_0600,alpha,inDrop3,train
human2_lib3.final_cell_0412,alpha,inDrop2,train
D30-7_14,alpha,celseq2,train
Sample_688,beta,smarter,validation
human2_lib3.final_cell_0255,alpha,inDrop2,train
human3_lib3.final_cell_0859,ductal,inDrop3,train
D29-7_4,delta,celseq2,train
D31-7_1,beta,celseq2,test
Sample_1014,alpha,smarter,validation
Sample_1245,alpha,smarter,validation
D3en4_35,acinar,celseq,validation
human2_lib1.final_cell_0427,alpha,inDrop2,validation
Sample_298,alpha,smarter,train
human2_lib3.final_cell_0246,beta,inDrop2,train
HP1526901T2D_C6,alpha,smartseq2,validation
human3_lib4.final_cell_0212,delta,inDrop3,train
8th-C47_S160,beta,fluidigmc1,train
HP1509101_O7,alpha,smartseq2,train
human1_lib1.final_cell_0104,delta,inDrop1,test
D29-5_61,beta,celseq2,train
Sample_1078,alpha,smarter,train
HP1509101_O12,alpha,smartseq2,train
human1_lib2.final_cell_0409,alpha,inDrop1,validation
human2_lib2.final_cell_0459,beta,inDrop2,train
human2_lib2.final_cell_0563,ductal,inDrop2,test
human4_lib3.final_cell_0402,beta,inDrop4,train
10th_C87_S71,acinar,fluidigmc1,train
human4_lib3.final_cell_0118,alpha,inDrop4,train
human3_lib4.final_cell_0671,beta,inDrop3,train
human4_lib3.final_cell_0033,delta,inDrop4,test
human1_lib1.final_cell_0218,endothelial,inDrop1,validation
Sample_979,alpha,smarter,train
4th-C95_S95,acinar,fluidigmc1,train
D29-2_3,alpha,celseq2,train
human4_lib1.final_cell_0506,activated_stellate,inDrop4,train
human2_lib1.final_cell_0477,gamma,inDrop2,train
HP1526901T2D_N19,gamma,smartseq2,train
D31-4_55,acinar,celseq2,train
D30-2_60,alpha,celseq2,validation
human1_lib1.final_cell_0126,beta,inDrop1,test
human3_lib3.final_cell_0619,alpha,inDrop3,train
human1_lib3.final_cell_0454,quiescent_stellate,inDrop1,train
human3_lib3.final_cell_0330,alpha,inDrop3,test
human1_lib2.final_cell_0200,beta,inDrop1,train
Sample_1369,alpha,smarter,train
Sample_1087,alpha,smarter,train
Sample_913,beta,smarter,train
human3_lib4.final_cell_0207,acinar,inDrop3,train
Sample_213,alpha,smarter,train
human1_lib3.final_cell_0240,beta,inDrop1,train
human3_lib4.final_cell_0709,beta,inDrop3,test
D29-8_4,activated_stellate,celseq2,train
D1713_12,ductal,celseq,train
human2_lib1.final_cell_0270,beta,inDrop2,test
human3_lib3.final_cell_0717,alpha,inDrop3,train
human2_lib2.final_cell_0088,alpha,inDrop2,train
human2_lib2.final_cell_0497,alpha,inDrop2,train
Sample_1071,alpha,smarter,train
human3_lib4.final_cell_0661,alpha,inDrop3,test
human1_lib3.final_cell_0320,beta,inDrop1,validation
D28-7_3,alpha,celseq2,test
human1_lib2.final_cell_0069,beta,inDrop1,validation
human2_lib2.final_cell_0103,alpha,inDrop2,train
human3_lib2.final_cell_0539,beta,inDrop3,train
AZ_G5,gamma,smartseq2,train
human3_lib4.final_cell_0458,alpha,inDrop3,train
Sample_222,alpha,smarter,train
human3_lib2.final_cell_0608,acinar,inDrop3,test
human3_lib3.final_cell_0044,acinar,inDrop3,validation
Sample_870,beta,smarter,train
Sample_1349,alpha,smarter,train
D30-3_27,alpha,celseq2,validation
human2_lib2.final_cell_0065,beta,inDrop2,train
human1_lib2.final_cell_0186,alpha,inDrop1,train
HP1504101T2D_H9,alpha,smartseq2,train
human3_lib3.final_cell_0465,beta,inDrop3,train
human1_lib3.final_cell_0484,quiescent_stellate,inDrop1,validation
Sample_1222,alpha,smarter,train
human3_lib4.final_cell_0869,beta,inDrop3,train
human1_lib3.final_cell_0143,acinar,inDrop1,train
human3_lib4.final_cell_0428,alpha,inDrop3,validation
Sample_1577,gamma,smarter,train
human3_lib1.final_cell_0354,alpha,inDrop3,train
human1_lib2.final_cell_0355,alpha,inDrop1,train
human3_lib4.final_cell_0820,alpha,inDrop3,test
D30-4_77,alpha,celseq2,train
HP1504101T2D_P17,alpha,smartseq2,train
human4_lib3.final_cell_0654,activated_stellate,inDrop4,train
human3_lib4.final_cell_0048,acinar,inDrop3,train
human3_lib4.final_cell_0441,alpha,inDrop3,test
human2_lib3.final_cell_0308,ductal,inDrop2,validation
human2_lib2.final_cell_0024,ductal,inDrop2,test
human4_lib3.final_cell_0211,activated_stellate,inDrop4,train
HP1507101_B24,alpha,smartseq2,validation
D29-5_36,delta,celseq2,train
Sample_1373,alpha,smarter,train
human4_lib1.final_cell_0319,delta,inDrop4,train
Sample_301,alpha,smarter,train
D31-1_81,gamma,celseq2,train
human3_lib3.final_cell_0311,endothelial,inDrop3,validation
10th_C74_S76,alpha,fluidigmc1,train
human1_lib2.final_cell_0422,beta,inDrop1,train
HP1509101_G22,alpha,smartseq2,train
human3_lib1.final_cell_0433,ductal,inDrop3,train
human3_lib2.final_cell_0321,alpha,inDrop3,train
HP1507101_P15,quiescent_stellate,smartseq2,train
9th-C40_S69,alpha,fluidigmc1,train
12th-C84_S165,beta,fluidigmc1,train
human1_lib3.final_cell_0645,beta,inDrop1,train
D28-5_54,acinar,celseq2,test
HP1508501T2D_D22,ductal,smartseq2,test
human3_lib3.final_cell_0678,alpha,inDrop3,train
HP1508501T2D_M21,activated_stellate,smartseq2,train
HP1525301T2D_J19,alpha,smartseq2,train
human2_lib2.final_cell_0025,beta,inDrop2,test
human1_lib3.final_cell_0036,delta,inDrop1,train
D29-1_77,beta,celseq2,test
Sample_1027,alpha,smarter,train
human1_lib3.final_cell_0639,beta,inDrop1,train
human3_lib4.final_cell_0380,beta,inDrop3,train
D17TGFB_63,alpha,celseq,train
human3_lib3.final_cell_0455,alpha,inDrop3,validation
human3_lib3.final_cell_0324,macrophage,inDrop3,train
human4_lib1.final_cell_0523,beta,inDrop4,train
D17All2_69,beta,celseq,train
D31-2_3,beta,celseq2,train
human3_lib1.final_cell_0416,alpha,inDrop3,train
HP1525301T2D_O2,delta,smartseq2,train
human3_lib1.final_cell_0452,alpha,inDrop3,train
human3_lib3.final_cell_0199,beta,inDrop3,train
human2_lib2.final_cell_0227,alpha,inDrop2,train
human2_lib3.final_cell_0373,alpha,inDrop2,train
human2_lib3.final_cell_0264,alpha,inDrop2,validation
human4_lib3.final_cell_0660,alpha,inDrop4,train
human3_lib3.final_cell_0381,delta,inDrop3,test
human2_lib2.final_cell_0223,beta,inDrop2,test
D1713_88,ductal,celseq,test
D30-3_34,alpha,celseq2,train
Sample_1247,alpha,smarter,train
Sample_1180,alpha,smarter,train
human3_lib3.final_cell_0225,beta,inDrop3,train
HP1525301T2D_I8,ductal,smartseq2,train
human3_lib1.final_cell_0666,alpha,inDrop3,train
human3_lib3.final_cell_0376,alpha,inDrop3,validation
human3_lib4.final_cell_0401,alpha,inDrop3,train
D31-2_21,ductal,celseq2,train
D30-5_54,alpha,celseq2,train
human2_lib3.final_cell_0181,alpha,inDrop2,test
D30-4_24,alpha,celseq2,train
Sample_893,beta,smarter,train
human3_lib3.final_cell_0013,acinar,inDrop3,train
human3_lib4.final_cell_0680,beta,inDrop3,train
HP1507101_G22,alpha,smartseq2,test
HP1502401_F19,alpha,smartseq2,validation
human4_lib1.final_cell_0124,beta,inDrop4,train
HP1504901_P14,beta,smartseq2,train
9th-C19_S36,alpha,fluidigmc1,validation
human3_lib2.final_cell_0814,alpha,inDrop3,train
Sample_364,alpha,smarter,test
HP1506401_N19,alpha,smartseq2,train
human4_lib3.final_cell_0099,beta,inDrop4,train
D30-6_78,ductal,celseq2,test
HP1504101T2D_L18,alpha,smartseq2,train
HP1502401_O3,alpha,smartseq2,train
human4_lib1.final_cell_0018,ductal,inDrop4,train
human2_lib1.final_cell_0269,activated_stellate,inDrop2,train
human3_lib1.final_cell_0755,delta,inDrop3,train
human1_lib3.final_cell_0272,beta,inDrop1,train
HP1508501T2D_P7,alpha,smartseq2,train
HP1504901_H12,alpha,smartseq2,validation
human3_lib4.final_cell_0210,ductal,inDrop3,train
HP1526901T2D_L15,acinar,smartseq2,train
human2_lib1.final_cell_0133,alpha,inDrop2,validation
D31-1_61,alpha,celseq2,test
D73_58,alpha,celseq,train
human4_lib1.final_cell_0155,beta,inDrop4,train
human1_lib1.final_cell_0010,acinar,inDrop1,train
D28-1_68,acinar,celseq2,train
D31-6_77,alpha,celseq2,train
human3_lib1.final_cell_0626,beta,inDrop3,train
10th_C86_S78,acinar,fluidigmc1,train
D29-2_76,alpha,celseq2,train
human3_lib2.final_cell_0386,delta,inDrop3,train
human1_lib3.final_cell_0032,delta,inDrop1,validation
HP1506401_P19,alpha,smartseq2,train
D29-6_56,beta,celseq2,train
human3_lib3.final_cell_0808,beta,inDrop3,train
human4_lib1.final_cell_0133,ductal,inDrop4,train
human3_lib3.final_cell_0831,alpha,inDrop3,test
HP1507101_H9,alpha,smartseq2,train
human2_lib3.final_cell_0387,beta,inDrop2,train
D71_72,ductal,celseq,train
human2_lib3.final_cell_0094,alpha,inDrop2,train
human2_lib3.final_cell_0531,alpha,inDrop2,train
human3_lib3.final_cell_0664,acinar,inDrop3,train
human2_lib3.final_cell_0345,alpha,inDrop2,train
HP1507101_N9,alpha,smartseq2,train
human3_lib1.final_cell_0107,acinar,inDrop3,test
human4_lib1.final_cell_0287,ductal,inDrop4,train
D73_55,beta,celseq,train
Sample_1421,alpha,smarter,train
HP1508501T2D_E13,alpha,smartseq2,train
human3_lib3.final_cell_0265,activated_stellate,inDrop3,train
human1_lib2.final_cell_0202,gamma,inDrop1,train
D102_64,ductal,celseq,train
human1_lib1.final_cell_0284,ductal,inDrop1,train
HP1504901_G2,alpha,smartseq2,train
human3_lib3.final_cell_0526,alpha,inDrop3,train
human3_lib1.final_cell_0237,alpha,inDrop3,test
human1_lib2.final_cell_0381,beta,inDrop1,train
D30-1_73,alpha,celseq2,train
6th-C22_S39,beta,fluidigmc1,validation
human3_lib1.final_cell_0584,delta,inDrop3,train
human3_lib1.final_cell_0008,acinar,inDrop3,train
human3_lib2.final_cell_0501,alpha,inDrop3,test
human2_lib1.final_cell_0344,ductal,inDrop2,train
human3_lib1.final_cell_0508,alpha,inDrop3,train
human2_lib1.final_cell_0559,beta,inDrop2,train
human1_lib3.final_cell_0521,beta,inDrop1,test
human4_lib3.final_cell_0361,beta,inDrop4,train
D17All2_20,beta,celseq,test
Sample_877,beta,smarter,validation
human3_lib1.final_cell_0323,beta,inDrop3,train
D30-5_55,alpha,celseq2,train
human2_lib2.final_cell_0350,alpha,inDrop2,train
human2_lib1.final_cell_0436,beta,inDrop2,train
human2_lib1.final_cell_0342,alpha,inDrop2,train
human2_lib3.final_cell_0396,alpha,inDrop2,train
human3_lib3.final_cell_0868,alpha,inDrop3,train
human1_lib1.final_cell_0095,beta,inDrop1,train
human1_lib3.final_cell_0727,quiescent_stellate,inDrop1,train
human2_lib2.final_cell_0515,alpha,inDrop2,train
human1_lib2.final_cell_0441,ductal,inDrop1,train
HP1504101T2D_P12,gamma,smartseq2,train
human1_lib3.final_cell_0343,alpha,inDrop1,train
HP1526901T2D_N12,beta,smartseq2,train
Sample_620,gamma,smarter,train
D31-8_77,ductal,celseq2,test
HP1504101T2D_N22,alpha,smartseq2,train
HP1508501T2D_I23,delta,smartseq2,train
HP1526901T2D_O10,gamma,smartseq2,test
human1_lib1.final_cell_0296,beta,inDrop1,train
human3_lib4.final_cell_0467,beta,inDrop3,train
D30-4_53,ductal,celseq2,train
human2_lib3.final_cell_0152,alpha,inDrop2,train
D28-7_49,alpha,celseq2,test
Sample_1217,alpha,smarter,train
human3_lib1.final_cell_0712,alpha,inDrop3,train
human3_lib2.final_cell_0670,ductal,inDrop3,validation
human3_lib1.final_cell_0301,delta,inDrop3,train
human3_lib4.final_cell_0834,beta,inDrop3,train
HP1504101T2D_E20,gamma,smartseq2,train
human3_lib3.final_cell_0102,delta,inDrop3,validation
human3_lib4.final_cell_0835,alpha,inDrop3,validation
human1_lib2.final_cell_0206,ductal,inDrop1,validation
human3_lib1.final_cell_0826,alpha,inDrop3,train
human3_lib3.final_cell_0407,ductal,inDrop3,test
D71_40,alpha,celseq,train
HP1526901T2D_O1,beta,smartseq2,train
human1_lib2.final_cell_0444,beta,inDrop1,train
HP1504101T2D_D15,gamma,smartseq2,train
Sample_496,alpha,smarter,train
human3_lib4.final_cell_0238,alpha,inDrop3,test
D102_7,beta,celseq,train
HP1506401_E11,alpha,smartseq2,test
Sample_998,alpha,smarter,train
HP1525301T2D_O5,alpha,smartseq2,train
HP1509101_O18,beta,smartseq2,test
D17All2_86,activated_stellate,celseq,test
13th_C86_S168,alpha,fluidigmc1,train
human2_lib2.final_cell_0241,beta,inDrop2,validation
human3_lib3.final_cell_0588,ductal,inDrop3,train
Sample_983,alpha,smarter,train
human4_lib1.final_cell_0207,alpha,inDrop4,validation
D17All1_62,alpha,celseq,train
D17All2_44,alpha,celseq,test
human2_lib2.final_cell_0073,beta,inDrop2,validation
human3_lib3.final_cell_0458,alpha,inDrop3,train
human3_lib4.final_cell_0141,beta,inDrop3,train
human3_lib1.final_cell_0829,alpha,inDrop3,train
HP1504101T2D_K17,alpha,smartseq2,train
human1_lib3.final_cell_0359,beta,inDrop1,train
human3_lib1.final_cell_0128,delta,inDrop3,validation
human4_lib3.final_cell_0658,alpha,inDrop4,train
human3_lib4.final_cell_0864,quiescent_stellate,inDrop3,train
D28-5_27,acinar,celseq2,train
D71_3,alpha,celseq,validation
D71_67,ductal,celseq,train
HP1508501T2D_M3,ductal,smartseq2,train
HP1504901_E10,beta,smartseq2,train
human2_lib1.final_cell_0311,alpha,inDrop2,train
human2_lib1.final_cell_0069,ductal,inDrop2,test
human2_lib2.final_cell_0318,alpha,inDrop2,validation
human2_lib2.final_cell_0539,alpha,inDrop2,train
human1_lib3.final_cell_0072,beta,inDrop1,validation
D3en4_72,acinar,celseq,validation
human4_lib1.final_cell_0482,beta,inDrop4,train
D30-7_65,alpha,celseq2,train
human3_lib2.final_cell_0356,alpha,inDrop3,train
human3_lib4.final_cell_0755,alpha,inDrop3,train
Sample_815,beta,smarter,train
human4_lib3.final_cell_0621,beta,inDrop4,train
human2_lib3.final_cell_0481,beta,inDrop2,train
human4_lib3.final_cell_0504,alpha,inDrop4,train
human2_lib1.final_cell_0265,alpha,inDrop2,train
AZ_C4,beta,smartseq2,train
HP1526901T2D_L23,alpha,smartseq2,test
D30-1_37,alpha,celseq2,train
human2_lib1.final_cell_0529,alpha,inDrop2,train
D73_41,alpha,celseq,test
D17All1_6,beta,celseq,test
human4_lib1.final_cell_0489,beta,inDrop4,validation
human1_lib3.final_cell_0565,beta,inDrop1,train
human2_lib3.final_cell_0084,alpha,inDrop2,train
human3_lib3.final_cell_0696,acinar,inDrop3,train
human1_lib2.final_cell_0123,beta,inDrop1,validation
D17All2_81,ductal,celseq,test
human2_lib2.final_cell_0219,beta,inDrop2,train
2nd-C62_S29,beta,fluidigmc1,validation
D17TGFB_3,ductal,celseq,train
human3_lib2.final_cell_0035,acinar,inDrop3,validation
Sample_1203,alpha,smarter,train
HP1509101_J11,ductal,smartseq2,validation
human1_lib3.final_cell_0691,activated_stellate,inDrop1,validation
D73_35,acinar,celseq,train
human1_lib3.final_cell_0573,beta,inDrop1,validation
6th-C90_S76,beta,fluidigmc1,train
human3_lib4.final_cell_0706,acinar,inDrop3,train
human4_lib1.final_cell_0270,ductal,inDrop4,validation
human3_lib3.final_cell_0837,alpha,inDrop3,test
human1_lib3.final_cell_0230,beta,inDrop1,validation
human4_lib1.final_cell_0088,delta,inDrop4,validation
D29-1_74,delta,celseq2,train
D30-5_53,alpha,celseq2,train
human3_lib4.final_cell_0098,beta,inDrop3,train
human1_lib3.final_cell_0242,alpha,inDrop1,test
HP1502401_I15,alpha,smartseq2,validation
human2_lib2.final_cell_0560,beta,inDrop2,train
HP1508501T2D_I1,ductal,smartseq2,train
human1_lib3.final_cell_0662,quiescent_stellate,inDrop1,test
Sample_1003,alpha,smarter,test
D74_10,beta,celseq,train
human4_lib3.final_cell_0197,beta,inDrop4,train
human4_lib1.final_cell_0364,ductal,inDrop4,validation
human4_lib1.final_cell_0073,activated_stellate,inDrop4,train
D31-5_29,beta,celseq2,train
D10631_76,ductal,celseq,train
human2_lib1.final_cell_0187,beta,inDrop2,train
D31-1_82,ductal,celseq2,validation
human3_lib4.final_cell_0367,alpha,inDrop3,train
human3_lib4.final_cell_0893,acinar,inDrop3,train
human2_lib2.final_cell_0123,beta,inDrop2,train
human1_lib2.final_cell_0220,alpha,inDrop1,train
HP1509101_D8,alpha,smartseq2,train
human3_lib1.final_cell_0435,ductal,inDrop3,train
HP1506401_O24,alpha,smartseq2,validation
D28-7_78,acinar,celseq2,train
HP1502401_O16,beta,smartseq2,train
HP1502401_I9,delta,smartseq2,validation
human3_lib2.final_cell_0509,alpha,inDrop3,test
human2_lib1.final_cell_0514,beta,inDrop2,train
HP1504101T2D_A18,gamma,smartseq2,train
human1_lib3.final_cell_0569,endothelial,inDrop1,train
12th-C23_S149,alpha,fluidigmc1,train
human2_lib1.final_cell_0315,alpha,inDrop2,train
HP1504101T2D_D23,gamma,smartseq2,validation
human1_lib1.final_cell_0492,alpha,inDrop1,test
D31-8_5,alpha,celseq2,train
human2_lib1.final_cell_0340,alpha,inDrop2,train
D31-8_83,beta,celseq2,train
human2_lib1.final_cell_0190,ductal,inDrop2,train
human2_lib3.final_cell_0050,beta,inDrop2,train
Sample_37,beta,smarter,train
9th-C10_S18,beta,fluidigmc1,train
human4_lib3.final_cell_0170,alpha,inDrop4,validation
human3_lib2.final_cell_0261,beta,inDrop3,train
human3_lib4.final_cell_0812,alpha,inDrop3,validation
D31-1_28,beta,celseq2,train
human3_lib2.final_cell_0492,activated_stellate,inDrop3,train
D2ex_23,ductal,celseq,validation
Sample_1476,alpha,smarter,train
human3_lib3.final_cell_0493,beta,inDrop3,test
HP1506401_G19,ductal,smartseq2,test
HP1506401_G21,ductal,smartseq2,train
human4_lib3.final_cell_0435,activated_stellate,inDrop4,train
human1_lib3.final_cell_0088,beta,inDrop1,train
human3_lib3.final_cell_0161,beta,inDrop3,train
human1_lib1.final_cell_0440,ductal,inDrop1,train
HP1507101_F14,beta,smartseq2,validation
HP1507101_N2,alpha,smartseq2,test
D17All2_87,beta,celseq,test
human3_lib1.final_cell_0386,alpha,inDrop3,train
D29-3_36,beta,celseq2,train
human1_lib3.final_cell_0716,beta,inDrop1,train
2nd-C80_S65,alpha,fluidigmc1,test
human3_lib3.final_cell_0411,beta,inDrop3,train
human1_lib2.final_cell_0155,beta,inDrop1,validation
human2_lib3.final_cell_0053,beta,inDrop2,train
D30-8_44,alpha,celseq2,train
human1_lib2.final_cell_0542,acinar,inDrop1,train
human4_lib3.final_cell_0234,beta,inDrop4,train
D28-8_5,alpha,celseq2,train
D29-8_73,delta,celseq2,train
human3_lib3.final_cell_0538,alpha,inDrop3,train
human1_lib2.final_cell_0104,beta,inDrop1,train
human1_lib2.final_cell_0425,endothelial,inDrop1,test
HP1506401_N24,acinar,smartseq2,validation
HP1504101T2D_B10,gamma,smartseq2,train
human4_lib1.final_cell_0189,delta,inDrop4,test
human2_lib1.final_cell_0148,alpha,inDrop2,train
D1713_8,acinar,celseq,train
D28-5_66,ductal,celseq2,train
human3_lib4.final_cell_0204,ductal,inDrop3,train
human3_lib3.final_cell_0656,beta,inDrop3,train
Sample_1204,alpha,smarter,train
human2_lib3.final_cell_0284,beta,inDrop2,train
human2_lib3.final_cell_0189,alpha,inDrop2,train
D71_83,beta,celseq,train
Sample_509,alpha,smarter,train
human1_lib3.final_cell_0615,endothelial,inDrop1,validation
human2_lib3.final_cell_0510,ductal,inDrop2,validation
Sample_1195,alpha,smarter,train
human2_lib1.final_cell_0542,beta,inDrop2,train
human3_lib3.final_cell_0714,alpha,inDrop3,validation
HP1504101T2D_A17,gamma,smartseq2,test
human1_lib3.final_cell_0408,gamma,inDrop1,train
Sample_256,alpha,smarter,validation
human3_lib2.final_cell_0398,ductal,inDrop3,validation
HP1525301T2D_O16,ductal,smartseq2,test
human1_lib1.final_cell_0317,beta,inDrop1,train
human1_lib3.final_cell_0505,alpha,inDrop1,train
HP1506401_D12,acinar,smartseq2,validation
human2_lib2.final_cell_0509,beta,inDrop2,train
human3_lib4.final_cell_0312,beta,inDrop3,train
HP1504101T2D_L8,alpha,smartseq2,train
human3_lib4.final_cell_0640,alpha,inDrop3,validation
human3_lib2.final_cell_0775,alpha,inDrop3,validation
human3_lib1.final_cell_0704,quiescent_stellate,inDrop3,validation
D31-3_75,beta,celseq2,train
HP1504901_H14,gamma,smartseq2,train
Sample_1219,alpha,smarter,train
human2_lib1.final_cell_0167,macrophage,inDrop2,validation
human3_lib3.final_cell_0889,endothelial,inDrop3,train
D74_87,alpha,celseq,train
human1_lib3.final_cell_0119,beta,inDrop1,train
human3_lib2.final_cell_0846,endothelial,inDrop3,train
HP1509101_F22,ductal,smartseq2,train
Sample_1558,gamma,smarter,validation
human1_lib3.final_cell_0581,beta,inDrop1,train
HP1525301T2D_H24,ductal,smartseq2,train
human4_lib3.final_cell_0437,beta,inDrop4,train
human1_lib3.final_cell_0390,alpha,inDrop1,test
human1_lib3.final_cell_0440,beta,inDrop1,train
human3_lib3.final_cell_0104,alpha,inDrop3,train
D102_87,ductal,celseq,train
human3_lib1.final_cell_0846,beta,inDrop3,test
human2_lib1.final_cell_0267,delta,inDrop2,train
human4_lib1.final_cell_0117,alpha,inDrop4,train
HP1507101_G15,alpha,smartseq2,train
HP1525301T2D_F10,acinar,smartseq2,train
D3en1_29,ductal,celseq,train
human3_lib1.final_cell_0448,alpha,inDrop3,train
human3_lib1.final_cell_0273,alpha,inDrop3,train
human2_lib1.final_cell_0463,beta,inDrop2,train
human4_lib3.final_cell_0602,ductal,inDrop4,train
human3_lib2.final_cell_0581,beta,inDrop3,test
human1_lib2.final_cell_0371,alpha,inDrop1,train
HP1525301T2D_L8,activated_stellate,smartseq2,train
6th-C66_S32,beta,fluidigmc1,train
HP1508501T2D_B8,alpha,smartseq2,train
human2_lib3.final_cell_0491,delta,inDrop2,train
human2_lib1.final_cell_0160,ductal,inDrop2,train
human3_lib1.final_cell_0587,ductal,inDrop3,train
human2_lib2.final_cell_0306,ductal,inDrop2,validation
human1_lib3.final_cell_0091,beta,inDrop1,train
Sample_889,beta,smarter,train
human2_lib2.final_cell_0587,beta,inDrop2,train
HP1525301T2D_J17,activated_stellate,smartseq2,train
D1713_66,ductal,celseq,train
human3_lib2.final_cell_0855,ductal,inDrop3,train
D31-3_13,alpha,celseq2,train
human1_lib1.final_cell_0291,beta,inDrop1,test
Sample_952,alpha,smarter,train
HP1508501T2D_K1,alpha,smartseq2,train
human1_lib1.final_cell_0343,acinar,inDrop1,train
human3_lib3.final_cell_0298,beta,inDrop3,train
human2_lib1.final_cell_0404,alpha,inDrop2,validation
human2_lib2.final_cell_0500,activated_stellate,inDrop2,test
D30-5_57,beta,celseq2,train
D30-2_54,delta,celseq2,train
human3_lib4.final_cell_0366,alpha,inDrop3,train
D31-5_42,delta,celseq2,test
human1_lib2.final_cell_0540,beta,inDrop1,test
human3_lib2.final_cell_0473,acinar,inDrop3,train
HP1526901T2D_J1,delta,smartseq2,train
D30-1_4,alpha,celseq2,train
HP1506401_D9,gamma,smartseq2,train
human2_lib1.final_cell_0544,macrophage,inDrop2,train
human4_lib1.final_cell_0592,ductal,inDrop4,train
human2_lib2.final_cell_0399,beta,inDrop2,validation
D101_72,ductal,celseq,validation
HP1509101_N12,alpha,smartseq2,train
D1713_10,ductal,celseq,train
human2_lib3.final_cell_0071,alpha,inDrop2,train
human3_lib4.final_cell_0178,ductal,inDrop3,train
human3_lib3.final_cell_0335,ductal,inDrop3,train
human1_lib2.final_cell_0133,delta,inDrop1,train
human1_lib3.final_cell_0715,beta,inDrop1,validation
HP1525301T2D_F15,beta,smartseq2,train
human1_lib2.final_cell_0593,quiescent_stellate,inDrop1,train
Sample_541,alpha,smarter,test
human3_lib4.final_cell_0614,ductal,inDrop3,train
Sample_49,beta,smarter,train
D29-5_58,beta,celseq2,train
HP1506401_J8,ductal,smartseq2,train
human2_lib2.final_cell_0359,beta,inDrop2,train
HP1502401_O14,acinar,smartseq2,train
HP1504101T2D_B21,alpha,smartseq2,train
HP1526901T2D_E3,delta,smartseq2,test
Sample_1106,alpha,smarter,train
D74_68,alpha,celseq,test
D31-7_36,alpha,celseq2,train
human2_lib2.final_cell_0206,alpha,inDrop2,train
human3_lib1.final_cell_0848,quiescent_stellate,inDrop3,train
D29-4_41,delta,celseq2,train
human1_lib1.final_cell_0330,ductal,inDrop1,train
D29-8_10,delta,celseq2,test
human1_lib3.final_cell_0080,alpha,inDrop1,test
HP1507101_C10,beta,smartseq2,validation
human4_lib3.final_cell_0166,ductal,inDrop4,train
human4_lib1.final_cell_0413,ductal,inDrop4,train
Sample_530,alpha,smarter,train
human1_lib2.final_cell_0520,endothelial,inDrop1,validation
D30-3_80,alpha,celseq2,train
human4_lib1.final_cell_0515,beta,inDrop4,train
Sample_1126,alpha,smarter,train
human1_lib1.final_cell_0225,beta,inDrop1,train
D72_86,ductal,celseq,train
8th-C94_S162,alpha,fluidigmc1,validation
Sample_424,alpha,smarter,train
human1_lib3.final_cell_0116,delta,inDrop1,test
Sample_923,beta,smarter,train
HP1507101_J17,alpha,smartseq2,train
human3_lib4.final_cell_0571,alpha,inDrop3,train
human1_lib3.final_cell_0053,beta,inDrop1,test
D31-1_59,alpha,celseq2,validation
human1_lib2.final_cell_0552,mast,inDrop1,train
human4_lib3.final_cell_0139,beta,inDrop4,test
human3_lib2.final_cell_0829,beta,inDrop3,train
human3_lib2.final_cell_0693,ductal,inDrop3,validation
human2_lib2.final_cell_0326,alpha,inDrop2,train
human1_lib1.final_cell_0281,delta,inDrop1,validation
human1_lib3.final_cell_0229,alpha,inDrop1,test
human3_lib4.final_cell_0762,acinar,inDrop3,train
D30-4_64,activated_stellate,celseq2,train
human2_lib1.final_cell_0016,alpha,inDrop2,train
human4_lib3.final_cell_0316,gamma,inDrop4,train
HP1507101_H16,ductal,smartseq2,test
human3_lib4.final_cell_0649,alpha,inDrop3,train
10th_C8_S52,gamma,fluidigmc1,validation
human3_lib2.final_cell_0512,beta,inDrop3,train
human1_lib1.final_cell_0047,acinar,inDrop1,train
human2_lib1.final_cell_0540,beta,inDrop2,train
human1_lib1.final_cell_0216,ductal,inDrop1,train
human4_lib1.final_cell_0553,beta,inDrop4,train
human3_lib2.final_cell_0124,acinar,inDrop3,train
HP1525301T2D_N3,beta,smartseq2,train
HP1525301T2D_O22,ductal,smartseq2,validation
human2_lib2.final_cell_0599,ductal,inDrop2,train
HP1504901_C13,epsilon,smartseq2,validation
human3_lib4.final_cell_0501,beta,inDrop3,validation
human2_lib3.final_cell_0323,ductal,inDrop2,validation
D31-8_21,beta,celseq2,validation
human4_lib3.final_cell_0590,activated_stellate,inDrop4,train
D31-8_47,quiescent_stellate,celseq2,train
human1_lib3.final_cell_0439,ductal,inDrop1,train
human2_lib1.final_cell_0471,activated_stellate,inDrop2,train
Sample_789,beta,smarter,train
D17TGFB_17,acinar,celseq,train
D29-7_48,beta,celseq2,train
HP1508501T2D_E6,alpha,smartseq2,test
human1_lib2.final_cell_0184,delta,inDrop1,train
D71_35,delta,celseq,train
human3_lib3.final_cell_0366,ductal,inDrop3,validation
D1713_84,ductal,celseq,test
human4_lib3.final_cell_0312,beta,inDrop4,train
human1_lib3.final_cell_0602,endothelial,inDrop1,test
D28-2_63,gamma,celseq2,train
human1_lib1.final_cell_0200,beta,inDrop1,train
D28-2_38,beta,celseq2,train
HP1509101_O19,alpha,smartseq2,test
D30-8_17,beta,celseq2,train
HP1504101T2D_C4,alpha,smartseq2,train
human3_lib2.final_cell_0246,alpha,inDrop3,test
human3_lib1.final_cell_0040,acinar,inDrop3,train
13th_C34_S181,beta,fluidigmc1,train
4th-C27_S51,acinar,fluidigmc1,train
human3_lib2.final_cell_0433,alpha,inDrop3,train
human1_lib1.final_cell_0410,ductal,inDrop1,train
human3_lib2.final_cell_0343,ductal,inDrop3,test
human3_lib1.final_cell_0889,beta,inDrop3,train
D31-5_54,alpha,celseq2,test
D29-7_18,endothelial,celseq2,validation
D28-2_43,alpha,celseq2,train
human3_lib4.final_cell_0341,beta,inDrop3,train
human2_lib3.final_cell_0148,ductal,inDrop2,train
D17TGFB_21,acinar,celseq,test
human3_lib1.final_cell_0426,delta,inDrop3,test
8th-C20_S116,alpha,fluidigmc1,train
human3_lib2.final_cell_0293,ductal,inDrop3,test
human3_lib3.final_cell_0088,acinar,inDrop3,validation
Sample_44,beta,smarter,train
human1_lib3.final_cell_0702,beta,inDrop1,train
human3_lib4.final_cell_0276,alpha,inDrop3,test
D74_85,alpha,celseq,train
human2_lib1.final_cell_0027,delta,inDrop2,train
human4_lib3.final_cell_0233,delta,inDrop4,train
11th-C58_S71,ductal,fluidigmc1,train
human1_lib3.final_cell_0384,alpha,inDrop1,train
human1_lib1.final_cell_0518,beta,inDrop1,test
D30-8_66,delta,celseq2,train
12th-C58_S162,alpha,fluidigmc1,train
D31-7_3,beta,celseq2,train
human3_lib4.final_cell_0361,ductal,inDrop3,train
human3_lib4.final_cell_0727,alpha,inDrop3,train
human3_lib3.final_cell_0908,macrophage,inDrop3,test
HP1506401_P22,ductal,smartseq2,train
human1_lib3.final_cell_0275,alpha,inDrop1,validation
human1_lib2.final_cell_0514,alpha,inDrop1,train
D30-6_45,alpha,celseq2,train
Sample_1328,alpha,smarter,train
Sample_684,beta,smarter,train
human1_lib1.final_cell_0077,delta,inDrop1,train
human4_lib1.final_cell_0013,ductal,inDrop4,train
human3_lib2.final_cell_0041,acinar,inDrop3,test
human3_lib1.final_cell_0336,alpha,inDrop3,test
human3_lib2.final_cell_0055,acinar,inDrop3,train
HP1508501T2D_G19,acinar,smartseq2,train
human4_lib1.final_cell_0282,beta,inDrop4,train
human2_lib3.final_cell_0265,activated_stellate,inDrop2,train
human2_lib2.final_cell_0137,beta,inDrop2,train
human3_lib3.final_cell_0899,beta,inDrop3,validation
human3_lib3.final_cell_0331,delta,inDrop3,train
human4_lib3.final_cell_0062,ductal,inDrop4,train
Sample_612,delta,smarter,test
D17All1_30,alpha,celseq,train
HP1508501T2D_M17,ductal,smartseq2,train
HP1504101T2D_N12,alpha,smartseq2,validation
human2_lib1.final_cell_0363,alpha,inDrop2,train
human4_lib1.final_cell_0539,beta,inDrop4,train
human3_lib2.final_cell_0560,alpha,inDrop3,train
HP1502401_H20,alpha,smartseq2,train
6th-C54_S11,beta,fluidigmc1,validation
HP1504101T2D_E21,delta,smartseq2,train
human3_lib2.final_cell_0086,acinar,inDrop3,test
human3_lib3.final_cell_0235,acinar,inDrop3,train
human1_lib1.final_cell_0475,beta,inDrop1,train
human1_lib1.final_cell_0269,quiescent_stellate,inDrop1,train
human1_lib3.final_cell_0543,beta,inDrop1,train
human3_lib4.final_cell_0489,ductal,inDrop3,validation
human4_lib3.final_cell_0150,beta,inDrop4,test
human3_lib4.final_cell_0083,acinar,inDrop3,test
HP1502401_B24,beta,smartseq2,train
human4_lib3.final_cell_0558,alpha,inDrop4,train
human1_lib3.final_cell_0135,delta,inDrop1,test
human3_lib2.final_cell_0806,ductal,inDrop3,validation
HP1507101_B18,alpha,smartseq2,train
Sample_1411,alpha,smarter,train
D30-2_43,acinar,celseq2,train
human4_lib3.final_cell_0526,alpha,inDrop4,train
HP1507101_O14,beta,smartseq2,train
human3_lib4.final_cell_0623,gamma,inDrop3,validation
human2_lib3.final_cell_0407,alpha,inDrop2,validation
human2_lib3.final_cell_0544,alpha,inDrop2,validation
human2_lib1.final_cell_0455,alpha,inDrop2,train
D29-2_22,alpha,celseq2,train
human4_lib3.final_cell_0060,alpha,inDrop4,validation
D30-4_11,alpha,celseq2,train
human3_lib2.final_cell_0425,alpha,inDrop3,train
human1_lib1.final_cell_0479,gamma,inDrop1,train
D29-4_94,beta,celseq2,train
human4_lib1.final_cell_0380,beta,inDrop4,test
HP1525301T2D_J9,ductal,smartseq2,train
human2_lib3.final_cell_0263,gamma,inDrop2,train
Sample_807,beta,smarter,train
D28-7_89,ductal,celseq2,train
human3_lib3.final_cell_0077,acinar,inDrop3,train
D172444_66,alpha,celseq,train
human3_lib2.final_cell_0857,endothelial,inDrop3,test
human4_lib3.final_cell_0607,ductal,inDrop4,train
human1_lib1.final_cell_0377,delta,inDrop1,validation
human2_lib2.final_cell_0436,alpha,inDrop2,train
12th-C14_S190,beta,fluidigmc1,validation
human3_lib2.final_cell_0797,beta,inDrop3,test
human3_lib1.final_cell_0538,beta,inDrop3,train
human3_lib1.final_cell_0147,beta,inDrop3,test
human1_lib3.final_cell_0374,beta,inDrop1,train
Sample_908,beta,smarter,train
human3_lib3.final_cell_0226,acinar,inDrop3,test
D31-4_48,acinar,celseq2,validation
human1_lib3.final_cell_0273,alpha,inDrop1,train
human3_lib3.final_cell_0112,beta,inDrop3,test
D3en2_91,ductal,celseq,test
human4_lib3.final_cell_0576,beta,inDrop4,train
human2_lib1.final_cell_0553,ductal,inDrop2,validation
Sample_1380,alpha,smarter,train
Sample_175,beta,smarter,test
D31-1_54,beta,celseq2,train
human1_lib3.final_cell_0064,delta,inDrop1,train
D71_95,ductal,celseq,test
4th-C85_S78,delta,fluidigmc1,train
Sample_1261,alpha,smarter,train
D30-2_85,alpha,celseq2,train
human2_lib1.final_cell_0179,alpha,inDrop2,train
human4_lib3.final_cell_0101,beta,inDrop4,train
human1_lib1.final_cell_0448,beta,inDrop1,validation
D1713_9,alpha,celseq,validation
human3_lib2.final_cell_0329,alpha,inDrop3,test
human3_lib1.final_cell_0602,alpha,inDrop3,test
HP1509101_N10,ductal,smartseq2,train
human3_lib2.final_cell_0174,acinar,inDrop3,train
D30-5_81,ductal,celseq2,test
human4_lib1.final_cell_0223,ductal,inDrop4,train
human4_lib3.final_cell_0035,ductal,inDrop4,train
13th_C38_S145,beta,fluidigmc1,train
human4_lib1.final_cell_0036,alpha,inDrop4,train
human1_lib3.final_cell_0447,acinar,inDrop1,train
human3_lib4.final_cell_0518,acinar,inDrop3,train
human4_lib3.final_cell_0126,beta,inDrop4,train
human3_lib2.final_cell_0252,activated_stellate,inDrop3,validation
D30-4_69,alpha,celseq2,test
D1713_53,ductal,celseq,test
human3_lib4.final_cell_0082,delta,inDrop3,train
human2_lib2.final_cell_0312,alpha,inDrop2,train
human3_lib4.final_cell_0348,beta,inDrop3,test
human2_lib2.final_cell_0136,ductal,inDrop2,train
human1_lib2.final_cell_0057,beta,inDrop1,train
D74_13,ductal,celseq,train
HP1504101T2D_F17,delta,smartseq2,train
Sample_592,delta,smarter,train
human3_lib4.final_cell_0738,alpha,inDrop3,test
4th-C26_S50,delta,fluidigmc1,train
D2ex_1,acinar,celseq,train
D31-5_74,beta,celseq2,validation
Sample_486,alpha,smarter,train
D3ex_9,ductal,celseq,train
human2_lib2.final_cell_0158,ductal,inDrop2,validation
human2_lib2.final_cell_0214,ductal,inDrop2,train
D31-8_89,acinar,celseq2,test
Sample_1303,alpha,smarter,train
human3_lib3.final_cell_0591,beta,inDrop3,validation
Sample_314,alpha,smarter,train
human3_lib4.final_cell_0674,alpha,inDrop3,train
Sample_11,beta,smarter,train
HP1506401_H6,ductal,smartseq2,test
human2_lib2.final_cell_0171,alpha,inDrop2,validation
HP1502401_H24,alpha,smartseq2,train
D30-1_94,beta,celseq2,train
human3_lib1.final_cell_0010,acinar,inDrop3,train
human4_lib1.final_cell_0585,ductal,inDrop4,test
human3_lib4.final_cell_0538,ductal,inDrop3,train
human4_lib3.final_cell_0358,beta,inDrop4,train
human3_lib4.final_cell_0675,activated_stellate,inDrop3,train
human4_lib1.final_cell_0541,alpha,inDrop4,train
human2_lib1.final_cell_0207,gamma,inDrop2,train
human3_lib1.final_cell_0228,ductal,inDrop3,train
human3_lib4.final_cell_0566,ductal,inDrop3,train
human3_lib3.final_cell_0058,acinar,inDrop3,train
human1_lib3.final_cell_0228,beta,inDrop1,train
HP1508501T2D_G3,ductal,smartseq2,train
human3_lib3.final_cell_0417,ductal,inDrop3,train
human3_lib1.final_cell_0403,beta,inDrop3,validation
human2_lib3.final_cell_0290,beta,inDrop2,train
human1_lib3.final_cell_0076,beta,inDrop1,train
human2_lib3.final_cell_0127,alpha,inDrop2,test
human3_lib2.final_cell_0675,acinar,inDrop3,test
HP1504101T2D_E6,alpha,smartseq2,train
human1_lib2.final_cell_0217,ductal,inDrop1,train
Sample_42,beta,smarter,validation
D30-7_40,alpha,celseq2,train
human4_lib3.final_cell_0163,alpha,inDrop4,train
Sample_726,beta,smarter,train
human1_lib1.final_cell_0094,beta,inDrop1,validation
human3_lib2.final_cell_0547,acinar,inDrop3,train
human4_lib3.final_cell_0679,ductal,inDrop4,train
human3_lib1.final_cell_0375,alpha,inDrop3,validation
HP1525301T2D_K21,ductal,smartseq2,train
D3en1_11,acinar,celseq,train
D3en3_53,ductal,celseq,train
HP1506401_F5,acinar,smartseq2,train
human3_lib3.final_cell_0205,acinar,inDrop3,train
human3_lib2.final_cell_0858,endothelial,inDrop3,train
D29-3_3,alpha,celseq2,validation
D30-1_28,alpha,celseq2,test
human1_lib3.final_cell_0338,beta,inDrop1,train
HP1506401_H11,gamma,smartseq2,train
human3_lib4.final_cell_0216,alpha,inDrop3,train
human2_lib2.final_cell_0511,beta,inDrop2,validation
D28-5_14,alpha,celseq2,train
D28-2_2,alpha,celseq2,train
D73_72,beta,celseq,train
human4_lib3.final_cell_0631,beta,inDrop4,train
HP1506401_N10,ductal,smartseq2,train
D31-8_45,ductal,celseq2,validation
Sample_678,beta,smarter,train
D31-7_54,alpha,celseq2,train
D29-6_77,beta,celseq2,train
HP1504901_N17,alpha,smartseq2,train
HP1504101T2D_I7,gamma,smartseq2,train
human3_lib4.final_cell_0437,alpha,inDrop3,train
HP1509101_I8,alpha,smartseq2,test
human1_lib1.final_cell_0554,endothelial,inDrop1,validation
AZ_C5,alpha,smartseq2,train
human2_lib1.final_cell_0291,beta,inDrop2,train
human3_lib2.final_cell_0776,delta,inDrop3,train
human3_lib1.final_cell_0037,acinar,inDrop3,train
AZ_D9,alpha,smartseq2,test
D29-5_34,beta,celseq2,train
Sample_1330,alpha,smarter,train
7th-C76_S52,ductal,fluidigmc1,test
10th_C24_S90,ductal,fluidigmc1,train
Sample_27,beta,smarter,test
human3_lib3.final_cell_0829,delta,inDrop3,validation
Sample_1119,alpha,smarter,train
human1_lib3.final_cell_0283,beta,inDrop1,test
HP1502401_K5,alpha,smartseq2,train
HP1526901T2D_M24,beta,smartseq2,train
human2_lib2.final_cell_0266,alpha,inDrop2,train
human2_lib1.final_cell_0502,alpha,inDrop2,train
D30-3_16,alpha,celseq2,train
human4_lib3.final_cell_0107,delta,inDrop4,validation
D31-2_35,ductal,celseq2,test
Sample_1232,alpha,smarter,validation
human4_lib1.final_cell_0557,beta,inDrop4,train
human1_lib3.final_cell_0443,beta,inDrop1,train
human3_lib2.final_cell_0164,acinar,inDrop3,test
D30-1_44,endothelial,celseq2,test
D72_71,delta,celseq,train
D71_93,alpha,celseq,train
Sample_843,beta,smarter,train
human3_lib1.final_cell_0478,alpha,inDrop3,train
HP1509101_F2,ductal,smartseq2,train
human2_lib1.final_cell_0182,beta,inDrop2,test
human3_lib3.final_cell_0150,beta,inDrop3,train
human2_lib3.final_cell_0556,alpha,inDrop2,train
human3_lib2.final_cell_0235,acinar,inDrop3,train
human1_lib3.final_cell_0136,beta,inDrop1,train
human1_lib1.final_cell_0254,beta,inDrop1,train
human1_lib1.final_cell_0117,delta,inDrop1,train
human1_lib2.final_cell_0286,beta,inDrop1,train
human3_lib1.final_cell_0570,delta,inDrop3,train
HP1508501T2D_I8,beta,smartseq2,train
D30-5_38,ductal,celseq2,train
D30-2_18,alpha,celseq2,train
human3_lib3.final_cell_0877,beta,inDrop3,train
human3_lib2.final_cell_0226,acinar,inDrop3,train
human1_lib1.final_cell_0025,delta,inDrop1,train
HP1507101_J24,alpha,smartseq2,validation
human1_lib3.final_cell_0641,schwann,inDrop1,train
Sample_1199,alpha,smarter,train
D29-7_39,beta,celseq2,train
human1_lib3.final_cell_0503,quiescent_stellate,inDrop1,train
human4_lib1.final_cell_0550,delta,inDrop4,test
D30-6_51,alpha,celseq2,train
D29-7_38,alpha,celseq2,train
HP1507101_G2,activated_stellate,smartseq2,train
human2_lib1.final_cell_0105,beta,inDrop2,train
human3_lib2.final_cell_0340,ductal,inDrop3,train
HP1508501T2D_K12,alpha,smartseq2,train
human4_lib1.final_cell_0173,beta,inDrop4,train
human4_lib1.final_cell_0002,delta,inDrop4,train
HP1504101T2D_B17,gamma,smartseq2,train
human4_lib3.final_cell_0497,endothelial,inDrop4,train
human3_lib3.final_cell_0634,beta,inDrop3,train
human3_lib1.final_cell_0458,ductal,inDrop3,train
human1_lib3.final_cell_0201,delta,inDrop1,test
D31-1_78,alpha,celseq2,train
Sample_1552,gamma,smarter,train
human3_lib3.final_cell_0823,ductal,inDrop3,train
human2_lib3.final_cell_0521,beta,inDrop2,train
human4_lib3.final_cell_0038,ductal,inDrop4,validation
HP1504901_D18,epsilon,smartseq2,train
human2_lib2.final_cell_0159,alpha,inDrop2,validation
human2_lib3.final_cell_0525,mast,inDrop2,validation
human1_lib3.final_cell_0093,delta,inDrop1,train
human4_lib3.final_cell_0691,beta,inDrop4,validation
human3_lib4.final_cell_0859,activated_stellate,inDrop3,test
human3_lib3.final_cell_0190,beta,inDrop3,validation
D31-3_33,beta,celseq2,train
HP1508501T2D_N24,acinar,smartseq2,train
Sample_176,beta,smarter,test
human3_lib4.final_cell_0481,beta,inDrop3,train
D17All1_25,ductal,celseq,test
human4_lib1.final_cell_0082,activated_stellate,inDrop4,train
AZ_D8,gamma,smartseq2,test
human3_lib4.final_cell_0721,alpha,inDrop3,train
human3_lib1.final_cell_0304,beta,inDrop3,validation
D29-8_18,alpha,celseq2,train
human3_lib4.final_cell_0090,acinar,inDrop3,test
human3_lib3.final_cell_0156,acinar,inDrop3,train
human3_lib2.final_cell_0777,acinar,inDrop3,train
D31-1_21,acinar,celseq2,train
human3_lib4.final_cell_0478,ductal,inDrop3,train
HP1526901T2D_M23,alpha,smartseq2,train
D29-2_1,activated_stellate,celseq2,train
D172444_86,beta,celseq,train
human3_lib4.final_cell_0025,acinar,inDrop3,train
D101_73,beta,celseq,test
human1_lib3.final_cell_0175,beta,inDrop1,test
D3en2_60,ductal,celseq,train
D31-5_37,ductal,celseq2,train
D31-5_26,beta,celseq2,validation
human1_lib3.final_cell_0468,gamma,inDrop1,train
human3_lib1.final_cell_0197,acinar,inDrop3,train
human2_lib2.final_cell_0107,alpha,inDrop2,train
human3_lib3.final_cell_0872,beta,inDrop3,train
12th-C96_S167,beta,fluidigmc1,test
D71_78,acinar,celseq,train
HP1504901_N7,alpha,smartseq2,train
D17All2_11,alpha,celseq,train
D17TGFB_26,acinar,celseq,train
human3_lib3.final_cell_0925,endothelial,inDrop3,train
HP1526901T2D_L5,beta,smartseq2,train
human1_lib3.final_cell_0129,alpha,inDrop1,train
human2_lib2.final_cell_0484,alpha,inDrop2,train
D1713_80,acinar,celseq,train
HP1525301T2D_N19,alpha,smartseq2,test
HP1525301T2D_I3,ductal,smartseq2,test
human1_lib3.final_cell_0455,beta,inDrop1,train
human3_lib2.final_cell_0738,ductal,inDrop3,test
human2_lib3.final_cell_0011,ductal,inDrop2,train
HP1502401_B18,gamma,smartseq2,train
Sample_1405,alpha,smarter,train
D31-6_50,ductal,celseq2,test
HP1525301T2D_M10,alpha,smartseq2,train
D30-7_48,beta,celseq2,validation
human2_lib3.final_cell_0545,activated_stellate,inDrop2,train
human3_lib1.final_cell_0093,acinar,inDrop3,train
D101_27,ductal,celseq,validation
D72_34,ductal,celseq,train
human1_lib2.final_cell_0454,beta,inDrop1,train
4th-C29_S56,alpha,fluidigmc1,train
human1_lib1.final_cell_0248,alpha,inDrop1,train
human3_lib1.final_cell_0324,alpha,inDrop3,train
human2_lib3.final_cell_0115,ductal,inDrop2,train
human3_lib1.final_cell_0780,alpha,inDrop3,test
Sample_621,gamma,smarter,test
D31-5_32,beta,celseq2,train
human4_lib3.final_cell_0322,delta,inDrop4,train
human3_lib2.final_cell_0026,acinar,inDrop3,train
D28-3_73,ductal,celseq2,train
Sample_734,beta,smarter,test
D71_19,beta,celseq,train
human3_lib4.final_cell_0886,macrophage,inDrop3,train
D29-7_76,alpha,celseq2,train
Sample_1560,gamma,smarter,train
human1_lib3.final_cell_0120,beta,inDrop1,train
D28-6_17,ductal,celseq2,train
human3_lib3.final_cell_0846,alpha,inDrop3,test
human1_lib3.final_cell_0420,gamma,inDrop1,train
D28-1_80,ductal,celseq2,train
human3_lib3.final_cell_0692,alpha,inDrop3,train
12th-C53_S168,acinar,fluidigmc1,test
Sample_391,alpha,smarter,train
D29-8_94,beta,celseq2,train
human1_lib2.final_cell_0306,beta,inDrop1,train
human2_lib3.final_cell_0018,ductal,inDrop2,test
HP1507101_J8,beta,smartseq2,validation
human3_lib1.final_cell_0809,alpha,inDrop3,test
human2_lib1.final_cell_0198,beta,inDrop2,train
D30-3_81,beta,celseq2,validation
human2_lib2.final_cell_0135,beta,inDrop2,test
human3_lib3.final_cell_0143,acinar,inDrop3,train
human3_lib2.final_cell_0432,gamma,inDrop3,train
human1_lib3.final_cell_0708,alpha,inDrop1,train
D31-1_48,acinar,celseq2,validation
D28-4_73,ductal,celseq2,train
12th-C47_S153,beta,fluidigmc1,train
human1_lib1.final_cell_0457,endothelial,inDrop1,train
human3_lib4.final_cell_0717,ductal,inDrop3,train
human2_lib2.final_cell_0462,quiescent_stellate,inDrop2,train
human3_lib1.final_cell_0480,ductal,inDrop3,train
human1_lib3.final_cell_0254,beta,inDrop1,test
human1_lib3.final_cell_0358,beta,inDrop1,train
Sample_1020,alpha,smarter,test
HP1502401_I1,alpha,smartseq2,train
human4_lib1.final_cell_0027,beta,inDrop4,train
human3_lib3.final_cell_0117,activated_stellate,inDrop3,train
13th_C68_S165,beta,fluidigmc1,train
human2_lib2.final_cell_0114,alpha,inDrop2,train
9th-C30_S52,alpha,fluidigmc1,train
Sample_1561,gamma,smarter,train
HP1504901_J24,activated_stellate,smartseq2,train
D31-1_39,beta,celseq2,test
D30-3_63,acinar,celseq2,validation
human3_lib1.final_cell_0133,ductal,inDrop3,train
human4_lib3.final_cell_0084,gamma,inDrop4,test
human2_lib2.final_cell_0253,beta,inDrop2,train
HP1508501T2D_D14,alpha,smartseq2,train
human2_lib2.final_cell_0320,beta,inDrop2,validation
D30-4_78,activated_stellate,celseq2,train
HP1502401_I12,endothelial,smartseq2,train
D28-2_37,gamma,celseq2,train
human1_lib1.final_cell_0009,acinar,inDrop1,test
human1_lib1.final_cell_0219,activated_stellate,inDrop1,train
D28-2_78,acinar,celseq2,train
human3_lib1.final_cell_0050,acinar,inDrop3,validation
human1_lib1.final_cell_0551,beta,inDrop1,train
Sample_1554,gamma,smarter,test
human2_lib3.final_cell_0346,delta,inDrop2,train
human2_lib2.final_cell_0168,alpha,inDrop2,test
4th-C22_S45,alpha,fluidigmc1,test
HP1509101_O13,alpha,smartseq2,train
D28-6_53,beta,celseq2,train
HP1508501T2D_L24,ductal,smartseq2,train
HP1508501T2D_I4,ductal,smartseq2,test
HP1507101_C12,beta,smartseq2,train
human3_lib4.final_cell_0544,beta,inDrop3,train
human3_lib1.final_cell_0567,ductal,inDrop3,test
HP1526901T2D_A2,beta,smartseq2,train
D17TGFB_87,ductal,celseq,validation
human1_lib1.final_cell_0264,beta,inDrop1,validation
human4_lib3.final_cell_0465,ductal,inDrop4,train
human3_lib2.final_cell_0050,beta,inDrop3,train
human3_lib2.final_cell_0861,quiescent_stellate,inDrop3,train
human4_lib3.final_cell_0009,ductal,inDrop4,validation
human1_lib3.final_cell_0397,alpha,inDrop1,test
human3_lib4.final_cell_0788,beta,inDrop3,test
human4_lib1.final_cell_0118,ductal,inDrop4,train
human2_lib2.final_cell_0581,alpha,inDrop2,validation
D31-1_27,acinar,celseq2,validation
Sample_805,beta,smarter,train
HP1504901_B16,alpha,smartseq2,train
Sample_112,beta,smarter,train
Sample_693,beta,smarter,train
HP1504901_J15,ductal,smartseq2,train
Sample_862,beta,smarter,test
HP1526901T2D_F5,beta,smartseq2,train
human2_lib3.final_cell_0475,beta,inDrop2,validation
human4_lib1.final_cell_0598,beta,inDrop4,train
human3_lib1.final_cell_0218,beta,inDrop3,train
HP1526901T2D_O12,mast,smartseq2,train
human3_lib3.final_cell_0738,acinar,inDrop3,train
human4_lib1.final_cell_0566,ductal,inDrop4,test
D3ex_4,ductal,celseq,train
Sample_609,delta,smarter,validation
HP1502401_D16,alpha,smartseq2,validation
D30-3_57,alpha,celseq2,validation
HP1504101T2D_H6,beta,smartseq2,test
D30-2_78,alpha,celseq2,train
human3_lib4.final_cell_0021,acinar,inDrop3,train
human2_lib1.final_cell_0120,alpha,inDrop2,train
human3_lib2.final_cell_0466,acinar,inDrop3,validation
human2_lib3.final_cell_0302,alpha,inDrop2,train
AZ_F5,activated_stellate,smartseq2,train
D102_45,beta,celseq,train
human4_lib1.final_cell_0437,beta,inDrop4,train
human3_lib2.final_cell_0073,acinar,inDrop3,train
human2_lib3.final_cell_0392,ductal,inDrop2,validation
human3_lib1.final_cell_0891,endothelial,inDrop3,train
D71_14,ductal,celseq,train
D30-5_24,alpha,celseq2,train
human3_lib3.final_cell_0487,beta,inDrop3,train
HP1525301T2D_O8,ductal,smartseq2,validation
Sample_258,alpha,smarter,train
8th-C90_S152,alpha,fluidigmc1,train
10th_C41_S101,alpha,fluidigmc1,train
HP1525301T2D_P22,alpha,smartseq2,train
human1_lib1.final_cell_0305,beta,inDrop1,validation
D28-6_75,ductal,celseq2,train
human4_lib1.final_cell_0545,alpha,inDrop4,test
human2_lib3.final_cell_0106,beta,inDrop2,validation
HP1525301T2D_A14,ductal,smartseq2,train
human3_lib4.final_cell_0821,alpha,inDrop3,test
D73_70,ductal,celseq,train
human3_lib2.final_cell_0563,beta,inDrop3,test
human3_lib3.final_cell_0920,quiescent_stellate,inDrop3,train
human3_lib2.final_cell_0603,alpha,inDrop3,train
human1_lib2.final_cell_0403,alpha,inDrop1,train
D29-3_48,beta,celseq2,train
human3_lib3.final_cell_0528,ductal,inDrop3,train
human3_lib4.final_cell_0176,acinar,inDrop3,train
human3_lib2.final_cell_0137,beta,inDrop3,train
human4_lib3.final_cell_0376,activated_stellate,inDrop4,train
human1_lib1.final_cell_0441,beta,inDrop1,test
HP1509101_O8,gamma,smartseq2,train
human3_lib1.final_cell_0617,alpha,inDrop3,train
D17TGFB_25,ductal,celseq,test
D30-3_42,alpha,celseq2,train
human2_lib3.final_cell_0367,ductal,inDrop2,train
HP1504101T2D_G19,alpha,smartseq2,train
HP1508501T2D_B17,ductal,smartseq2,train
human3_lib2.final_cell_0171,acinar,inDrop3,test
D28-5_42,acinar,celseq2,train
human3_lib3.final_cell_0321,beta,inDrop3,train
human3_lib2.final_cell_0799,alpha,inDrop3,train
human2_lib2.final_cell_0288,alpha,inDrop2,train
Sample_1587,gamma,smarter,train
HP1526901T2D_N6,alpha,smartseq2,train
human1_lib2.final_cell_0267,alpha,inDrop1,train
human3_lib2.final_cell_0359,acinar,inDrop3,validation
human3_lib1.final_cell_0200,acinar,inDrop3,train
human3_lib1.final_cell_0645,alpha,inDrop3,train
human4_lib3.final_cell_0647,alpha,inDrop4,train
human3_lib3.final_cell_0785,ductal,inDrop3,validation
human3_lib2.final_cell_0842,alpha,inDrop3,train
human1_lib1.final_cell_0220,beta,inDrop1,validation
HP1504101T2D_J16,acinar,smartseq2,train
HP1504101T2D_K10,acinar,smartseq2,train
HP1504101T2D_O4,gamma,smartseq2,train
D30-2_8,gamma,celseq2,train
human3_lib4.final_cell_0177,acinar,inDrop3,train
D17TGFB_31,acinar,celseq,train
human2_lib1.final_cell_0533,ductal,inDrop2,validation
human4_lib3.final_cell_0372,delta,inDrop4,train
human4_lib3.final_cell_0266,beta,inDrop4,train
human3_lib2.final_cell_0233,beta,inDrop3,train
human2_lib1.final_cell_0338,alpha,inDrop2,train
human4_lib3.final_cell_0594,ductal,inDrop4,train
D31-4_63,beta,celseq2,train
human2_lib1.final_cell_0243,alpha,inDrop2,train
human1_lib1.final_cell_0191,alpha,inDrop1,validation
HP1509101_N23,beta,smartseq2,train
HP1506401_D21,ductal,smartseq2,test
HP1502401_C5,delta,smartseq2,validation
D31-3_47,acinar,celseq2,train
human3_lib1.final_cell_0158,acinar,inDrop3,train
Sample_839,beta,smarter,train
D28-3_44,acinar,celseq2,validation
human3_lib1.final_cell_0422,acinar,inDrop3,test
D3en1_50,ductal,celseq,validation
human4_lib1.final_cell_0314,alpha,inDrop4,train
human2_lib3.final_cell_0134,beta,inDrop2,test
human4_lib3.final_cell_0404,alpha,inDrop4,train
human4_lib3.final_cell_0219,beta,inDrop4,train
HP1506401_A18,ductal,smartseq2,test
D28-3_43,endothelial,celseq2,train
human3_lib1.final_cell_0125,acinar,inDrop3,validation
HP1508501T2D_K3,ductal,smartseq2,train
human1_lib3.final_cell_0013,activated_stellate,inDrop1,train
8th-C79_S140,alpha,fluidigmc1,test
human3_lib3.final_cell_0548,alpha,inDrop3,validation
human3_lib4.final_cell_0780,beta,inDrop3,train
HP1526901T2D_F15,ductal,smartseq2,validation
D30-4_55,activated_stellate,celseq2,validation
human3_lib3.final_cell_0337,alpha,inDrop3,train
HP1502401_B21,beta,smartseq2,train
human3_lib4.final_cell_0217,alpha,inDrop3,train
human4_lib1.final_cell_0451,beta,inDrop4,train
human3_lib2.final_cell_0412,beta,inDrop3,validation
human3_lib4.final_cell_0061,acinar,inDrop3,test
HP1504101T2D_E1,alpha,smartseq2,train
HP1504101T2D_L3,alpha,smartseq2,train
HP1502401_L7,alpha,smartseq2,validation
human3_lib4.final_cell_0392,beta,inDrop3,train
D30-4_31,ductal,celseq2,validation
HP1507101_J22,alpha,smartseq2,test
human1_lib3.final_cell_0267,alpha,inDrop1,train
D28-8_41,alpha,celseq2,train
Sample_187,beta,smarter,train
HP1506401_D23,acinar,smartseq2,validation
D17TGFB_20,alpha,celseq,train
Sample_1427,alpha,smarter,validation
human4_lib1.final_cell_0529,beta,inDrop4,train
HP1526901T2D_H8,ductal,smartseq2,train
human1_lib2.final_cell_0457,alpha,inDrop1,train
D31-4_77,ductal,celseq2,train
D31-7_66,delta,celseq2,test
human3_lib1.final_cell_0249,beta,inDrop3,train
HP1507101_G3,alpha,smartseq2,test
13th_C60_S213,alpha,fluidigmc1,validation
D30-8_20,alpha,celseq2,validation
human1_lib1.final_cell_0320,beta,inDrop1,train
1st-C15_S3,alpha,fluidigmc1,train
human3_lib3.final_cell_0103,acinar,inDrop3,train
human2_lib1.final_cell_0102,gamma,inDrop2,validation
human2_lib3.final_cell_0501,alpha,inDrop2,train
HP1502401_B1,beta,smartseq2,train
human1_lib3.final_cell_0377,beta,inDrop1,train
human1_lib1.final_cell_0298,beta,inDrop1,test
HP1504901_J7,beta,smartseq2,train
human3_lib2.final_cell_0179,gamma,inDrop3,train
D29-6_59,beta,celseq2,test
human1_lib1.final_cell_0365,alpha,inDrop1,train
HP1506401_G24,alpha,smartseq2,train
human2_lib3.final_cell_0446,beta,inDrop2,validation
human2_lib3.final_cell_0077,macrophage,inDrop2,train
human1_lib3.final_cell_0687,activated_stellate,inDrop1,validation
human3_lib1.final_cell_0463,beta,inDrop3,validation
HP1504101T2D_H23,beta,smartseq2,train
human4_lib3.final_cell_0659,gamma,inDrop4,train
human3_lib4.final_cell_0756,alpha,inDrop3,train
Sample_150,beta,smarter,train
human4_lib1.final_cell_0040,ductal,inDrop4,validation
HP1509101_O1,delta,smartseq2,test
Sample_90,beta,smarter,train
Sample_575,alpha,smarter,test
human3_lib3.final_cell_0218,beta,inDrop3,train
human4_lib3.final_cell_0500,beta,inDrop4,train
D31-7_71,alpha,celseq2,train
human3_lib3.final_cell_0416,beta,inDrop3,train
human2_lib1.final_cell_0335,alpha,inDrop2,train
human1_lib3.final_cell_0734,beta,inDrop1,train
human2_lib3.final_cell_0235,beta,inDrop2,train
human4_lib1.final_cell_0051,beta,inDrop4,train
human3_lib2.final_cell_0135,acinar,inDrop3,validation
10th_C61_S68,beta,fluidigmc1,train
HP1526901T2D_G10,alpha,smartseq2,validation
D31-8_17,delta,celseq2,train
human3_lib4.final_cell_0497,beta,inDrop3,train
D29-1_80,alpha,celseq2,train
human4_lib3.final_cell_0547,beta,inDrop4,train
human4_lib3.final_cell_0401,alpha,inDrop4,train
human1_lib3.final_cell_0571,delta,inDrop1,train
3rd-C20_S22,ductal,fluidigmc1,test
Sample_332,alpha,smarter,train
human3_lib1.final_cell_0216,delta,inDrop3,train
4th-C35_S68,alpha,fluidigmc1,train
human2_lib1.final_cell_0188,endothelial,inDrop2,train
HP1502401_E14,epsilon,smartseq2,train
human3_lib4.final_cell_0215,beta,inDrop3,validation
D30-2_3,delta,celseq2,train
D29-5_56,alpha,celseq2,train
human2_lib1.final_cell_0356,alpha,inDrop2,train
human1_lib3.final_cell_0578,ductal,inDrop1,validation
human1_lib1.final_cell_0547,beta,inDrop1,train
human3_lib2.final_cell_0113,beta,inDrop3,validation
Sample_944,beta,smarter,train
D73_42,beta,celseq,test
D3en1_79,ductal,celseq,train
human2_lib3.final_cell_0529,ductal,inDrop2,train
HP1507101_K23,beta,smartseq2,train
human4_lib3.final_cell_0562,beta,inDrop4,train
HP1526901T2D_P2,alpha,smartseq2,train
D28-3_53,ductal,celseq2,validation
human2_lib3.final_cell_0102,activated_stellate,inDrop2,test
7th-C28_S48,beta,fluidigmc1,train
Sample_1181,alpha,smarter,validation
D30-1_55,acinar,celseq2,test
7th-C94_S83,beta,fluidigmc1,train
human2_lib1.final_cell_0135,alpha,inDrop2,train
human2_lib2.final_cell_0566,ductal,inDrop2,train
D29-4_15,alpha,celseq2,train
D30-8_86,delta,celseq2,validation
human2_lib2.final_cell_0362,ductal,inDrop2,train
human3_lib4.final_cell_0479,alpha,inDrop3,test
HP1506401_B4,gamma,smartseq2,validation
human3_lib4.final_cell_0714,alpha,inDrop3,train
HP1504901_N16,alpha,smartseq2,test
D31-7_64,alpha,celseq2,train
human3_lib1.final_cell_0685,alpha,inDrop3,train
human3_lib1.final_cell_0069,acinar,inDrop3,train
human4_lib3.final_cell_0491,beta,inDrop4,test
human4_lib1.final_cell_0205,beta,inDrop4,train
human1_lib2.final_cell_0483,beta,inDrop1,train
human3_lib4.final_cell_0898,beta,inDrop3,train
human3_lib2.final_cell_0060,acinar,inDrop3,train
human4_lib3.final_cell_0653,beta,inDrop4,train
Sample_874,beta,smarter,train
D30-5_20,alpha,celseq2,train
human3_lib1.final_cell_0319,alpha,inDrop3,validation
human3_lib4.final_cell_0180,delta,inDrop3,train
HP1502401_K21,alpha,smartseq2,train
Sample_1316,alpha,smarter,test
D3en2_48,acinar,celseq,train
HP1526901T2D_B20,alpha,smartseq2,train
human4_lib1.final_cell_0388,gamma,inDrop4,train
D3en3_46,acinar,celseq,train
human1_lib2.final_cell_0274,beta,inDrop1,train
human3_lib2.final_cell_0646,acinar,inDrop3,train
human4_lib1.final_cell_0304,beta,inDrop4,train
Sample_74,beta,smarter,train
Sample_328,alpha,smarter,train
D29-7_59,alpha,celseq2,test
human1_lib3.final_cell_0212,beta,inDrop1,train
human1_lib2.final_cell_0377,acinar,inDrop1,train
human1_lib2.final_cell_0159,beta,inDrop1,train
D29-3_32,gamma,celseq2,train
human1_lib3.final_cell_0073,ductal,inDrop1,test
human2_lib2.final_cell_0549,gamma,inDrop2,train
human4_lib1.final_cell_0400,activated_stellate,inDrop4,train
HP1504901_M18,alpha,smartseq2,train
human4_lib3.final_cell_0010,beta,inDrop4,test
D29-1_78,beta,celseq2,train
human3_lib4.final_cell_0591,activated_stellate,inDrop3,train
human1_lib3.final_cell_0276,beta,inDrop1,test
D71_26,beta,celseq,train
HP1525301T2D_C14,acinar,smartseq2,train
human4_lib1.final_cell_0092,ductal,inDrop4,train
human1_lib3.final_cell_0133,beta,inDrop1,test
HP1504101T2D_B22,gamma,smartseq2,test
D74_39,ductal,celseq,train
human3_lib1.final_cell_0790,acinar,inDrop3,train
Sample_1537,delta,smarter,train
HP1504101T2D_H18,ductal,smartseq2,train
D2ex_84,ductal,celseq,validation
D101_66,alpha,celseq,train
human3_lib2.final_cell_0213,acinar,inDrop3,test
human3_lib4.final_cell_0705,endothelial,inDrop3,train
Sample_711,beta,smarter,train
HP1504101T2D_N7,alpha,smartseq2,train
human2_lib2.final_cell_0249,alpha,inDrop2,train
human3_lib1.final_cell_0027,acinar,inDrop3,train
human3_lib1.final_cell_0879,beta,inDrop3,test
human1_lib1.final_cell_0118,beta,inDrop1,train
human1_lib1.final_cell_0116,beta,inDrop1,train
D31-6_37,ductal,celseq2,train
HP1504901_D23,alpha,smartseq2,train
HP1508501T2D_D20,alpha,smartseq2,train
D29-3_64,beta,celseq2,train
D30-6_25,ductal,celseq2,train
human4_lib3.final_cell_0390,ductal,inDrop4,train
HP1504101T2D_D11,gamma,smartseq2,train
human1_lib2.final_cell_0164,beta,inDrop1,train
human2_lib3.final_cell_0331,delta,inDrop2,validation
D2ex_16,acinar,celseq,test
human1_lib2.final_cell_0417,quiescent_stellate,inDrop1,train
human2_lib3.final_cell_0423,gamma,inDrop2,train
Sample_1198,alpha,smarter,train
human1_lib3.final_cell_0710,endothelial,inDrop1,validation
D17TGFB_44,acinar,celseq,train
D30-7_61,alpha,celseq2,train
human3_lib4.final_cell_0249,ductal,inDrop3,train
human3_lib2.final_cell_0380,gamma,inDrop3,train
human2_lib2.final_cell_0021,macrophage,inDrop2,train
human1_lib2.final_cell_0245,alpha,inDrop1,train
human3_lib3.final_cell_0167,beta,inDrop3,test
human2_lib1.final_cell_0473,ductal,inDrop2,train
human3_lib2.final_cell_0018,acinar,inDrop3,train
human1_lib1.final_cell_0088,beta,inDrop1,train
HP1526901T2D_M16,alpha,smartseq2,train
D29-1_34,alpha,celseq2,train
human4_lib3.final_cell_0583,beta,inDrop4,train
D30-4_29,alpha,celseq2,train
human4_lib3.final_cell_0187,gamma,inDrop4,train
human3_lib3.final_cell_0843,alpha,inDrop3,train
4th-C32_S62,delta,fluidigmc1,train
human3_lib1.final_cell_0159,beta,inDrop3,validation
D17All2_43,alpha,celseq,train
HP1509101_G21,endothelial,smartseq2,train
HP1504101T2D_N1,alpha,smartseq2,validation
D31-4_37,gamma,celseq2,train
D1713_29,acinar,celseq,train
HP1509101_H20,ductal,smartseq2,test
HP1502401_O8,alpha,smartseq2,train
human1_lib3.final_cell_0630,delta,inDrop1,validation
human3_lib4.final_cell_0050,delta,inDrop3,validation
human3_lib3.final_cell_0475,beta,inDrop3,validation
human2_lib2.final_cell_0346,activated_stellate,inDrop2,train
human3_lib1.final_cell_0502,gamma,inDrop3,test
HP1525301T2D_G13,ductal,smartseq2,train
2nd-C47_S92,alpha,fluidigmc1,train
HP1506401_I15,acinar,smartseq2,train
human2_lib2.final_cell_0055,alpha,inDrop2,validation
D30-3_61,activated_stellate,celseq2,test
D28-3_54,ductal,celseq2,train
10th_C88_S130,ductal,fluidigmc1,test
D31-3_45,alpha,celseq2,train
D30-2_30,beta,celseq2,test
human3_lib4.final_cell_0509,alpha,inDrop3,train
Sample_13,beta,smarter,train
Sample_1100,alpha,smarter,train
human4_lib1.final_cell_0338,alpha,inDrop4,train
human4_lib3.final_cell_0288,beta,inDrop4,train
Sample_1327,alpha,smarter,validation
Sample_599,delta,smarter,train
HP1502401_N18,ductal,smartseq2,test
human2_lib2.final_cell_0398,beta,inDrop2,train
Sample_1526,delta,smarter,train
D30-1_32,beta,celseq2,train
D30-7_1,acinar,celseq2,train
D28-3_27,beta,celseq2,train
human3_lib4.final_cell_0801,alpha,inDrop3,train
human3_lib4.final_cell_0092,beta,inDrop3,test
D30-1_33,beta,celseq2,train
D1713_91,acinar,celseq,train
HP1504101T2D_L24,gamma,smartseq2,test
human2_lib2.final_cell_0468,ductal,inDrop2,train
human3_lib2.final_cell_0211,alpha,inDrop3,train
human2_lib3.final_cell_0438,delta,inDrop2,train
HP1525301T2D_N8,alpha,smartseq2,train
1st-C19_S20,alpha,fluidigmc1,train
D28-3_65,acinar,celseq2,validation
human1_lib3.final_cell_0155,delta,inDrop1,train
human4_lib3.final_cell_0332,alpha,inDrop4,train
Sample_1550,gamma,smarter,validation
HP1508501T2D_C6,ductal,smartseq2,train
6th-C85_S72,beta,fluidigmc1,train
human4_lib1.final_cell_0197,beta,inDrop4,train
human3_lib1.final_cell_0865,beta,inDrop3,train
D172444_46,alpha,celseq,test
D28-3_3,alpha,celseq2,train
Sample_1367,alpha,smarter,train
human2_lib1.final_cell_0237,beta,inDrop2,train
human3_lib4.final_cell_0449,activated_stellate,inDrop3,train
HP1509101_D22,delta,smartseq2,validation
D17All1_3,beta,celseq,train
human3_lib3.final_cell_0605,beta,inDrop3,train
Sample_382,alpha,smarter,train
HP1507101_P23,alpha,smartseq2,test
human3_lib1.final_cell_0819,alpha,inDrop3,test
human3_lib1.final_cell_0877,beta,inDrop3,train
D30-6_17,activated_stellate,celseq2,train
HP1526901T2D_I18,delta,smartseq2,train
human3_lib2.final_cell_0507,alpha,inDrop3,train
HP1507101_P8,alpha,smartseq2,train
human1_lib3.final_cell_0579,beta,inDrop1,train
human1_lib2.final_cell_0551,beta,inDrop1,test
Sample_1586,gamma,smarter,train
human3_lib3.final_cell_0312,ductal,inDrop3,test
D28-8_65,activated_stellate,celseq2,validation
human2_lib2.final_cell_0555,ductal,inDrop2,validation
human4_lib1.final_cell_0522,beta,inDrop4,train
HP1504901_J23,alpha,smartseq2,train
human3_lib4.final_cell_0142,acinar,inDrop3,validation
D29-6_87,delta,celseq2,train
human3_lib1.final_cell_0243,alpha,inDrop3,train
human3_lib2.final_cell_0378,alpha,inDrop3,train
human1_lib1.final_cell_0388,gamma,inDrop1,train
Sample_1391,alpha,smarter,train
human1_lib1.final_cell_0082,beta,inDrop1,validation
human3_lib2.final_cell_0254,acinar,inDrop3,train
human3_lib4.final_cell_0828,quiescent_stellate,inDrop3,train
human3_lib4.final_cell_0641,alpha,inDrop3,train
D30-2_1,acinar,celseq2,train
D1713_47,ductal,celseq,test
human3_lib4.final_cell_0425,alpha,inDrop3,train
HP1504101T2D_D19,alpha,smartseq2,train
human3_lib1.final_cell_0389,acinar,inDrop3,train
HP1526901T2D_C20,ductal,smartseq2,validation
human3_lib3.final_cell_0406,acinar,inDrop3,train
human3_lib3.final_cell_0292,endothelial,inDrop3,train
human2_lib1.final_cell_0005,delta,inDrop2,validation
human3_lib1.final_cell_0003,acinar,inDrop3,train
D31-4_51,beta,celseq2,train
HP1504101T2D_B5,gamma,smartseq2,train
human3_lib1.final_cell_0041,acinar,inDrop3,test
human3_lib3.final_cell_0926,beta,inDrop3,validation
human4_lib1.final_cell_0548,activated_stellate,inDrop4,train
D31-7_48,activated_stellate,celseq2,train
D29-4_20,gamma,celseq2,train
human1_lib1.final_cell_0107,beta,inDrop1,test
D31-4_19,beta,celseq2,train
human2_lib2.final_cell_0339,gamma,inDrop2,test
HP1502401_N1,beta,smartseq2,train
human1_lib3.final_cell_0058,delta,inDrop1,train
human2_lib1.final_cell_0208,alpha,inDrop2,train
HP1526901T2D_O5,ductal,smartseq2,train
D31-7_19,alpha,celseq2,train
D30-5_17,delta,celseq2,train
human1_lib1.final_cell_0506,alpha,inDrop1,validation
human4_lib1.final_cell_0357,alpha,inDrop4,train
Sample_961,alpha,smarter,train
D172444_33,alpha,celseq,train
HP1504901_B3,alpha,smartseq2,train
Sample_996,alpha,smarter,train
human3_lib1.final_cell_0504,beta,inDrop3,validation
HP1508501T2D_F21,acinar,smartseq2,train
human3_lib4.final_cell_0093,acinar,inDrop3,validation
human3_lib2.final_cell_0037,acinar,inDrop3,train
human2_lib1.final_cell_0397,alpha,inDrop2,train
HP1508501T2D_D6,alpha,smartseq2,test
human4_lib3.final_cell_0167,ductal,inDrop4,train
human3_lib2.final_cell_0371,beta,inDrop3,test
D74_94,ductal,celseq,test
human1_lib1.final_cell_0239,beta,inDrop1,train
D30-2_53,acinar,celseq2,train
Sample_1175,alpha,smarter,train
human3_lib1.final_cell_0064,beta,inDrop3,train
Sample_183,beta,smarter,train
human1_lib1.final_cell_0308,gamma,inDrop1,test
human4_lib3.final_cell_0595,ductal,inDrop4,train
D30-3_87,delta,celseq2,train
HP1526901T2D_D5,alpha,smartseq2,train
human3_lib3.final_cell_0825,alpha,inDrop3,train
HP1502401_C14,alpha,smartseq2,train
human4_lib1.final_cell_0079,ductal,inDrop4,train
human1_lib3.final_cell_0699,alpha,inDrop1,test
D30-1_56,alpha,celseq2,train
human2_lib3.final_cell_0060,beta,inDrop2,validation
HP1508501T2D_D8,alpha,smartseq2,test
human1_lib3.final_cell_0084,alpha,inDrop1,train
human3_lib2.final_cell_0698,ductal,inDrop3,train
D172444_38,alpha,celseq,train
human3_lib4.final_cell_0371,acinar,inDrop3,train
D101_82,acinar,celseq,test
human3_lib4.final_cell_0164,acinar,inDrop3,train
D31-4_18,alpha,celseq2,test
HP1502401_L11,alpha,smartseq2,validation
human1_lib3.final_cell_0728,quiescent_stellate,inDrop1,test
human3_lib4.final_cell_0085,ductal,inDrop3,train
D29-4_74,alpha,celseq2,train
human4_lib1.final_cell_0450,quiescent_stellate,inDrop4,train
human2_lib2.final_cell_0355,alpha,inDrop2,test
D30-6_88,alpha,celseq2,train
human3_lib1.final_cell_0022,acinar,inDrop3,train
HP1525301T2D_P20,ductal,smartseq2,validation
Sample_1227,alpha,smarter,train
human1_lib2.final_cell_0543,alpha,inDrop1,train
human3_lib4.final_cell_0202,delta,inDrop3,train
human3_lib4.final_cell_0480,macrophage,inDrop3,train
Sample_1104,alpha,smarter,validation
D31-7_67,beta,celseq2,test
human3_lib1.final_cell_0529,ductal,inDrop3,test
D3en1_45,acinar,celseq,train
HP1507101_C2,alpha,smartseq2,test
human3_lib1.final_cell_0855,endothelial,inDrop3,train
human2_lib2.final_cell_0197,ductal,inDrop2,train
human2_lib1.final_cell_0220,alpha,inDrop2,train
human2_lib1.final_cell_0100,beta,inDrop2,train
human1_lib2.final_cell_0382,beta,inDrop1,train
human3_lib1.final_cell_0052,acinar,inDrop3,train
human1_lib2.final_cell_0330,ductal,inDrop1,train
human2_lib2.final_cell_0264,beta,inDrop2,train
human3_lib2.final_cell_0764,alpha,inDrop3,validation
AZ_H6,beta,smartseq2,validation
human2_lib2.final_cell_0559,activated_stellate,inDrop2,train
D17All1_61,delta,celseq,train
human3_lib4.final_cell_0328,alpha,inDrop3,train
human1_lib1.final_cell_0206,beta,inDrop1,test
human3_lib3.final_cell_0207,acinar,inDrop3,test
Sample_1085,alpha,smarter,train
D30-2_2,alpha,celseq2,train
HP1525301T2D_G19,alpha,smartseq2,train
HP1525301T2D_N9,alpha,smartseq2,train
2nd-C4_S9,alpha,fluidigmc1,test
human4_lib3.final_cell_0474,alpha,inDrop4,train
human4_lib1.final_cell_0022,delta,inDrop4,train
human4_lib1.final_cell_0411,beta,inDrop4,train
human1_lib2.final_cell_0287,macrophage,inDrop1,test
HP1504101T2D_D7,alpha,smartseq2,test
human1_lib3.final_cell_0678,alpha,inDrop1,validation
human3_lib4.final_cell_0091,acinar,inDrop3,validation
HP1502401_N10,ductal,smartseq2,train
Sample_757,beta,smarter,train
4th-C8_S14,beta,fluidigmc1,validation
HP1507101_F16,alpha,smartseq2,train
human3_lib4.final_cell_0639,alpha,inDrop3,test
HP1506401_K14,acinar,smartseq2,train
human3_lib3.final_cell_0911,beta,inDrop3,train
human1_lib1.final_cell_0028,acinar,inDrop1,train
human2_lib3.final_cell_0472,alpha,inDrop2,train
human2_lib3.final_cell_0249,delta,inDrop2,train
human2_lib2.final_cell_0273,ductal,inDrop2,train
D31-5_16,acinar,celseq2,train
human3_lib1.final_cell_0117,acinar,inDrop3,train
7th-C82_S64,gamma,fluidigmc1,validation
HP1525301T2D_H9,acinar,smartseq2,test
Sample_294,alpha,smarter,train
Sample_202,beta,smarter,test
HP1504101T2D_G3,gamma,smartseq2,validation
HP1525301T2D_K18,ductal,smartseq2,train
D3en1_60,ductal,celseq,train
HP1508501T2D_D1,alpha,smartseq2,test
Sample_72,beta,smarter,train
4th-C96_S94,alpha,fluidigmc1,train
Sample_480,alpha,smarter,train
human3_lib2.final_cell_0743,ductal,inDrop3,train
human3_lib1.final_cell_0326,acinar,inDrop3,train
human4_lib1.final_cell_0429,beta,inDrop4,train
D172444_55,beta,celseq,train
Sample_670,beta,smarter,train
human2_lib1.final_cell_0401,delta,inDrop2,validation
3rd-C36_S2,beta,fluidigmc1,train
human1_lib2.final_cell_0336,beta,inDrop1,train
6th-C16_S29,beta,fluidigmc1,train
D30-5_40,beta,celseq2,train
Sample_1287,alpha,smarter,train
Sample_883,beta,smarter,train
HP1502401_H19,beta,smartseq2,train
human4_lib1.final_cell_0491,beta,inDrop4,train
human3_lib3.final_cell_0031,acinar,inDrop3,validation
human4_lib3.final_cell_0351,beta,inDrop4,validation
human3_lib1.final_cell_0391,acinar,inDrop3,train
Sample_1453,alpha,smarter,validation
D29-4_75,alpha,celseq2,validation
Sample_1549,gamma,smarter,train
Sample_1054,alpha,smarter,test
1st-C68_S36,alpha,fluidigmc1,train
D31-1_72,ductal,celseq2,train
HP1502401_K12,acinar,smartseq2,train
human4_lib1.final_cell_0383,beta,inDrop4,train
human1_lib2.final_cell_0575,quiescent_stellate,inDrop1,train
Sample_491,alpha,smarter,test
HP1502401_N11,gamma,smartseq2,train
human3_lib1.final_cell_0465,alpha,inDrop3,train
human1_lib1.final_cell_0456,endothelial,inDrop1,test
D29-4_64,delta,celseq2,test
human1_lib2.final_cell_0392,delta,inDrop1,validation
human3_lib2.final_cell_0623,acinar,inDrop3,train
human1_lib2.final_cell_0310,delta,inDrop1,validation
human2_lib1.final_cell_0112,ductal,inDrop2,test
human3_lib1.final_cell_0828,alpha,inDrop3,train
human1_lib1.final_cell_0207,ductal,inDrop1,train
human2_lib2.final_cell_0144,macrophage,inDrop2,train
human4_lib3.final_cell_0490,beta,inDrop4,train
D30-3_64,alpha,celseq2,train
human4_lib3.final_cell_0623,beta,inDrop4,validation
human1_lib2.final_cell_0339,alpha,inDrop1,train
human2_lib1.final_cell_0228,alpha,inDrop2,train
D73_62,beta,celseq,train
human3_lib1.final_cell_0189,beta,inDrop3,train
human3_lib3.final_cell_0271,ductal,inDrop3,train
12th-C57_S218,alpha,fluidigmc1,train
4th-C73_S54,alpha,fluidigmc1,train
human1_lib2.final_cell_0019,endothelial,inDrop1,train
human3_lib2.final_cell_0629,alpha,inDrop3,train
human3_lib2.final_cell_0725,ductal,inDrop3,train
human1_lib3.final_cell_0195,delta,inDrop1,train
human3_lib2.final_cell_0506,acinar,inDrop3,test
D29-8_46,delta,celseq2,train
D17TGFB_4,acinar,celseq,train
human2_lib2.final_cell_0564,alpha,inDrop2,train
human2_lib3.final_cell_0233,ductal,inDrop2,train
D31-7_73,ductal,celseq2,train
human3_lib4.final_cell_0151,alpha,inDrop3,train
human4_lib3.final_cell_0048,alpha,inDrop4,test
human4_lib3.final_cell_0661,beta,inDrop4,train
human4_lib3.final_cell_0227,ductal,inDrop4,validation
human1_lib1.final_cell_0049,delta,inDrop1,train
HP1507101_O7,alpha,smartseq2,train
Sample_582,alpha,smarter,train
D3en4_22,alpha,celseq,train
human2_lib1.final_cell_0469,delta,inDrop2,train
human1_lib1.final_cell_0259,beta,inDrop1,train
HP1508501T2D_E8,alpha,smartseq2,test
D31-7_32,endothelial,celseq2,train
human1_lib3.final_cell_0003,delta,inDrop1,train
Sample_884,beta,smarter,test
human3_lib2.final_cell_0679,alpha,inDrop3,test
human1_lib1.final_cell_0555,ductal,inDrop1,train
human4_lib1.final_cell_0322,beta,inDrop4,validation
human1_lib2.final_cell_0259,beta,inDrop1,test
human3_lib2.final_cell_0535,alpha,inDrop3,train
human3_lib2.final_cell_0319,ductal,inDrop3,train
human1_lib1.final_cell_0316,beta,inDrop1,train
HP1525301T2D_H12,alpha,smartseq2,test
D31-6_6,endothelial,celseq2,train
Sample_1481,alpha,smarter,train
HP1509101_I23,alpha,smartseq2,train
human4_lib1.final_cell_0097,delta,inDrop4,train
HP1526901T2D_J20,delta,smartseq2,train
human1_lib2.final_cell_0412,ductal,inDrop1,train
human2_lib3.final_cell_0447,beta,inDrop2,train
HP1509101_B17,activated_stellate,smartseq2,test
HP1506401_I16,ductal,smartseq2,train
human3_lib4.final_cell_0274,ductal,inDrop3,train
human3_lib3.final_cell_0350,beta,inDrop3,train
human2_lib1.final_cell_0029,ductal,inDrop2,test
human4_lib1.final_cell_0031,ductal,inDrop4,train
Sample_58,beta,smarter,train
human1_lib3.final_cell_0659,beta,inDrop1,train
human4_lib1.final_cell_0361,endothelial,inDrop4,train
Sample_257,alpha,smarter,train
HP1509101_G4,ductal,smartseq2,test
D30-8_8,ductal,celseq2,validation
human2_lib1.final_cell_0018,ductal,inDrop2,train
7th-C57_S16,beta,fluidigmc1,train
Sample_1270,alpha,smarter,train
D3en1_1,acinar,celseq,train
Sample_1593,gamma,smarter,train
D74_26,ductal,celseq,train
human4_lib1.final_cell_0186,delta,inDrop4,train
human3_lib3.final_cell_0845,beta,inDrop3,test
human3_lib4.final_cell_0024,acinar,inDrop3,train
human3_lib3.final_cell_0168,acinar,inDrop3,test
human1_lib3.final_cell_0371,delta,inDrop1,train
Sample_563,alpha,smarter,test
human1_lib3.final_cell_0269,alpha,inDrop1,test
human2_lib1.final_cell_0488,beta,inDrop2,test
human4_lib1.final_cell_0141,delta,inDrop4,train
human3_lib3.final_cell_0754,ductal,inDrop3,train
HP1508501T2D_O8,ductal,smartseq2,train
human3_lib4.final_cell_0292,acinar,inDrop3,train
human3_lib1.final_cell_0574,alpha,inDrop3,train
Sample_1148,alpha,smarter,test
human1_lib3.final_cell_0400,beta,inDrop1,train
human4_lib3.final_cell_0632,beta,inDrop4,train
human4_lib1.final_cell_0033,ductal,inDrop4,test
D28-7_13,alpha,celseq2,test
human4_lib3.final_cell_0134,alpha,inDrop4,train
D2ex_28,acinar,celseq,train
HP1526901T2D_J12,ductal,smartseq2,train
1st-C71_S83,alpha,fluidigmc1,validation
human3_lib3.final_cell_0173,acinar,inDrop3,train
HP1509101_O20,alpha,smartseq2,validation
10th_C90_S116,alpha,fluidigmc1,train
human3_lib4.final_cell_0169,beta,inDrop3,validation
4th-C75_S52,alpha,fluidigmc1,train
HP1508501T2D_F3,beta,smartseq2,train
human3_lib2.final_cell_0384,acinar,inDrop3,train
D31-7_8,alpha,celseq2,train
human1_lib3.final_cell_0392,alpha,inDrop1,train
Sample_435,alpha,smarter,train
human2_lib1.final_cell_0235,alpha,inDrop2,train
HP1502401_H1,alpha,smartseq2,train
human2_lib1.final_cell_0004,delta,inDrop2,train
Sample_1111,alpha,smarter,test
HP1502401_A7,beta,smartseq2,train
human3_lib3.final_cell_0115,alpha,inDrop3,train
human1_lib2.final_cell_0379,gamma,inDrop1,train
Sample_838,beta,smarter,test
D30-6_48,ductal,celseq2,train
human3_lib2.final_cell_0645,alpha,inDrop3,train
human3_lib1.final_cell_0740,endothelial,inDrop3,train
D30-8_79,alpha,celseq2,train
HP1506401_P15,alpha,smartseq2,train
human3_lib4.final_cell_0123,acinar,inDrop3,validation
HP1502401_J11,alpha,smartseq2,train
HP1504901_O21,gamma,smartseq2,validation
human3_lib1.final_cell_0883,beta,inDrop3,train
human4_lib1.final_cell_0301,delta,inDrop4,train
Sample_922,beta,smarter,validation
human2_lib1.final_cell_0480,alpha,inDrop2,train
human2_lib3.final_cell_0162,ductal,inDrop2,train
human3_lib3.final_cell_0646,acinar,inDrop3,test
human3_lib3.final_cell_0594,beta,inDrop3,train
HP1506401_L17,gamma,smartseq2,train
D30-3_36,beta,celseq2,test
human3_lib1.final_cell_0082,acinar,inDrop3,validation
human2_lib1.final_cell_0011,delta,inDrop2,train
D30-1_64,delta,celseq2,train
human1_lib2.final_cell_0129,beta,inDrop1,validation
human4_lib1.final_cell_0455,ductal,inDrop4,test
D28-4_51,acinar,celseq2,train
human3_lib4.final_cell_0472,beta,inDrop3,test
D31-3_27,alpha,celseq2,train
human2_lib1.final_cell_0351,ductal,inDrop2,test
human3_lib2.final_cell_0476,ductal,inDrop3,train
13th_C21_S135,beta,fluidigmc1,train
human2_lib1.final_cell_0223,beta,inDrop2,train
HP1507101_K15,beta,smartseq2,train
HP1525301T2D_D12,gamma,smartseq2,train
D30-2_92,activated_stellate,celseq2,train
human1_lib2.final_cell_0110,beta,inDrop1,train
human3_lib1.final_cell_0060,acinar,inDrop3,test
human1_lib1.final_cell_0251,delta,inDrop1,test
HP1504101T2D_O22,alpha,smartseq2,test
human3_lib1.final_cell_0512,gamma,inDrop3,train
Sample_664,beta,smarter,train
human3_lib2.final_cell_0682,alpha,inDrop3,validation
human4_lib1.final_cell_0577,beta,inDrop4,train
D31-4_29,alpha,celseq2,validation
Sample_1291,alpha,smarter,train
human4_lib1.final_cell_0367,activated_stellate,inDrop4,train
D29-1_33,delta,celseq2,train
D29-7_14,beta,celseq2,train
human3_lib4.final_cell_0724,ductal,inDrop3,test
D31-1_88,acinar,celseq2,train
human3_lib3.final_cell_0672,alpha,inDrop3,train
human1_lib2.final_cell_0242,beta,inDrop1,test
human2_lib3.final_cell_0195,beta,inDrop2,test
human4_lib3.final_cell_0333,alpha,inDrop4,train
D3ex_12,ductal,celseq,train
5th-C10_S92,acinar,fluidigmc1,train
D101_81,alpha,celseq,validation
HP1507101_C20,alpha,smartseq2,train
human1_lib1.final_cell_0154,delta,inDrop1,train
5th-C58_S93,acinar,fluidigmc1,validation
human3_lib2.final_cell_0287,beta,inDrop3,train
D30-4_93,ductal,celseq2,train
D28-6_14,acinar,celseq2,train
human3_lib1.final_cell_0499,activated_stellate,inDrop3,train
D31-3_35,alpha,celseq2,train
human1_lib1.final_cell_0256,gamma,inDrop1,test
human2_lib1.final_cell_0439,gamma,inDrop2,test
D72_23,ductal,celseq,train
human3_lib1.final_cell_0428,alpha,inDrop3,train
human3_lib1.final_cell_0440,acinar,inDrop3,train
human3_lib4.final_cell_0595,beta,inDrop3,train
human3_lib3.final_cell_0649,activated_stellate,inDrop3,train
D30-3_11,alpha,celseq2,train
human4_lib1.final_cell_0128,activated_stellate,inDrop4,train
D31-6_82,ductal,celseq2,test
Sample_1305,alpha,smarter,test
human2_lib3.final_cell_0473,ductal,inDrop2,train
human4_lib3.final_cell_0328,ductal,inDrop4,train
human1_lib2.final_cell_0318,beta,inDrop1,train
D30-6_87,alpha,celseq2,validation
human3_lib3.final_cell_0398,alpha,inDrop3,train
HP1504901_I17,endothelial,smartseq2,validation
human4_lib3.final_cell_0488,alpha,inDrop4,train
human1_lib1.final_cell_0548,endothelial,inDrop1,train
human3_lib3.final_cell_0751,alpha,inDrop3,train
human1_lib1.final_cell_0520,endothelial,inDrop1,train
human1_lib3.final_cell_0489,alpha,inDrop1,test
HP1525301T2D_D8,ductal,smartseq2,train
human3_lib4.final_cell_0500,alpha,inDrop3,train
human1_lib3.final_cell_0721,t_cell,inDrop1,train
human2_lib3.final_cell_0042,alpha,inDrop2,train
D72_76,ductal,celseq,train
human4_lib1.final_cell_0017,beta,inDrop4,train
5th-C25_S108,beta,fluidigmc1,test
12th-C64_S163,beta,fluidigmc1,validation
D31-6_24,acinar,celseq2,train
human3_lib1.final_cell_0530,acinar,inDrop3,train
human1_lib2.final_cell_0359,beta,inDrop1,train
HP1508501T2D_H3,alpha,smartseq2,validation
human1_lib1.final_cell_0430,endothelial,inDrop1,train
Sample_1059,alpha,smarter,train
HP1526901T2D_H6,alpha,smartseq2,train
Sample_38,beta,smarter,train
human1_lib1.final_cell_0198,alpha,inDrop1,test
HP1525301T2D_K10,activated_stellate,smartseq2,train
HP1504101T2D_M18,alpha,smartseq2,test
human3_lib4.final_cell_0242,acinar,inDrop3,train
human1_lib3.final_cell_0356,alpha,inDrop1,validation
8th-C18_S110,beta,fluidigmc1,train
AZ_F2,beta,smartseq2,train
D28-6_77,alpha,celseq2,train
human3_lib2.final_cell_0216,alpha,inDrop3,test
human1_lib2.final_cell_0064,beta,inDrop1,train
12th-C63_S219,alpha,fluidigmc1,train
HP1525301T2D_F12,ductal,smartseq2,train
human4_lib3.final_cell_0327,alpha,inDrop4,test
human3_lib2.final_cell_0659,endothelial,inDrop3,train
human2_lib1.final_cell_0371,alpha,inDrop2,train
D31-6_75,acinar,celseq2,validation
HP1502401_E11,alpha,smartseq2,train
human3_lib4.final_cell_0875,beta,inDrop3,train
D74_55,alpha,celseq,test
human3_lib4.final_cell_0560,beta,inDrop3,train
human1_lib3.final_cell_0560,acinar,inDrop1,validation
human3_lib3.final_cell_0645,alpha,inDrop3,train
human3_lib1.final_cell_0817,beta,inDrop3,test
human3_lib4.final_cell_0296,delta,inDrop3,test
D28-2_74,acinar,celseq2,validation
human1_lib2.final_cell_0182,ductal,inDrop1,validation
D71_32,delta,celseq,train
HP1525301T2D_C4,ductal,smartseq2,train
human4_lib1.final_cell_0143,alpha,inDrop4,train
D31-4_44,beta,celseq2,train
HP1507101_O10,alpha,smartseq2,train
human3_lib3.final_cell_0702,activated_stellate,inDrop3,validation
D29-3_44,gamma,celseq2,train
human3_lib2.final_cell_0154,alpha,inDrop3,train
D30-6_15,beta,celseq2,test
human3_lib4.final_cell_0484,alpha,inDrop3,train
human3_lib1.final_cell_0491,delta,inDrop3,train
human4_lib3.final_cell_0447,beta,inDrop4,train
D31-8_6,alpha,celseq2,train
human1_lib3.final_cell_0336,beta,inDrop1,train
HP1504101T2D_O3,alpha,smartseq2,train
human1_lib3.final_cell_0012,beta,inDrop1,validation
Sample_964,alpha,smarter,train
Sample_55,beta,smarter,train
human3_lib1.final_cell_0399,alpha,inDrop3,train
human4_lib1.final_cell_0034,beta,inDrop4,validation
Sample_130,beta,smarter,train
human1_lib2.final_cell_0347,delta,inDrop1,train
human2_lib3.final_cell_0096,beta,inDrop2,validation
HP1504901_N19,alpha,smartseq2,train
HP1525301T2D_L3,ductal,smartseq2,train
human3_lib4.final_cell_0104,delta,inDrop3,train
human1_lib1.final_cell_0134,acinar,inDrop1,train
HP1504101T2D_G12,alpha,smartseq2,train
Sample_1102,alpha,smarter,train
HP1504101T2D_B4,gamma,smartseq2,train
Sample_689,beta,smarter,train
D10631_66,acinar,celseq,train
human3_lib2.final_cell_0344,activated_stellate,inDrop3,test
D29-6_22,delta,celseq2,train
human3_lib2.final_cell_0475,delta,inDrop3,train
HP1506401_M11,ductal,smartseq2,train
human2_lib3.final_cell_0251,quiescent_stellate,inDrop2,test
D28-6_38,acinar,celseq2,train
D31-5_57,acinar,celseq2,test
D30-8_15,activated_stellate,celseq2,train
human1_lib2.final_cell_0131,alpha,inDrop1,train
D102_1,ductal,celseq,train
human2_lib3.final_cell_0363,gamma,inDrop2,train
D71_28,ductal,celseq,train
human3_lib4.final_cell_0119,activated_stellate,inDrop3,validation
D30-6_33,alpha,celseq2,train
D28-2_61,acinar,celseq2,train
2nd-C83_S71,alpha,fluidigmc1,train
HP1525301T2D_C11,ductal,smartseq2,train
human1_lib3.final_cell_0237,beta,inDrop1,train
human3_lib3.final_cell_0378,alpha,inDrop3,test
Sample_85,beta,smarter,train
D3en2_21,acinar,celseq,train
D29-3_57,delta,celseq2,train
D10631_24,ductal,celseq,test
D29-1_3,delta,celseq2,validation
Sample_1382,alpha,smarter,train
HP1508501T2D_J18,delta,smartseq2,train
HP1526901T2D_F12,gamma,smartseq2,train
D31-5_25,alpha,celseq2,train
D73_45,beta,celseq,train
HP1526901T2D_O3,gamma,smartseq2,train
human4_lib1.final_cell_0475,beta,inDrop4,train
human3_lib2.final_cell_0168,acinar,inDrop3,test
human2_lib2.final_cell_0445,alpha,inDrop2,train
D3en2_32,acinar,celseq,validation
human3_lib1.final_cell_0778,acinar,inDrop3,train
human3_lib1.final_cell_0405,alpha,inDrop3,train
Sample_1321,alpha,smarter,train
human2_lib3.final_cell_0538,alpha,inDrop2,train
D31-1_49,alpha,celseq2,test
Sample_914,beta,smarter,train
human1_lib1.final_cell_0217,ductal,inDrop1,train
human1_lib1.final_cell_0261,ductal,inDrop1,train
human1_lib3.final_cell_0101,delta,inDrop1,train
human3_lib3.final_cell_0760,alpha,inDrop3,train
D30-3_47,alpha,celseq2,train
human3_lib4.final_cell_0863,delta,inDrop3,validation
human1_lib3.final_cell_0736,endothelial,inDrop1,train
Sample_1414,alpha,smarter,validation
human3_lib1.final_cell_0028,delta,inDrop3,validation
HP1507101_B10,alpha,smartseq2,train
Sample_23,beta,smarter,train
human2_lib3.final_cell_0439,gamma,inDrop2,train
human3_lib4.final_cell_0145,ductal,inDrop3,train
HP1507101_G9,alpha,smartseq2,validation
human3_lib4.final_cell_0872,delta,inDrop3,train
human1_lib3.final_cell_0563,beta,inDrop1,train
human3_lib4.final_cell_0670,ductal,inDrop3,train
human1_lib2.final_cell_0577,endothelial,inDrop1,train
Sample_209,alpha,smarter,train
human2_lib3.final_cell_0477,gamma,inDrop2,train
human3_lib3.final_cell_0505,alpha,inDrop3,test
D3en2_42,acinar,celseq,train
D29-5_49,alpha,celseq2,train
D29-8_23,beta,celseq2,train
D73_73,ductal,celseq,train
human1_lib2.final_cell_0601,quiescent_stellate,inDrop1,test
HP1502401_D24,alpha,smartseq2,train
human2_lib2.final_cell_0354,alpha,inDrop2,test
12th-C94_S180,activated_stellate,fluidigmc1,train
human4_lib3.final_cell_0411,alpha,inDrop4,validation
D30-2_32,beta,celseq2,train
human3_lib3.final_cell_0707,alpha,inDrop3,train
HP1504101T2D_N21,delta,smartseq2,train
HP1504901_J10,ductal,smartseq2,test
human3_lib2.final_cell_0125,acinar,inDrop3,train
human3_lib4.final_cell_0013,acinar,inDrop3,train
Sample_567,alpha,smarter,train
D29-4_2,alpha,celseq2,train
human1_lib2.final_cell_0183,beta,inDrop1,train
D72_78,ductal,celseq,train
human3_lib2.final_cell_0090,acinar,inDrop3,train
D3en1_87,ductal,celseq,validation
HP1509101_O4,delta,smartseq2,train
Sample_1084,alpha,smarter,train
HP1507101_B19,alpha,smartseq2,train
human3_lib2.final_cell_0395,alpha,inDrop3,validation
D28-1_77,ductal,celseq2,validation
Sample_1395,alpha,smarter,validation
7th-C15_S23,delta,fluidigmc1,test
Sample_267,alpha,smarter,train
HP1504901_F16,endothelial,smartseq2,test
human3_lib2.final_cell_0098,acinar,inDrop3,test
human3_lib3.final_cell_0824,alpha,inDrop3,train
HP1525301T2D_K8,acinar,smartseq2,train
human3_lib4.final_cell_0687,alpha,inDrop3,train
D31-1_74,beta,celseq2,train
human3_lib2.final_cell_0142,alpha,inDrop3,validation
D31-3_15,activated_stellate,celseq2,train
human1_lib3.final_cell_0317,beta,inDrop1,test
D29-2_88,ductal,celseq2,validation
human1_lib1.final_cell_0267,beta,inDrop1,validation
HP1508501T2D_I21,ductal,smartseq2,train
D28-2_91,gamma,celseq2,validation
human2_lib3.final_cell_0243,delta,inDrop2,train
Sample_1578,gamma,smarter,train
HP1506401_M24,gamma,smartseq2,train
D101_48,activated_stellate,celseq,test
D29-6_94,alpha,celseq2,validation
human2_lib2.final_cell_0258,beta,inDrop2,train
Sample_350,alpha,smarter,validation
Sample_432,alpha,smarter,validation
human4_lib3.final_cell_0344,beta,inDrop4,train
human3_lib3.final_cell_0532,delta,inDrop3,train
human1_lib2.final_cell_0271,beta,inDrop1,test
Sample_1409,alpha,smarter,test
HP1502401_G23,ductal,smartseq2,test
human1_lib3.final_cell_0299,alpha,inDrop1,train
human1_lib2.final_cell_0423,alpha,inDrop1,test
D3en3_39,acinar,celseq,train
human2_lib1.final_cell_0537,alpha,inDrop2,test
human3_lib2.final_cell_0734,beta,inDrop3,train
human2_lib2.final_cell_0412,alpha,inDrop2,validation
human4_lib1.final_cell_0070,activated_stellate,inDrop4,train
D17All2_36,beta,celseq,test
D31-1_92,alpha,celseq2,train
human2_lib3.final_cell_0504,alpha,inDrop2,train
D30-7_20,acinar,celseq2,test
human4_lib3.final_cell_0365,beta,inDrop4,train
human3_lib2.final_cell_0058,acinar,inDrop3,train
Sample_119,beta,smarter,train
Sample_1595,gamma,smarter,train
Sample_849,beta,smarter,train
human3_lib4.final_cell_0457,quiescent_stellate,inDrop3,train
D30-4_85,alpha,celseq2,train
human2_lib3.final_cell_0191,ductal,inDrop2,test
human1_lib3.final_cell_0370,beta,inDrop1,test
D2ex_86,acinar,celseq,train
D72_55,beta,celseq,test
Sample_416,alpha,smarter,train
human2_lib3.final_cell_0169,ductal,inDrop2,validation
D1713_56,ductal,celseq,train
human1_lib1.final_cell_0141,beta,inDrop1,train
human3_lib3.final_cell_0800,delta,inDrop3,train
human4_lib1.final_cell_0157,ductal,inDrop4,train
human3_lib4.final_cell_0002,acinar,inDrop3,train
HP1507101_H12,alpha,smartseq2,train
human3_lib4.final_cell_0331,alpha,inDrop3,train
9th-C79_S57,gamma,fluidigmc1,test
human4_lib3.final_cell_0545,ductal,inDrop4,train
D30-3_12,ductal,celseq2,train
human3_lib1.final_cell_0623,delta,inDrop3,train
human3_lib2.final_cell_0562,beta,inDrop3,validation
human4_lib1.final_cell_0116,ductal,inDrop4,test
human3_lib4.final_cell_0044,acinar,inDrop3,train
human2_lib2.final_cell_0040,beta,inDrop2,train
human3_lib2.final_cell_0681,activated_stellate,inDrop3,validation
HP1507101_O9,beta,smartseq2,train
human3_lib1.final_cell_0410,alpha,inDrop3,train
human3_lib3.final_cell_0691,alpha,inDrop3,validation
human3_lib2.final_cell_0424,alpha,inDrop3,train
12th-C3_S181,beta,fluidigmc1,train
Sample_455,alpha,smarter,train
human1_lib2.final_cell_0229,beta,inDrop1,validation
HP1525301T2D_F2,alpha,smartseq2,test
human3_lib3.final_cell_0570,acinar,inDrop3,train
human3_lib2.final_cell_0619,alpha,inDrop3,train
human4_lib3.final_cell_0640,alpha,inDrop4,train
human3_lib2.final_cell_0781,alpha,inDrop3,validation
HP1508501T2D_B14,acinar,smartseq2,train
Sample_148,beta,smarter,train
human2_lib3.final_cell_0088,delta,inDrop2,train
D29-1_83,delta,celseq2,train
human1_lib2.final_cell_0147,beta,inDrop1,train
Sample_543,alpha,smarter,train
2nd-C69_S42,alpha,fluidigmc1,train
human4_lib1.final_cell_0433,beta,inDrop4,train
Sample_1174,alpha,smarter,test
Sample_1283,alpha,smarter,train
human3_lib4.final_cell_0183,delta,inDrop3,test
D17TGFB_14,acinar,celseq,train
human1_lib1.final_cell_0031,delta,inDrop1,validation
human3_lib3.final_cell_0454,ductal,inDrop3,validation
Sample_1490,alpha,smarter,validation
human3_lib2.final_cell_0674,acinar,inDrop3,test
human1_lib2.final_cell_0451,schwann,inDrop1,test
D172444_15,ductal,celseq,train
Sample_292,alpha,smarter,train
Sample_647,gamma,smarter,train
human3_lib4.final_cell_0010,acinar,inDrop3,train
human4_lib1.final_cell_0176,delta,inDrop4,test
human3_lib3.final_cell_0268,acinar,inDrop3,test
human3_lib2.final_cell_0564,alpha,inDrop3,train
human3_lib3.final_cell_0884,ductal,inDrop3,train
human3_lib2.final_cell_0010,acinar,inDrop3,test
human2_lib1.final_cell_0103,alpha,inDrop2,validation
human4_lib1.final_cell_0417,beta,inDrop4,train
human1_lib3.final_cell_0485,beta,inDrop1,test
human2_lib1.final_cell_0244,endothelial,inDrop2,train
HP1506401_K23,gamma,smartseq2,test
human3_lib2.final_cell_0650,activated_stellate,inDrop3,test
human4_lib3.final_cell_0681,alpha,inDrop4,train
D31-2_73,ductal,celseq2,validation
human2_lib1.final_cell_0380,ductal,inDrop2,train
human4_lib1.final_cell_0415,beta,inDrop4,train
human2_lib2.final_cell_0340,alpha,inDrop2,train
HP1509101_M16,ductal,smartseq2,train
human3_lib2.final_cell_0138,acinar,inDrop3,train
D29-1_38,alpha,celseq2,train
human3_lib1.final_cell_0226,beta,inDrop3,train
D29-7_58,beta,celseq2,train
human2_lib3.final_cell_0526,gamma,inDrop2,test
D29-7_51,alpha,celseq2,train
human3_lib2.final_cell_0007,acinar,inDrop3,test
human1_lib1.final_cell_0038,beta,inDrop1,test
D31-1_93,ductal,celseq2,validation
human1_lib3.final_cell_0001,acinar,inDrop1,test
D30-5_4,activated_stellate,celseq2,train
human4_lib1.final_cell_0535,beta,inDrop4,train
D28-7_88,activated_stellate,celseq2,validation
human2_lib1.final_cell_0202,activated_stellate,inDrop2,test
Sample_1236,alpha,smarter,test
HP1507101_L24,beta,smartseq2,train
human1_lib2.final_cell_0214,beta,inDrop1,train
D17TGFB_71,acinar,celseq,train
human3_lib3.final_cell_0874,alpha,inDrop3,validation
D29-3_28,beta,celseq2,test
human4_lib1.final_cell_0080,beta,inDrop4,train
human2_lib3.final_cell_0202,delta,inDrop2,train
Sample_1482,alpha,smarter,train
HP1526901T2D_O9,delta,smartseq2,train
human3_lib2.final_cell_0689,acinar,inDrop3,train
13th_C12_S178,beta,fluidigmc1,train
human1_lib2.final_cell_0235,alpha,inDrop1,train
human3_lib4.final_cell_0527,alpha,inDrop3,train
D73_54,ductal,celseq,train
HP1507101_G16,alpha,smartseq2,train
Sample_651,gamma,smarter,train
Sample_319,alpha,smarter,validation
Sample_1113,alpha,smarter,train
D31-7_50,alpha,celseq2,test
human1_lib2.final_cell_0143,delta,inDrop1,train
D31-6_29,acinar,celseq2,train
human1_lib2.final_cell_0264,gamma,inDrop1,train
human3_lib4.final_cell_0539,alpha,inDrop3,train
HP1525301T2D_J8,alpha,smartseq2,train
human1_lib3.final_cell_0367,ductal,inDrop1,train
D31-5_14,ductal,celseq2,train
human3_lib4.final_cell_0319,alpha,inDrop3,train
D17All1_81,beta,celseq,train
human3_lib4.final_cell_0822,beta,inDrop3,test
human4_lib3.final_cell_0032,alpha,inDrop4,validation
human3_lib4.final_cell_0592,alpha,inDrop3,test
D31-8_88,beta,celseq2,train
human3_lib2.final_cell_0577,alpha,inDrop3,train
human2_lib2.final_cell_0452,alpha,inDrop2,train
human3_lib2.final_cell_0207,acinar,inDrop3,train
D17TGFB_10,acinar,celseq,train
human4_lib3.final_cell_0334,beta,inDrop4,train
HP1504901_C14,gamma,smartseq2,train
human4_lib1.final_cell_0533,delta,inDrop4,train
human3_lib3.final_cell_0768,alpha,inDrop3,train
HP1508501T2D_K22,ductal,smartseq2,train
human4_lib1.final_cell_0600,ductal,inDrop4,train
D30-7_82,beta,celseq2,validation
human3_lib4.final_cell_0076,acinar,inDrop3,validation
D3en3_68,acinar,celseq,test
human2_lib3.final_cell_0377,alpha,inDrop2,train
D30-1_78,ductal,celseq2,test
human4_lib3.final_cell_0319,beta,inDrop4,train
HP1525301T2D_C9,ductal,smartseq2,train
human1_lib1.final_cell_0299,beta,inDrop1,train
human4_lib3.final_cell_0540,alpha,inDrop4,train
Sample_1252,alpha,smarter,test
human3_lib3.final_cell_0073,acinar,inDrop3,validation
human2_lib2.final_cell_0379,alpha,inDrop2,train
HP1504101T2D_I15,gamma,smartseq2,train
Sample_1116,alpha,smarter,validation
human3_lib3.final_cell_0479,alpha,inDrop3,validation
Sample_1585,gamma,smarter,train
human4_lib1.final_cell_0041,beta,inDrop4,test
human2_lib3.final_cell_0062,activated_stellate,inDrop2,test
human2_lib3.final_cell_0182,alpha,inDrop2,train
D31-4_36,acinar,celseq2,test
D3en4_56,beta,celseq,train
human3_lib3.final_cell_0119,acinar,inDrop3,test
human4_lib3.final_cell_0284,beta,inDrop4,train
human3_lib4.final_cell_0253,alpha,inDrop3,train
D28-5_88,quiescent_stellate,celseq2,test
D31-6_89,alpha,celseq2,train
HP1506401_A20,ductal,smartseq2,train
human1_lib2.final_cell_0083,beta,inDrop1,train
Sample_79,beta,smarter,train
human2_lib3.final_cell_0280,activated_stellate,inDrop2,train
D29-4_68,alpha,celseq2,train
D71_87,delta,celseq,test
D29-2_59,gamma,celseq2,validation
3rd-C3_S2,alpha,fluidigmc1,train
D31-5_45,acinar,celseq2,validation
human2_lib3.final_cell_0099,quiescent_stellate,inDrop2,validation
human3_lib3.final_cell_0386,alpha,inDrop3,train
human3_lib2.final_cell_0185,delta,inDrop3,train
5th-C5_S85,beta,fluidigmc1,train
HP1504101T2D_A13,gamma,smartseq2,train
human2_lib1.final_cell_0134,ductal,inDrop2,validation
Sample_555,alpha,smarter,train
HP1508501T2D_L16,alpha,smartseq2,train
human1_lib2.final_cell_0349,alpha,inDrop1,validation
HP1509101_E3,ductal,smartseq2,test
Sample_450,alpha,smarter,test
HP1504901_H10,alpha,smartseq2,train
D31-6_83,alpha,celseq2,train
HP1525301T2D_F19,alpha,smartseq2,validation
human3_lib2.final_cell_0005,acinar,inDrop3,validation
HP1525301T2D_L17,beta,smartseq2,train
human4_lib3.final_cell_0247,ductal,inDrop4,train
human2_lib2.final_cell_0582,t_cell,inDrop2,test
human4_lib3.final_cell_0557,beta,inDrop4,test
human2_lib1.final_cell_0257,ductal,inDrop2,validation
human3_lib3.final_cell_0107,beta,inDrop3,validation
HP1504901_B1,alpha,smartseq2,train
HP1506401_M17,acinar,smartseq2,train
human2_lib1.final_cell_0007,delta,inDrop2,test
HP1507101_L4,delta,smartseq2,validation
D31-7_25,alpha,celseq2,validation
HP1502401_G12,gamma,smartseq2,train
human1_lib2.final_cell_0165,beta,inDrop1,train
human2_lib3.final_cell_0519,beta,inDrop2,train
human3_lib3.final_cell_0446,alpha,inDrop3,train
human3_lib1.final_cell_0810,acinar,inDrop3,train
human3_lib4.final_cell_0032,acinar,inDrop3,train
HP1502401_E16,alpha,smartseq2,validation
HP1526901T2D_D22,ductal,smartseq2,train
human1_lib3.final_cell_0016,delta,inDrop1,train
human3_lib4.final_cell_0330,beta,inDrop3,train
D29-1_65,ductal,celseq2,train
human3_lib1.final_cell_0307,acinar,inDrop3,train
HP1502401_C18,beta,smartseq2,train
human1_lib2.final_cell_0329,delta,inDrop1,test
human2_lib3.final_cell_0291,beta,inDrop2,train
human1_lib1.final_cell_0002,acinar,inDrop1,train
human4_lib3.final_cell_0501,alpha,inDrop4,train
D31-8_64,beta,celseq2,train
D29-7_87,beta,celseq2,train
human3_lib1.final_cell_0838,alpha,inDrop3,train
human4_lib1.final_cell_0075,beta,inDrop4,train
human3_lib3.final_cell_0742,alpha,inDrop3,train
HP1526901T2D_F7,gamma,smartseq2,train
human1_lib1.final_cell_0192,delta,inDrop1,validation
human2_lib1.final_cell_0140,alpha,inDrop2,validation
D30-4_28,delta,celseq2,train
human2_lib3.final_cell_0442,alpha,inDrop2,test
human3_lib4.final_cell_0584,alpha,inDrop3,validation
D28-5_53,activated_stellate,celseq2,train
human3_lib1.final_cell_0029,acinar,inDrop3,test
HP1507101_F7,alpha,smartseq2,train
human3_lib4.final_cell_0797,ductal,inDrop3,train
human2_lib2.final_cell_0441,alpha,inDrop2,train
8th-C58_S101,alpha,fluidigmc1,train
HP1502401_H15,alpha,smartseq2,train
Sample_613,gamma,smarter,train
9th-C77_S53,alpha,fluidigmc1,train
D29-4_82,alpha,celseq2,validation
D29-5_64,ductal,celseq2,train
human2_lib2.final_cell_0538,alpha,inDrop2,train
D31-3_36,acinar,celseq2,train
human3_lib2.final_cell_0546,beta,inDrop3,train
human3_lib4.final_cell_0073,acinar,inDrop3,train
Sample_1419,alpha,smarter,test
human3_lib1.final_cell_0199,beta,inDrop3,train
human2_lib1.final_cell_0149,alpha,inDrop2,train
Sample_244,alpha,smarter,train
human1_lib1.final_cell_0222,gamma,inDrop1,train
human3_lib3.final_cell_0699,acinar,inDrop3,train
human2_lib3.final_cell_0375,alpha,inDrop2,test
D31-1_17,alpha,celseq2,train
D30-8_35,beta,celseq2,train
human3_lib2.final_cell_0461,activated_stellate,inDrop3,train
Sample_326,alpha,smarter,train
Sample_283,alpha,smarter,train
HP1508501T2D_A24,alpha,smartseq2,train
human3_lib2.final_cell_0238,alpha,inDrop3,train
Sample_1384,alpha,smarter,train
D28-2_64,ductal,celseq2,train
human3_lib3.final_cell_0295,alpha,inDrop3,train
D30-2_4,ductal,celseq2,train
human2_lib3.final_cell_0508,beta,inDrop2,train
human3_lib2.final_cell_0754,ductal,inDrop3,train
human3_lib2.final_cell_0283,acinar,inDrop3,train
D30-8_73,beta,celseq2,test
D30-6_57,ductal,celseq2,test
2nd-C17_S32,beta,fluidigmc1,validation
D2ex_59,acinar,celseq,train
human3_lib4.final_cell_0409,alpha,inDrop3,train
Sample_896,beta,smarter,train
human2_lib1.final_cell_0509,alpha,inDrop2,train
D31-1_12,ductal,celseq2,train
human2_lib1.final_cell_0034,delta,inDrop2,train
human3_lib2.final_cell_0633,alpha,inDrop3,train
human4_lib1.final_cell_0334,beta,inDrop4,train
human4_lib1.final_cell_0192,delta,inDrop4,train
HP1506401_G3,alpha,smartseq2,train
human1_lib2.final_cell_0265,alpha,inDrop1,train
D17TGFB_57,acinar,celseq,train
D30-3_2,acinar,celseq2,train
HP1504101T2D_H15,alpha,smartseq2,train
D30-4_13,ductal,celseq2,test
human1_lib1.final_cell_0453,acinar,inDrop1,train
human1_lib1.final_cell_0429,beta,inDrop1,train
human3_lib1.final_cell_0520,endothelial,inDrop3,train
human1_lib2.final_cell_0127,beta,inDrop1,train
D29-4_35,alpha,celseq2,train
human3_lib1.final_cell_0893,alpha,inDrop3,train
AZ_F6,acinar,smartseq2,train
human1_lib2.final_cell_0385,beta,inDrop1,train
human1_lib3.final_cell_0464,beta,inDrop1,train
HP1525301T2D_E23,alpha,smartseq2,test
HP1525301T2D_H6,alpha,smartseq2,train
human4_lib3.final_cell_0368,beta,inDrop4,train
D1713_52,ductal,celseq,train
D30-3_21,gamma,celseq2,test
human4_lib1.final_cell_0410,beta,inDrop4,train
HP1526901T2D_G14,alpha,smartseq2,train
HP1504901_O11,ductal,smartseq2,train
human4_lib3.final_cell_0430,gamma,inDrop4,train
Sample_417,alpha,smarter,test
D30-5_18,delta,celseq2,train
human1_lib3.final_cell_0401,alpha,inDrop1,train
7th-C53_S10,beta,fluidigmc1,train
human2_lib3.final_cell_0494,gamma,inDrop2,train
HP1525301T2D_E4,ductal,smartseq2,validation
1st-C69_S44,delta,fluidigmc1,train
human4_lib3.final_cell_0331,delta,inDrop4,train
human2_lib1.final_cell_0282,beta,inDrop2,train
9th-C13_S24,beta,fluidigmc1,train
HP1506401_J3,acinar,smartseq2,train
human4_lib3.final_cell_0040,beta,inDrop4,validation
D28-8_29,beta,celseq2,train
human2_lib1.final_cell_0247,activated_stellate,inDrop2,train
D30-4_44,ductal,celseq2,train
human3_lib4.final_cell_0041,acinar,inDrop3,train
human3_lib3.final_cell_0151,beta,inDrop3,train
human3_lib2.final_cell_0091,acinar,inDrop3,train
human3_lib2.final_cell_0723,alpha,inDrop3,validation
HP1502401_N23,gamma,smartseq2,train
human2_lib1.final_cell_0438,ductal,inDrop2,train
human4_lib1.final_cell_0247,beta,inDrop4,train
Sample_1498,alpha,smarter,train
HP1526901T2D_L3,beta,smartseq2,validation
human3_lib2.final_cell_0044,acinar,inDrop3,train
human3_lib4.final_cell_0071,beta,inDrop3,test
Sample_177,beta,smarter,validation
human1_lib2.final_cell_0105,beta,inDrop1,train
human4_lib1.final_cell_0578,quiescent_stellate,inDrop4,test
D73_14,alpha,celseq,train
human3_lib4.final_cell_0282,beta,inDrop3,train
Sample_1399,alpha,smarter,train
human3_lib1.final_cell_0885,quiescent_stellate,inDrop3,train
human4_lib1.final_cell_0240,gamma,inDrop4,test
human1_lib3.final_cell_0233,beta,inDrop1,train
D30-1_38,alpha,celseq2,train
human3_lib4.final_cell_0526,beta,inDrop3,test
human1_lib3.final_cell_0613,macrophage,inDrop1,train
human1_lib3.final_cell_0074,delta,inDrop1,test
HP1502401_F10,alpha,smartseq2,test
D31-8_63,acinar,celseq2,train
HP1509101_K8,gamma,smartseq2,test
8th-C24_S120,beta,fluidigmc1,train
human3_lib4.final_cell_0463,beta,inDrop3,train
HP1506401_P18,ductal,smartseq2,train
human1_lib1.final_cell_0499,endothelial,inDrop1,validation
human2_lib1.final_cell_0063,beta,inDrop2,train
human1_lib2.final_cell_0365,epsilon,inDrop1,train
human3_lib4.final_cell_0781,alpha,inDrop3,train
human1_lib2.final_cell_0581,alpha,inDrop1,test
human3_lib2.final_cell_0139,beta,inDrop3,train
human2_lib1.final_cell_0138,ductal,inDrop2,validation
human2_lib3.final_cell_0360,beta,inDrop2,train
human1_lib1.final_cell_0389,beta,inDrop1,train
human1_lib3.final_cell_0504,beta,inDrop1,train
Sample_730,beta,smarter,train
D10631_45,ductal,celseq,train
human3_lib2.final_cell_0302,alpha,inDrop3,train
HP1526901T2D_F1,alpha,smartseq2,train
human3_lib2.final_cell_0002,acinar,inDrop3,validation
13th_C29_S188,alpha,fluidigmc1,train
human1_lib1.final_cell_0566,alpha,inDrop1,train
human3_lib1.final_cell_0722,alpha,inDrop3,train
Sample_51,beta,smarter,train
human1_lib1.final_cell_0279,alpha,inDrop1,train
human2_lib1.final_cell_0515,beta,inDrop2,validation
HP1509101_E9,ductal,smartseq2,train
human1_lib1.final_cell_0151,beta,inDrop1,validation
human3_lib3.final_cell_0933,endothelial,inDrop3,train
10th_C23_S98,beta,fluidigmc1,train
D31-7_41,alpha,celseq2,train
human1_lib1.final_cell_0125,beta,inDrop1,validation
D31-2_59,ductal,celseq2,train
human1_lib3.final_cell_0333,beta,inDrop1,train
D172444_41,alpha,celseq,train
human3_lib4.final_cell_0386,beta,inDrop3,train
human3_lib4.final_cell_0377,endothelial,inDrop3,train
human1_lib3.final_cell_0586,beta,inDrop1,train
human3_lib3.final_cell_0663,alpha,inDrop3,train
human4_lib1.final_cell_0315,alpha,inDrop4,train
human3_lib4.final_cell_0522,alpha,inDrop3,train
Sample_255,alpha,smarter,train
human3_lib1.final_cell_0193,delta,inDrop3,test
6th-C58_S20,beta,fluidigmc1,train
human3_lib3.final_cell_0752,alpha,inDrop3,train
human3_lib2.final_cell_0140,acinar,inDrop3,train
D17TGFB_67,acinar,celseq,train
D31-4_65,beta,celseq2,train
human3_lib2.final_cell_0146,beta,inDrop3,train
human4_lib3.final_cell_0428,ductal,inDrop4,train
human1_lib1.final_cell_0236,beta,inDrop1,train
D17All1_27,alpha,celseq,train
D29-8_68,delta,celseq2,train
Sample_324,alpha,smarter,test
D29-5_14,beta,celseq2,test
D31-4_38,ductal,celseq2,test
HP1504101T2D_G14,alpha,smartseq2,train
human3_lib4.final_cell_0444,ductal,inDrop3,train
Sample_95,beta,smarter,train
human1_lib3.final_cell_0177,gamma,inDrop1,train
D28-2_66,mast,celseq2,validation
D1713_38,activated_stellate,celseq,validation
HP1526901T2D_O2,activated_stellate,smartseq2,train
human3_lib1.final_cell_0560,acinar,inDrop3,train
human3_lib3.final_cell_0828,alpha,inDrop3,train
human4_lib3.final_cell_0081,beta,inDrop4,train
D74_81,acinar,celseq,train
human3_lib2.final_cell_0585,ductal,inDrop3,train
Sample_1293,alpha,smarter,train
human1_lib1.final_cell_0469,beta,inDrop1,train
Sample_1082,alpha,smarter,train
human1_lib3.final_cell_0153,beta,inDrop1,train
2nd-C76_S60,beta,fluidigmc1,test
HP1502401_L21,alpha,smartseq2,train
human4_lib3.final_cell_0606,beta,inDrop4,validation
D2ex_29,ductal,celseq,validation
D29-4_28,alpha,celseq2,train
D17All2_94,beta,celseq,train
human3_lib2.final_cell_0620,acinar,inDrop3,train
HP1526901T2D_O15,beta,smartseq2,train
D31-6_63,alpha,celseq2,train
human3_lib4.final_cell_0245,alpha,inDrop3,train
D74_57,alpha,celseq,validation
human1_lib3.final_cell_0014,delta,inDrop1,train
human3_lib3.final_cell_0624,alpha,inDrop3,train
HP1525301T2D_P4,ductal,smartseq2,train
Sample_1582,gamma,smarter,train
human2_lib3.final_cell_0548,alpha,inDrop2,train
D30-1_65,beta,celseq2,test
human4_lib1.final_cell_0524,beta,inDrop4,train
human3_lib1.final_cell_0845,beta,inDrop3,train
human4_lib1.final_cell_0424,alpha,inDrop4,validation
D29-1_71,gamma,celseq2,train
human3_lib1.final_cell_0431,beta,inDrop3,train
human4_lib3.final_cell_0575,ductal,inDrop4,train
Sample_523,alpha,smarter,train
HP1506401_A7,acinar,smartseq2,train
Sample_96,beta,smarter,train
HP1507101_N5,beta,smartseq2,train
human1_lib2.final_cell_0435,alpha,inDrop1,train
human2_lib3.final_cell_0372,alpha,inDrop2,train
HP1504901_O4,acinar,smartseq2,train
human3_lib1.final_cell_0196,acinar,inDrop3,train
human2_lib1.final_cell_0225,alpha,inDrop2,train
human1_lib1.final_cell_0056,activated_stellate,inDrop1,validation
human2_lib2.final_cell_0488,gamma,inDrop2,train
HP1504101T2D_C14,alpha,smartseq2,validation
Sample_817,beta,smarter,train
human3_lib2.final_cell_0191,ductal,inDrop3,train
human2_lib2.final_cell_0590,t_cell,inDrop2,validation
5th-C11_S91,ductal,fluidigmc1,train
human4_lib1.final_cell_0386,alpha,inDrop4,validation
human4_lib1.final_cell_0446,ductal,inDrop4,test
Sample_403,alpha,smarter,train
human2_lib1.final_cell_0062,alpha,inDrop2,validation
D30-7_64,alpha,celseq2,train
human2_lib1.final_cell_0116,alpha,inDrop2,train
D28-5_4,ductal,celseq2,train
1st-C56_S34,alpha,fluidigmc1,train
human3_lib2.final_cell_0750,alpha,inDrop3,train
human1_lib3.final_cell_0082,acinar,inDrop1,train
human1_lib3.final_cell_0456,beta,inDrop1,train
human2_lib2.final_cell_0535,alpha,inDrop2,train
HP1507101_G11,alpha,smartseq2,train
human3_lib4.final_cell_0064,acinar,inDrop3,train
Sample_634,gamma,smarter,test
human1_lib3.final_cell_0104,delta,inDrop1,validation
Sample_1051,alpha,smarter,validation
HP1507101_A18,alpha,smartseq2,train
human4_lib1.final_cell_0432,beta,inDrop4,train
human3_lib1.final_cell_0640,beta,inDrop3,test
human3_lib1.final_cell_0750,beta,inDrop3,validation
D29-1_69,alpha,celseq2,validation
human2_lib3.final_cell_0242,alpha,inDrop2,train
human2_lib3.final_cell_0368,alpha,inDrop2,train
human2_lib2.final_cell_0477,alpha,inDrop2,train
human2_lib3.final_cell_0440,ductal,inDrop2,train
human4_lib3.final_cell_0460,beta,inDrop4,train
D28-4_56,alpha,celseq2,test
human2_lib1.final_cell_0181,ductal,inDrop2,train
HP1509101_E19,alpha,smartseq2,validation
human1_lib2.final_cell_0383,acinar,inDrop1,test
D29-8_66,alpha,celseq2,train
7th-C36_S61,alpha,fluidigmc1,train
human2_lib2.final_cell_0413,beta,inDrop2,train
D1713_33,acinar,celseq,test
human4_lib3.final_cell_0252,ductal,inDrop4,train
human3_lib1.final_cell_0476,acinar,inDrop3,train
human3_lib2.final_cell_0292,alpha,inDrop3,validation
D30-5_48,alpha,celseq2,train
human3_lib3.final_cell_0502,alpha,inDrop3,test
human3_lib3.final_cell_0547,ductal,inDrop3,train
human2_lib2.final_cell_0060,alpha,inDrop2,train
human4_lib1.final_cell_0309,activated_stellate,inDrop4,train
HP1504101T2D_O14,alpha,smartseq2,validation
human3_lib1.final_cell_0051,acinar,inDrop3,train
human3_lib2.final_cell_0166,beta,inDrop3,train
human3_lib2.final_cell_0181,alpha,inDrop3,validation
human4_lib1.final_cell_0492,ductal,inDrop4,train
HP1504901_F3,alpha,smartseq2,train
human3_lib4.final_cell_0001,acinar,inDrop3,train
human2_lib3.final_cell_0352,ductal,inDrop2,train
human4_lib1.final_cell_0530,delta,inDrop4,test
human3_lib3.final_cell_0011,acinar,inDrop3,train
human3_lib1.final_cell_0894,beta,inDrop3,train
HP1507101_H20,alpha,smartseq2,train
6th-C67_S36,beta,fluidigmc1,train
D29-1_82,beta,celseq2,train
human4_lib3.final_cell_0314,gamma,inDrop4,test
human4_lib1.final_cell_0497,beta,inDrop4,train
D74_6,ductal,celseq,train
human2_lib3.final_cell_0448,ductal,inDrop2,validation
human1_lib2.final_cell_0549,gamma,inDrop1,validation
D10631_91,acinar,celseq,train
human1_lib3.final_cell_0576,alpha,inDrop1,train
D30-6_27,activated_stellate,celseq2,train
human1_lib3.final_cell_0425,ductal,inDrop1,train
D29-7_34,gamma,celseq2,train
human3_lib3.final_cell_0639,endothelial,inDrop3,train
human3_lib1.final_cell_0381,activated_stellate,inDrop3,train
human4_lib1.final_cell_0288,beta,inDrop4,validation
human4_lib1.final_cell_0246,beta,inDrop4,validation
HP1506401_I11,beta,smartseq2,train
human1_lib1.final_cell_0540,endothelial,inDrop1,train
Sample_465,alpha,smarter,validation
HP1502401_M24,alpha,smartseq2,train
D31-3_32,alpha,celseq2,validation
human3_lib4.final_cell_0751,ductal,inDrop3,validation
human1_lib2.final_cell_0022,delta,inDrop1,train
human3_lib3.final_cell_0776,beta,inDrop3,train
human2_lib1.final_cell_0051,ductal,inDrop2,train
HP1507101_I8,alpha,smartseq2,train
human2_lib3.final_cell_0470,gamma,inDrop2,test
human2_lib2.final_cell_0121,ductal,inDrop2,train
human3_lib4.final_cell_0850,beta,inDrop3,train
human2_lib1.final_cell_0173,delta,inDrop2,train
human3_lib3.final_cell_0224,ductal,inDrop3,train
D102_59,beta,celseq,train
human3_lib3.final_cell_0792,alpha,inDrop3,train
D30-2_58,ductal,celseq2,test
D74_71,ductal,celseq,train
D3en4_92,acinar,celseq,train
Sample_1015,alpha,smarter,train
human3_lib1.final_cell_0401,alpha,inDrop3,train
HP1508501T2D_J15,ductal,smartseq2,validation
human3_lib2.final_cell_0153,beta,inDrop3,test
human1_lib3.final_cell_0617,beta,inDrop1,train
9th-C29_S51,alpha,fluidigmc1,train
human3_lib3.final_cell_0308,alpha,inDrop3,train
2nd-C32_S62,beta,fluidigmc1,train
human4_lib3.final_cell_0350,ductal,inDrop4,train
D29-1_89,alpha,celseq2,train
human3_lib4.final_cell_0783,acinar,inDrop3,train
human2_lib2.final_cell_0329,alpha,inDrop2,train
human3_lib2.final_cell_0638,acinar,inDrop3,train
human1_lib3.final_cell_0555,ductal,inDrop1,train
D74_88,alpha,celseq,train
Sample_1131,alpha,smarter,train
human1_lib1.final_cell_0071,beta,inDrop1,train
HP1508501T2D_A17,ductal,smartseq2,train
D2ex_79,acinar,celseq,validation
human1_lib2.final_cell_0288,gamma,inDrop1,train
HP1508501T2D_O9,ductal,smartseq2,train
D31-2_34,beta,celseq2,train
D30-6_5,acinar,celseq2,train
D29-2_31,alpha,celseq2,train
Sample_1333,alpha,smarter,train
HP1502401_I8,gamma,smartseq2,train
Sample_1244,alpha,smarter,train
human4_lib3.final_cell_0533,beta,inDrop4,train
HP1508501T2D_N17,ductal,smartseq2,validation
human2_lib2.final_cell_0089,beta,inDrop2,train
human3_lib4.final_cell_0070,acinar,inDrop3,train
human3_lib1.final_cell_0501,endothelial,inDrop3,validation
human2_lib2.final_cell_0457,alpha,inDrop2,train
human2_lib2.final_cell_0185,gamma,inDrop2,validation
D31-1_35,alpha,celseq2,train
HP1502401_H14,alpha,smartseq2,train
human1_lib3.final_cell_0711,endothelial,inDrop1,test
D3en2_66,acinar,celseq,train
human3_lib1.final_cell_0746,alpha,inDrop3,validation
Sample_578,alpha,smarter,train
D31-4_59,alpha,celseq2,train
HP1525301T2D_J1,alpha,smartseq2,test
D31-2_64,alpha,celseq2,train
HP1504101T2D_B24,gamma,smartseq2,validation
D29-8_29,alpha,celseq2,train
Sample_752,beta,smarter,validation
human4_lib1.final_cell_0086,beta,inDrop4,train
HP1502401_A14,acinar,smartseq2,train
human2_lib1.final_cell_0131,alpha,inDrop2,train
human1_lib2.final_cell_0580,quiescent_stellate,inDrop1,train
D17All1_7,beta,celseq,train
HP1502401_B10,alpha,smartseq2,train
human3_lib2.final_cell_0063,acinar,inDrop3,train
human3_lib4.final_cell_0325,alpha,inDrop3,validation
human3_lib4.final_cell_0678,alpha,inDrop3,test
human1_lib3.final_cell_0191,gamma,inDrop1,train
D71_39,acinar,celseq,test
human1_lib1.final_cell_0496,quiescent_stellate,inDrop1,train
human4_lib3.final_cell_0194,ductal,inDrop4,validation
human3_lib3.final_cell_0394,alpha,inDrop3,validation
human3_lib2.final_cell_0260,acinar,inDrop3,train
D29-3_49,alpha,celseq2,train
D29-5_17,alpha,celseq2,train
HP1525301T2D_P13,ductal,smartseq2,validation
HP1508501T2D_F7,beta,smartseq2,train
HP1525301T2D_H17,ductal,smartseq2,train
HP1508501T2D_K6,acinar,smartseq2,train
D30-6_91,alpha,celseq2,validation
human2_lib3.final_cell_0164,alpha,inDrop2,test
human1_lib3.final_cell_0077,delta,inDrop1,train
human3_lib1.final_cell_0143,beta,inDrop3,validation
D1713_54,ductal,celseq,train
Sample_395,alpha,smarter,train
human3_lib2.final_cell_0631,alpha,inDrop3,validation
human3_lib2.final_cell_0443,beta,inDrop3,train
D3en4_54,acinar,celseq,train
human2_lib2.final_cell_0224,alpha,inDrop2,train
human1_lib1.final_cell_0401,alpha,inDrop1,train
human2_lib2.final_cell_0003,alpha,inDrop2,test
D102_71,acinar,celseq,train
human1_lib2.final_cell_0150,beta,inDrop1,validation
human3_lib2.final_cell_0525,alpha,inDrop3,train
human2_lib2.final_cell_0544,beta,inDrop2,train
human1_lib3.final_cell_0591,quiescent_stellate,inDrop1,train
HP1504901_J20,alpha,smartseq2,test
human3_lib2.final_cell_0771,activated_stellate,inDrop3,train
4th-C81_S64,ductal,fluidigmc1,train
HP1506401_D3,acinar,smartseq2,validation
human2_lib1.final_cell_0539,ductal,inDrop2,validation
10th_C58_S111,gamma,fluidigmc1,train
human2_lib1.final_cell_0303,ductal,inDrop2,train
human3_lib4.final_cell_0789,alpha,inDrop3,test
human3_lib4.final_cell_0023,acinar,inDrop3,train
D30-7_6,alpha,celseq2,train
human3_lib4.final_cell_0637,alpha,inDrop3,train
human2_lib3.final_cell_0429,quiescent_stellate,inDrop2,test
human3_lib4.final_cell_0289,beta,inDrop3,train
Sample_1329,alpha,smarter,test
human4_lib3.final_cell_0359,alpha,inDrop4,train
human2_lib2.final_cell_0164,alpha,inDrop2,train
HP1502401_K24,gamma,smartseq2,train
HP1526901T2D_H23,gamma,smartseq2,train
human3_lib2.final_cell_0365,alpha,inDrop3,train
D17All2_41,beta,celseq,train
human3_lib3.final_cell_0903,beta,inDrop3,validation
human3_lib4.final_cell_0862,beta,inDrop3,test
Sample_429,alpha,smarter,train
human3_lib1.final_cell_0105,acinar,inDrop3,train
HP1507101_N4,alpha,smartseq2,train
12th-C60_S176,beta,fluidigmc1,train
Sample_974,alpha,smarter,train
HP1506401_B5,acinar,smartseq2,train
Sample_12,beta,smarter,train
HP1506401_N9,acinar,smartseq2,validation
Sample_580,alpha,smarter,validation
human1_lib2.final_cell_0366,delta,inDrop1,test
human3_lib2.final_cell_0332,beta,inDrop3,train
D31-4_12,beta,celseq2,train
human3_lib1.final_cell_0773,alpha,inDrop3,train
human4_lib3.final_cell_0338,beta,inDrop4,train
4th-C45_S87,beta,fluidigmc1,validation
human3_lib4.final_cell_0063,acinar,inDrop3,train
Sample_743,beta,smarter,train
human4_lib3.final_cell_0431,beta,inDrop4,train
human2_lib3.final_cell_0147,macrophage,inDrop2,train
human2_lib1.final_cell_0454,alpha,inDrop2,test
human1_lib2.final_cell_0302,alpha,inDrop1,train
human4_lib1.final_cell_0316,beta,inDrop4,train
D28-7_76,ductal,celseq2,train
human3_lib1.final_cell_0796,alpha,inDrop3,train
human1_lib3.final_cell_0477,beta,inDrop1,train
human1_lib1.final_cell_0373,gamma,inDrop1,test
HP1504101T2D_P2,alpha,smartseq2,test
human3_lib3.final_cell_0521,ductal,inDrop3,test
HP1508501T2D_J14,ductal,smartseq2,train
human1_lib3.final_cell_0647,beta,inDrop1,validation
D30-3_4,alpha,celseq2,train
human4_lib3.final_cell_0366,alpha,inDrop4,train
human4_lib3.final_cell_0306,beta,inDrop4,train
human3_lib1.final_cell_0296,alpha,inDrop3,train
HP1508501T2D_C16,delta,smartseq2,validation
3rd-C12_S68,alpha,fluidigmc1,train
D31-8_82,alpha,celseq2,train
human4_lib1.final_cell_0472,alpha,inDrop4,train
Sample_494,alpha,smarter,train
human3_lib3.final_cell_0469,alpha,inDrop3,test
human3_lib4.final_cell_0790,beta,inDrop3,train
D31-6_45,alpha,celseq2,train
6th-C73_S48,beta,fluidigmc1,train
D29-3_56,alpha,celseq2,train
D29-7_68,beta,celseq2,test
HP1506401_L7,alpha,smartseq2,train
human3_lib2.final_cell_0350,alpha,inDrop3,train
human1_lib3.final_cell_0620,beta,inDrop1,train
human3_lib1.final_cell_0652,quiescent_stellate,inDrop3,train
D31-7_80,alpha,celseq2,train
Sample_389,alpha,smarter,test
human1_lib3.final_cell_0537,beta,inDrop1,train
Sample_542,alpha,smarter,validation
Sample_585,delta,smarter,test
human2_lib3.final_cell_0499,alpha,inDrop2,train
human3_lib3.final_cell_0782,acinar,inDrop3,validation
human3_lib4.final_cell_0793,acinar,inDrop3,train
human3_lib3.final_cell_0296,acinar,inDrop3,validation
HP1507101_N8,ductal,smartseq2,validation
Sample_829,beta,smarter,train
D31-2_74,alpha,celseq2,test
D31-3_24,alpha,celseq2,train
human3_lib3.final_cell_0356,beta,inDrop3,train
HP1506401_H7,ductal,smartseq2,train
human4_lib1.final_cell_0568,t_cell,inDrop4,train
D1713_41,ductal,celseq,train
D28-7_62,acinar,celseq2,train
human3_lib4.final_cell_0839,beta,inDrop3,train
Sample_626,gamma,smarter,test
D29-5_3,alpha,celseq2,train
human3_lib3.final_cell_0579,beta,inDrop3,test
human3_lib4.final_cell_0840,alpha,inDrop3,train
human3_lib3.final_cell_0313,beta,inDrop3,train
human3_lib4.final_cell_0154,alpha,inDrop3,validation
human1_lib2.final_cell_0501,ductal,inDrop1,train
human1_lib3.final_cell_0355,beta,inDrop1,train
HP1504101T2D_E7,gamma,smartseq2,train
human3_lib3.final_cell_0515,beta,inDrop3,train
human3_lib4.final_cell_0453,alpha,inDrop3,test
human1_lib3.final_cell_0674,alpha,inDrop1,validation
Sample_484,alpha,smarter,train
human3_lib3.final_cell_0422,beta,inDrop3,train
D29-2_42,gamma,celseq2,train
HP1508501T2D_O12,ductal,smartseq2,train
D30-7_71,alpha,celseq2,train
D30-5_9,ductal,celseq2,train
human2_lib1.final_cell_0429,alpha,inDrop2,train
Sample_433,alpha,smarter,train
human3_lib2.final_cell_0863,beta,inDrop3,train
human3_lib4.final_cell_0532,beta,inDrop3,train
human4_lib3.final_cell_0371,alpha,inDrop4,train
D31-2_81,alpha,celseq2,validation
HP1502401_O23,alpha,smartseq2,train
D31-4_31,alpha,celseq2,train
7th-C64_S31,beta,fluidigmc1,train
human3_lib1.final_cell_0509,beta,inDrop3,train
human4_lib3.final_cell_0416,ductal,inDrop4,train
human3_lib2.final_cell_0416,activated_stellate,inDrop3,train
2nd-C93_S88,beta,fluidigmc1,train
human2_lib2.final_cell_0561,alpha,inDrop2,train
D30-7_94,beta,celseq2,train
D29-1_44,alpha,celseq2,train
HP1504101T2D_D21,gamma,smartseq2,train
D31-4_21,beta,celseq2,train
D28-8_63,acinar,celseq2,train
HP1525301T2D_G1,alpha,smartseq2,train
D31-6_66,acinar,celseq2,train
D30-5_73,alpha,celseq2,train
Sample_1242,alpha,smarter,train
D29-5_46,alpha,celseq2,train
Sample_1034,alpha,smarter,train
human3_lib3.final_cell_0686,alpha,inDrop3,train
human1_lib1.final_cell_0072,beta,inDrop1,train
Sample_679,beta,smarter,validation
HP1526901T2D_C11,beta,smartseq2,test
D172444_73,alpha,celseq,test
human2_lib1.final_cell_0440,alpha,inDrop2,validation
human2_lib2.final_cell_0181,delta,inDrop2,train
D30-5_62,alpha,celseq2,validation
D30-2_81,alpha,celseq2,train
human4_lib3.final_cell_0405,ductal,inDrop4,validation
human1_lib2.final_cell_0357,beta,inDrop1,train
HP1526901T2D_O19,acinar,smartseq2,train
human2_lib3.final_cell_0426,alpha,inDrop2,train
HP1506401_L2,beta,smartseq2,test
human4_lib3.final_cell_0173,alpha,inDrop4,train
human4_lib1.final_cell_0572,endothelial,inDrop4,train
human1_lib1.final_cell_0334,alpha,inDrop1,train
Sample_584,alpha,smarter,train
human2_lib1.final_cell_0226,gamma,inDrop2,train
D29-3_12,ductal,celseq2,train
human4_lib3.final_cell_0529,gamma,inDrop4,test
10th_C51_S80,beta,fluidigmc1,train
HP1504901_A16,beta,smartseq2,train
Sample_1023,alpha,smarter,train
HP1502401_J18,alpha,smartseq2,train
human2_lib1.final_cell_0416,alpha,inDrop2,train
HP1504901_H4,alpha,smartseq2,train
human3_lib2.final_cell_0827,beta,inDrop3,test
human2_lib2.final_cell_0405,alpha,inDrop2,train
Sample_662,beta,smarter,train
human3_lib3.final_cell_0164,acinar,inDrop3,train
HP1504101T2D_O6,alpha,smartseq2,train
human2_lib2.final_cell_0235,alpha,inDrop2,train
human1_lib2.final_cell_0338,delta,inDrop1,train
human2_lib2.final_cell_0067,ductal,inDrop2,train
human3_lib1.final_cell_0404,beta,inDrop3,train
human3_lib2.final_cell_0390,beta,inDrop3,train
HP1526901T2D_I20,beta,smartseq2,train
D3en1_10,acinar,celseq,train
human3_lib2.final_cell_0214,acinar,inDrop3,test
human2_lib1.final_cell_0357,alpha,inDrop2,validation
human3_lib3.final_cell_0280,alpha,inDrop3,train
Sample_36,beta,smarter,train
10th_C54_S124,ductal,fluidigmc1,validation
human1_lib3.final_cell_0092,beta,inDrop1,train
D30-4_67,beta,celseq2,train
human3_lib2.final_cell_0232,ductal,inDrop3,train
2nd-C94_S96,alpha,fluidigmc1,test
HP1502401_L2,alpha,smartseq2,train
D30-7_66,alpha,celseq2,test
Sample_201,beta,smarter,test
HP1509101_P8,ductal,smartseq2,validation
AZ_B2,alpha,smartseq2,train
D17All2_30,beta,celseq,test
9th-C6_S7,beta,fluidigmc1,train
D172444_39,endothelial,celseq,train
human3_lib2.final_cell_0008,acinar,inDrop3,train
human3_lib2.final_cell_0428,beta,inDrop3,train
human4_lib1.final_cell_0444,beta,inDrop4,train
HP1502401_A22,acinar,smartseq2,train
human1_lib3.final_cell_0442,gamma,inDrop1,train
human2_lib2.final_cell_0254,beta,inDrop2,train
human4_lib3.final_cell_0085,beta,inDrop4,train
6th-C15_S22,beta,fluidigmc1,train
HP1504901_O20,beta,smartseq2,train
human3_lib2.final_cell_0151,beta,inDrop3,validation
Sample_1081,alpha,smarter,train
human4_lib1.final_cell_0083,delta,inDrop4,validation
HP1506401_A5,alpha,smartseq2,train
D30-2_10,alpha,celseq2,validation
D28-3_26,acinar,celseq2,train
human4_lib3.final_cell_0086,ductal,inDrop4,train
D17All2_63,gamma,celseq,train
HP1504901_O8,beta,smartseq2,train
D30-3_76,delta,celseq2,train
human3_lib3.final_cell_0609,alpha,inDrop3,validation
HP1525301T2D_J15,ductal,smartseq2,test
human3_lib1.final_cell_0097,acinar,inDrop3,train
Sample_504,alpha,smarter,train
7th-C19_S36,beta,fluidigmc1,train
human2_lib2.final_cell_0491,alpha,inDrop2,train
human2_lib1.final_cell_0083,ductal,inDrop2,train
HP1508501T2D_L15,activated_stellate,smartseq2,train
D31-2_48,beta,celseq2,test
human3_lib1.final_cell_0577,ductal,inDrop3,train
HP1502401_M7,alpha,smartseq2,train
human3_lib4.final_cell_0483,alpha,inDrop3,train
human2_lib3.final_cell_0324,beta,inDrop2,train
human4_lib1.final_cell_0153,beta,inDrop4,train
D72_39,delta,celseq,test
human1_lib3.final_cell_0327,ductal,inDrop1,train
D17TGFB_81,ductal,celseq,test
human2_lib2.final_cell_0437,alpha,inDrop2,train
D28-1_65,alpha,celseq2,train
D30-8_46,beta,celseq2,test
HP1504101T2D_I10,gamma,smartseq2,train
HP1525301T2D_K14,ductal,smartseq2,train
human3_lib3.final_cell_0578,alpha,inDrop3,validation
human1_lib2.final_cell_0557,beta,inDrop1,train
D28-6_88,alpha,celseq2,train
AZ_H10,acinar,smartseq2,test
HP1506401_C13,acinar,smartseq2,train
D29-6_10,delta,celseq2,validation
D30-6_35,delta,celseq2,train
human2_lib3.final_cell_0469,alpha,inDrop2,test
D30-1_40,alpha,celseq2,validation
human2_lib3.final_cell_0299,alpha,inDrop2,train
D30-1_43,ductal,celseq2,train
human3_lib1.final_cell_0185,acinar,inDrop3,train
human1_lib1.final_cell_0436,acinar,inDrop1,train
human1_lib3.final_cell_0416,beta,inDrop1,train
Sample_1205,alpha,smarter,train
human4_lib3.final_cell_0662,mast,inDrop4,train
human3_lib3.final_cell_0306,acinar,inDrop3,train
HP1507101_L16,beta,smartseq2,validation
D30-3_71,beta,celseq2,train
D29-6_86,alpha,celseq2,train
human2_lib3.final_cell_0138,alpha,inDrop2,test
D31-7_90,alpha,celseq2,train
D101_5,gamma,celseq,train
human3_lib2.final_cell_0457,alpha,inDrop3,test
human2_lib3.final_cell_0428,quiescent_stellate,inDrop2,train
human3_lib3.final_cell_0200,beta,inDrop3,test
AZ_A10,delta,smartseq2,train
human2_lib2.final_cell_0585,gamma,inDrop2,train
human1_lib3.final_cell_0604,endothelial,inDrop1,train
human2_lib2.final_cell_0052,ductal,inDrop2,validation
HP1509101_L17,alpha,smartseq2,train
HP1502401_E20,acinar,smartseq2,train
human2_lib2.final_cell_0322,alpha,inDrop2,train
human1_lib2.final_cell_0358,beta,inDrop1,train
human3_lib4.final_cell_0408,alpha,inDrop3,train
human1_lib3.final_cell_0722,ductal,inDrop1,train
Sample_1365,alpha,smarter,train
human3_lib2.final_cell_0228,acinar,inDrop3,train
D1713_50,acinar,celseq,test
human4_lib3.final_cell_0672,ductal,inDrop4,validation
human2_lib1.final_cell_0396,ductal,inDrop2,train
human3_lib4.final_cell_0060,acinar,inDrop3,validation
human1_lib3.final_cell_0024,beta,inDrop1,train
human2_lib1.final_cell_0118,alpha,inDrop2,validation
human1_lib3.final_cell_0236,ductal,inDrop1,train
human3_lib1.final_cell_0553,beta,inDrop3,train
HP1504101T2D_N6,alpha,smartseq2,train
human2_lib3.final_cell_0509,endothelial,inDrop2,train
D3en3_50,acinar,celseq,validation
HP1504901_P3,endothelial,smartseq2,train
Sample_394,alpha,smarter,validation
D31-4_49,beta,celseq2,train
D28-8_75,acinar,celseq2,train
human1_lib1.final_cell_0263,alpha,inDrop1,validation
D29-4_30,alpha,celseq2,test
human4_lib3.final_cell_0524,activated_stellate,inDrop4,test
human3_lib3.final_cell_0283,activated_stellate,inDrop3,train
human3_lib2.final_cell_0219,beta,inDrop3,train
human4_lib3.final_cell_0445,alpha,inDrop4,train
D30-4_74,alpha,celseq2,train
D30-8_49,beta,celseq2,train
HP1508501T2D_L6,alpha,smartseq2,train
human3_lib3.final_cell_0565,alpha,inDrop3,train
AZ_B9,alpha,smartseq2,train
D1713_93,endothelial,celseq,train
human2_lib1.final_cell_0389,alpha,inDrop2,train
11th-C30_S66,beta,fluidigmc1,train
D31-5_47,schwann,celseq2,train
human3_lib1.final_cell_0122,beta,inDrop3,train
D30-5_10,alpha,celseq2,train
human3_lib2.final_cell_0753,ductal,inDrop3,train
human3_lib3.final_cell_0478,acinar,inDrop3,test
human4_lib1.final_cell_0532,beta,inDrop4,train
HP1504101T2D_D2,alpha,smartseq2,train
2nd-C49_S4,beta,fluidigmc1,train
human1_lib1.final_cell_0463,endothelial,inDrop1,train
D72_43,ductal,celseq,train
human2_lib3.final_cell_0031,delta,inDrop2,train
human4_lib1.final_cell_0089,beta,inDrop4,validation
human3_lib4.final_cell_0170,acinar,inDrop3,validation
HP1507101_I19,alpha,smartseq2,validation
human2_lib1.final_cell_0400,alpha,inDrop2,train
human4_lib3.final_cell_0326,delta,inDrop4,train
D31-2_65,beta,celseq2,test
11th-C7_S16,ductal,fluidigmc1,train
D30-4_62,acinar,celseq2,test
D1713_71,acinar,celseq,test
human3_lib4.final_cell_0857,alpha,inDrop3,train
D31-5_33,alpha,celseq2,test
human1_lib1.final_cell_0115,beta,inDrop1,train
human4_lib1.final_cell_0191,alpha,inDrop4,train
human3_lib4.final_cell_0769,delta,inDrop3,train
HP1509101_P7,beta,smartseq2,train
human3_lib3.final_cell_0618,alpha,inDrop3,train
HP1508501T2D_D2,alpha,smartseq2,train
D17TGFB_80,acinar,celseq,train
D31-4_8,delta,celseq2,test
Sample_1475,alpha,smarter,train
D102_18,beta,celseq,validation
Sample_823,beta,smarter,train
D31-4_61,alpha,celseq2,train
D72_81,beta,celseq,test
D31-5_39,acinar,celseq2,train
D28-3_51,acinar,celseq2,train
human1_lib2.final_cell_0525,ductal,inDrop1,train
HP1504901_F15,gamma,smartseq2,train
HP1509101_F1,alpha,smartseq2,test
HP1504101T2D_E23,alpha,smartseq2,train
human3_lib1.final_cell_0437,ductal,inDrop3,test
human4_lib1.final_cell_0201,ductal,inDrop4,test
human1_lib2.final_cell_0122,ductal,inDrop1,train
human3_lib1.final_cell_0321,alpha,inDrop3,train
human2_lib2.final_cell_0526,mast,inDrop2,test
Sample_231,alpha,smarter,test
D30-8_34,endothelial,celseq2,train
human2_lib2.final_cell_0150,macrophage,inDrop2,train
human2_lib1.final_cell_0093,alpha,inDrop2,test
human4_lib3.final_cell_0209,ductal,inDrop4,train
D30-8_90,alpha,celseq2,test
human3_lib4.final_cell_0342,acinar,inDrop3,validation
human4_lib3.final_cell_0586,alpha,inDrop4,test
human3_lib3.final_cell_0718,beta,inDrop3,train
HP1508501T2D_A7,ductal,smartseq2,train
HP1525301T2D_B10,ductal,smartseq2,test
HP1526901T2D_A19,beta,smartseq2,train
HP1508501T2D_E15,ductal,smartseq2,train
Sample_1074,alpha,smarter,train
human1_lib1.final_cell_0105,beta,inDrop1,validation
human1_lib3.final_cell_0008,delta,inDrop1,train
human1_lib2.final_cell_0046,beta,inDrop1,train
HP1508501T2D_P3,alpha,smartseq2,test
D30-4_75,alpha,celseq2,validation
Sample_799,beta,smarter,train
D31-2_44,alpha,celseq2,train
HP1509101_H11,alpha,smartseq2,train
Sample_1568,gamma,smarter,validation
human3_lib3.final_cell_0930,beta,inDrop3,validation
human3_lib3.final_cell_0560,acinar,inDrop3,train
human1_lib2.final_cell_0060,beta,inDrop1,train
human3_lib1.final_cell_0711,ductal,inDrop3,train
HP1526901T2D_B4,beta,smartseq2,test
2nd-C19_S39,beta,fluidigmc1,train
HP1508501T2D_N2,ductal,smartseq2,validation
D29-6_90,alpha,celseq2,train
Sample_474,alpha,smarter,train
human3_lib4.final_cell_0125,acinar,inDrop3,train
human3_lib1.final_cell_0895,ductal,inDrop3,train
Sample_636,gamma,smarter,validation
human3_lib2.final_cell_0483,alpha,inDrop3,test
HP1525301T2D_O13,alpha,smartseq2,validation
6th-C23_S38,delta,fluidigmc1,train
D74_35,beta,celseq,train
human3_lib4.final_cell_0220,gamma,inDrop3,train
D29-4_8,alpha,celseq2,train
D102_21,schwann,celseq,test
human3_lib2.final_cell_0312,alpha,inDrop3,test
D30-5_7,beta,celseq2,train
human3_lib4.final_cell_0131,acinar,inDrop3,train
HP1526901T2D_D21,delta,smartseq2,test
Sample_950,alpha,smarter,train
Sample_5,beta,smarter,test
D31-4_43,acinar,celseq2,test
human1_lib1.final_cell_0353,beta,inDrop1,train
human3_lib3.final_cell_0142,beta,inDrop3,validation
human3_lib4.final_cell_0155,acinar,inDrop3,train
Sample_1170,alpha,smarter,train
human3_lib4.final_cell_0015,acinar,inDrop3,train
D17TGFB_68,beta,celseq,train
human4_lib3.final_cell_0257,beta,inDrop4,train
human3_lib4.final_cell_0043,acinar,inDrop3,train
HP1502401_C6,beta,smartseq2,train
human1_lib2.final_cell_0596,endothelial,inDrop1,validation
HP1502401_G20,beta,smartseq2,test
human3_lib3.final_cell_0530,activated_stellate,inDrop3,train
human2_lib2.final_cell_0517,alpha,inDrop2,train
human4_lib1.final_cell_0517,gamma,inDrop4,train
human4_lib3.final_cell_0407,alpha,inDrop4,test
human1_lib2.final_cell_0010,ductal,inDrop1,test
HP1506401_G1,alpha,smartseq2,train
human2_lib1.final_cell_0147,alpha,inDrop2,train
human4_lib3.final_cell_0280,alpha,inDrop4,test
human3_lib3.final_cell_0060,acinar,inDrop3,train
human4_lib3.final_cell_0238,alpha,inDrop4,train
HP1507101_O6,alpha,smartseq2,train
human1_lib2.final_cell_0216,beta,inDrop1,validation
human3_lib4.final_cell_0807,alpha,inDrop3,train
human3_lib4.final_cell_0838,alpha,inDrop3,train
human3_lib3.final_cell_0415,acinar,inDrop3,train
Sample_991,alpha,smarter,train
HP1525301T2D_F16,ductal,smartseq2,test
human4_lib3.final_cell_0471,alpha,inDrop4,train
human2_lib2.final_cell_0447,alpha,inDrop2,train
HP1507101_D7,alpha,smartseq2,train
human3_lib2.final_cell_0847,activated_stellate,inDrop3,test
HP1507101_J4,alpha,smartseq2,test
human2_lib1.final_cell_0324,beta,inDrop2,test
Sample_61,beta,smarter,validation
human2_lib2.final_cell_0146,ductal,inDrop2,train
human1_lib2.final_cell_0037,beta,inDrop1,train
Sample_556,alpha,smarter,test
D17All1_11,ductal,celseq,train
D31-2_11,alpha,celseq2,train
human3_lib3.final_cell_0541,ductal,inDrop3,train
D31-1_9,acinar,celseq2,test
D31-1_46,alpha,celseq2,train
Sample_240,alpha,smarter,train
Sample_1406,alpha,smarter,train
D73_83,acinar,celseq,train
human1_lib3.final_cell_0533,endothelial,inDrop1,validation
human3_lib3.final_cell_0643,alpha,inDrop3,validation
human1_lib2.final_cell_0446,beta,inDrop1,test
human4_lib1.final_cell_0244,beta,inDrop4,train
human3_lib1.final_cell_0541,alpha,inDrop3,train
HP1525301T2D_G23,gamma,smartseq2,validation
human4_lib1.final_cell_0368,beta,inDrop4,train
13th_C20_S142,alpha,fluidigmc1,test
human3_lib4.final_cell_0543,beta,inDrop3,train
human1_lib3.final_cell_0429,endothelial,inDrop1,validation
Sample_909,beta,smarter,train
human1_lib1.final_cell_0504,beta,inDrop1,train
HP1504901_P10,alpha,smartseq2,train
human3_lib3.final_cell_0662,alpha,inDrop3,train
D1713_57,ductal,celseq,train
human3_lib3.final_cell_0083,ductal,inDrop3,train
human2_lib3.final_cell_0023,delta,inDrop2,validation
human3_lib2.final_cell_0721,acinar,inDrop3,validation
D28-1_49,ductal,celseq2,test
human2_lib1.final_cell_0231,beta,inDrop2,test
human3_lib2.final_cell_0100,acinar,inDrop3,train
human3_lib2.final_cell_0518,alpha,inDrop3,train
human4_lib3.final_cell_0337,ductal,inDrop4,train
human2_lib3.final_cell_0258,alpha,inDrop2,test
human2_lib2.final_cell_0048,beta,inDrop2,train
human3_lib2.final_cell_0286,alpha,inDrop3,train
human1_lib2.final_cell_0442,beta,inDrop1,train
human4_lib1.final_cell_0556,ductal,inDrop4,train
6th-C62_S25,schwann,fluidigmc1,validation
human1_lib3.final_cell_0405,beta,inDrop1,validation
HP1508501T2D_H16,acinar,smartseq2,validation
human2_lib2.final_cell_0105,beta,inDrop2,train
human1_lib2.final_cell_0361,beta,inDrop1,train
4th-C24_S43,beta,fluidigmc1,train
HP1507101_F12,delta,smartseq2,validation
D30-2_35,ductal,celseq2,test
D2ex_61,acinar,celseq,test
human2_lib1.final_cell_0253,gamma,inDrop2,validation
7th-C34_S59,alpha,fluidigmc1,train
human3_lib2.final_cell_0592,alpha,inDrop3,train
7th-C81_S56,ductal,fluidigmc1,train
HP1507101_F23,beta,smartseq2,validation
human3_lib3.final_cell_0001,acinar,inDrop3,train
human3_lib1.final_cell_0506,alpha,inDrop3,test
human1_lib1.final_cell_0404,quiescent_stellate,inDrop1,train
human3_lib1.final_cell_0725,endothelial,inDrop3,train
human1_lib2.final_cell_0072,acinar,inDrop1,train
human3_lib4.final_cell_0075,acinar,inDrop3,train
human1_lib3.final_cell_0568,alpha,inDrop1,train
D172444_14,alpha,celseq,validation
HP1506401_N4,alpha,smartseq2,train
human3_lib4.final_cell_0326,alpha,inDrop3,validation
Sample_1216,alpha,smarter,train
Sample_135,beta,smarter,train
HP1526901T2D_K20,beta,smartseq2,train
human3_lib3.final_cell_0556,beta,inDrop3,train
human1_lib3.final_cell_0337,gamma,inDrop1,train
human3_lib2.final_cell_0130,acinar,inDrop3,train
D30-1_74,beta,celseq2,train
D72_93,ductal,celseq,test
human3_lib2.final_cell_0541,alpha,inDrop3,train
D28-5_28,activated_stellate,celseq2,train
human4_lib3.final_cell_0507,ductal,inDrop4,train
human4_lib1.final_cell_0241,beta,inDrop4,train
D30-5_34,ductal,celseq2,train
Sample_1103,alpha,smarter,train
human1_lib2.final_cell_0465,ductal,inDrop1,train
D17All1_51,beta,celseq,train
HP1504901_I21,alpha,smartseq2,train
human2_lib1.final_cell_0460,alpha,inDrop2,test
human4_lib3.final_cell_0026,delta,inDrop4,validation
human1_lib2.final_cell_0530,endothelial,inDrop1,train
human2_lib2.final_cell_0370,beta,inDrop2,train
human4_lib1.final_cell_0163,beta,inDrop4,train
Sample_434,alpha,smarter,train
human1_lib1.final_cell_0375,ductal,inDrop1,test
human3_lib4.final_cell_0368,acinar,inDrop3,train
human1_lib1.final_cell_0337,delta,inDrop1,train
human3_lib1.final_cell_0024,acinar,inDrop3,train
human2_lib3.final_cell_0004,beta,inDrop2,test
human3_lib4.final_cell_0257,beta,inDrop3,train
D172444_11,beta,celseq,validation
human1_lib1.final_cell_0122,beta,inDrop1,train
HP1504101T2D_E9,gamma,smartseq2,validation
human3_lib1.final_cell_0213,beta,inDrop3,train
D2ex_58,ductal,celseq,train
HP1504901_C11,alpha,smartseq2,validation
human3_lib1.final_cell_0247,ductal,inDrop3,train
human3_lib3.final_cell_0923,endothelial,inDrop3,test
human3_lib1.final_cell_0157,activated_stellate,inDrop3,train
HP1509101_N7,ductal,smartseq2,validation
Sample_107,beta,smarter,train
human3_lib3.final_cell_0484,gamma,inDrop3,train
human3_lib1.final_cell_0691,activated_stellate,inDrop3,train
human3_lib1.final_cell_0075,delta,inDrop3,train
human3_lib1.final_cell_0554,ductal,inDrop3,train
human3_lib3.final_cell_0043,acinar,inDrop3,train
Sample_56,beta,smarter,validation
human2_lib2.final_cell_0469,beta,inDrop2,test
human3_lib4.final_cell_0087,acinar,inDrop3,validation
AZ_D3,alpha,smartseq2,train
12th-C40_S144,beta,fluidigmc1,train
human1_lib3.final_cell_0026,delta,inDrop1,validation
human3_lib3.final_cell_0351,beta,inDrop3,train
Sample_478,alpha,smarter,test
human3_lib1.final_cell_0637,alpha,inDrop3,validation
human2_lib2.final_cell_0230,beta,inDrop2,train
D74_42,alpha,celseq,train
HP1525301T2D_G18,alpha,smartseq2,validation
D30-2_24,alpha,celseq2,train
human3_lib1.final_cell_0675,alpha,inDrop3,train
D30-6_42,alpha,celseq2,validation
6th-C28_S49,beta,fluidigmc1,test
human3_lib1.final_cell_0233,beta,inDrop3,train
human3_lib2.final_cell_0852,beta,inDrop3,train
human3_lib4.final_cell_0731,alpha,inDrop3,train
human3_lib4.final_cell_0172,alpha,inDrop3,train
Sample_666,beta,smarter,train
D102_68,alpha,celseq,train
human1_lib3.final_cell_0063,beta,inDrop1,train
human3_lib1.final_cell_0019,acinar,inDrop3,train
human3_lib2.final_cell_0304,beta,inDrop3,train
human1_lib2.final_cell_0345,beta,inDrop1,train
human2_lib3.final_cell_0045,alpha,inDrop2,test
Sample_116,beta,smarter,train
human3_lib3.final_cell_0554,activated_stellate,inDrop3,train
13th_C69_S173,endothelial,fluidigmc1,train
human1_lib1.final_cell_0407,quiescent_stellate,inDrop1,train
human1_lib3.final_cell_0123,alpha,inDrop1,train
Sample_172,beta,smarter,validation
human4_lib3.final_cell_0469,activated_stellate,inDrop4,train
9th-C92_S77,alpha,fluidigmc1,train
Sample_81,beta,smarter,train
Sample_1197,alpha,smarter,validation
human3_lib2.final_cell_0542,alpha,inDrop3,train
human3_lib1.final_cell_0242,beta,inDrop3,validation
HP1507101_M14,alpha,smartseq2,train
human4_lib1.final_cell_0375,beta,inDrop4,train
D29-7_30,gamma,celseq2,train
D29-8_7,alpha,celseq2,validation
human3_lib3.final_cell_0134,activated_stellate,inDrop3,test
Sample_1130,alpha,smarter,train
D31-8_90,ductal,celseq2,train
human3_lib3.final_cell_0474,alpha,inDrop3,train
human3_lib1.final_cell_0153,alpha,inDrop3,train
HP1526901T2D_I12,acinar,smartseq2,train
human1_lib1.final_cell_0273,endothelial,inDrop1,train
human4_lib3.final_cell_0028,ductal,inDrop4,train
human3_lib4.final_cell_0218,beta,inDrop3,train
HP1508501T2D_H21,alpha,smartseq2,train
human3_lib4.final_cell_0399,beta,inDrop3,validation
human1_lib1.final_cell_0079,beta,inDrop1,train
human3_lib4.final_cell_0029,acinar,inDrop3,train
human1_lib3.final_cell_0644,beta,inDrop1,train
human2_lib1.final_cell_0421,beta,inDrop2,validation
HP1504101T2D_H2,alpha,smartseq2,train
human4_lib3.final_cell_0198,beta,inDrop4,test
D29-2_15,alpha,celseq2,validation
human3_lib4.final_cell_0206,alpha,inDrop3,train
human1_lib3.final_cell_0583,beta,inDrop1,test
human3_lib3.final_cell_0659,alpha,inDrop3,train
human4_lib3.final_cell_0055,ductal,inDrop4,train
D17All1_76,ductal,celseq,train
8th-C84_S143,delta,fluidigmc1,train
human3_lib3.final_cell_0049,acinar,inDrop3,train
human2_lib1.final_cell_0490,ductal,inDrop2,test
human2_lib1.final_cell_0394,activated_stellate,inDrop2,train
D28-3_76,alpha,celseq2,test
human2_lib2.final_cell_0541,alpha,inDrop2,train
D29-8_81,delta,celseq2,train
human3_lib3.final_cell_0087,beta,inDrop3,test
human1_lib1.final_cell_0367,gamma,inDrop1,train
AZ_F8,alpha,smartseq2,validation
D28-7_61,alpha,celseq2,test
human3_lib4.final_cell_0878,beta,inDrop3,train
D30-6_24,alpha,celseq2,train
human2_lib1.final_cell_0322,alpha,inDrop2,test
human1_lib3.final_cell_0515,beta,inDrop1,train
D28-7_4,gamma,celseq2,train
human4_lib1.final_cell_0297,delta,inDrop4,train
human4_lib1.final_cell_0221,beta,inDrop4,train
D31-5_52,beta,celseq2,train
human1_lib3.final_cell_0516,mast,inDrop1,train
human1_lib2.final_cell_0369,beta,inDrop1,train
D29-7_63,delta,celseq2,test
human4_lib1.final_cell_0546,beta,inDrop4,test
human2_lib2.final_cell_0061,beta,inDrop2,test
human1_lib3.final_cell_0264,delta,inDrop1,train
human3_lib2.final_cell_0566,beta,inDrop3,train
HP1504901_P11,ductal,smartseq2,train
human3_lib1.final_cell_0568,alpha,inDrop3,validation
human1_lib1.final_cell_0423,endothelial,inDrop1,train
human2_lib2.final_cell_0403,ductal,inDrop2,train
human3_lib3.final_cell_0544,alpha,inDrop3,train
human2_lib3.final_cell_0450,ductal,inDrop2,validation
D28-5_15,alpha,celseq2,test
human3_lib1.final_cell_0670,ductal,inDrop3,train
HP1526901T2D_J2,alpha,smartseq2,validation
13th_C63_S172,beta,fluidigmc1,validation
human1_lib2.final_cell_0484,ductal,inDrop1,validation
D28-3_5,alpha,celseq2,validation
human3_lib1.final_cell_0671,beta,inDrop3,test
human2_lib1.final_cell_0531,gamma,inDrop2,test
D29-8_84,alpha,celseq2,train
human4_lib3.final_cell_0220,ductal,inDrop4,validation
3rd-C46_S93,alpha,fluidigmc1,train
human2_lib1.final_cell_0171,activated_stellate,inDrop2,validation
human3_lib1.final_cell_0263,alpha,inDrop3,train
human1_lib2.final_cell_0211,beta,inDrop1,train
human3_lib2.final_cell_0788,gamma,inDrop3,train
human4_lib3.final_cell_0666,ductal,inDrop4,train
HP1526901T2D_E4,gamma,smartseq2,validation
D28-4_91,ductal,celseq2,test
human3_lib4.final_cell_0740,alpha,inDrop3,test
human3_lib4.final_cell_0551,beta,inDrop3,train
human3_lib2.final_cell_0604,alpha,inDrop3,train
D1713_85,ductal,celseq,train
human1_lib3.final_cell_0413,beta,inDrop1,train
human2_lib2.final_cell_0127,ductal,inDrop2,train
human4_lib1.final_cell_0063,beta,inDrop4,train
Sample_69,beta,smarter,train
human1_lib3.final_cell_0328,ductal,inDrop1,test
D17TGFB_39,acinar,celseq,train
human1_lib3.final_cell_0160,beta,inDrop1,validation
HP1507101_C6,alpha,smartseq2,train
HP1525301T2D_M12,ductal,smartseq2,train
D29-5_39,alpha,celseq2,train
human3_lib3.final_cell_0169,beta,inDrop3,validation
human2_lib1.final_cell_0353,alpha,inDrop2,train
human1_lib3.final_cell_0671,endothelial,inDrop1,train
AZ_B12,alpha,smartseq2,test
D172444_12,alpha,celseq,train
HP1508501T2D_P9,alpha,smartseq2,validation
D172444_72,alpha,celseq,train
human2_lib1.final_cell_0259,beta,inDrop2,train
human1_lib3.final_cell_0066,delta,inDrop1,train
human2_lib1.final_cell_0065,alpha,inDrop2,train
human4_lib1.final_cell_0210,beta,inDrop4,train
7th-C85_S69,alpha,fluidigmc1,train
human2_lib2.final_cell_0313,alpha,inDrop2,train
human3_lib2.final_cell_0080,acinar,inDrop3,validation
human1_lib3.final_cell_0152,acinar,inDrop1,validation
Sample_84,beta,smarter,validation
human3_lib1.final_cell_0376,ductal,inDrop3,train
human3_lib3.final_cell_0871,beta,inDrop3,train
human1_lib1.final_cell_0525,beta,inDrop1,train
HP1506401_I17,gamma,smartseq2,train
HP1502401_G3,delta,smartseq2,train
D31-3_88,delta,celseq2,train
human1_lib1.final_cell_0103,alpha,inDrop1,validation
human3_lib4.final_cell_0101,acinar,inDrop3,validation
HP1525301T2D_E22,alpha,smartseq2,train
human1_lib1.final_cell_0252,delta,inDrop1,train
D31-8_29,beta,celseq2,test
human2_lib3.final_cell_0339,alpha,inDrop2,validation
human2_lib1.final_cell_0442,alpha,inDrop2,train
D28-5_13,alpha,celseq2,train
human4_lib3.final_cell_0068,beta,inDrop4,train
Sample_1331,alpha,smarter,validation
Sample_1168,alpha,smarter,train
9th-C17_S29,alpha,fluidigmc1,train
HP1508501T2D_M9,alpha,smartseq2,train
human3_lib1.final_cell_0677,alpha,inDrop3,train
D28-1_41,alpha,celseq2,train
human4_lib1.final_cell_0120,beta,inDrop4,train
D3en1_49,acinar,celseq,train
human1_lib2.final_cell_0587,activated_stellate,inDrop1,train
D31-7_10,ductal,celseq2,test
human4_lib1.final_cell_0403,beta,inDrop4,train
human3_lib3.final_cell_0439,alpha,inDrop3,validation
HP1502401_K6,alpha,smartseq2,train
human3_lib3.final_cell_0002,acinar,inDrop3,train
D3en4_23,ductal,celseq,validation
D31-5_69,acinar,celseq2,validation
HP1506401_H12,gamma,smartseq2,validation
HP1508501T2D_D10,alpha,smartseq2,train
Sample_14,beta,smarter,train
human1_lib2.final_cell_0325,beta,inDrop1,test
human4_lib3.final_cell_0069,ductal,inDrop4,test
Sample_178,beta,smarter,validation
human1_lib3.final_cell_0731,alpha,inDrop1,validation
human2_lib2.final_cell_0513,beta,inDrop2,train
human3_lib1.final_cell_0183,beta,inDrop3,test
human3_lib2.final_cell_0294,activated_stellate,inDrop3,train
human3_lib4.final_cell_0874,alpha,inDrop3,train
human4_lib3.final_cell_0454,beta,inDrop4,validation
human4_lib1.final_cell_0476,beta,inDrop4,train
human4_lib3.final_cell_0210,alpha,inDrop4,test
HP1504101T2D_F22,alpha,smartseq2,validation
human3_lib4.final_cell_0707,ductal,inDrop3,test
human1_lib3.final_cell_0700,beta,inDrop1,validation
human3_lib2.final_cell_0514,alpha,inDrop3,test
D28-3_49,ductal,celseq2,train
human4_lib3.final_cell_0311,ductal,inDrop4,test
Sample_159,beta,smarter,train
human2_lib3.final_cell_0080,ductal,inDrop2,train
human3_lib1.final_cell_0606,beta,inDrop3,test
Sample_591,delta,smarter,train
D30-6_2,alpha,celseq2,train
Sample_1513,alpha,smarter,validation
human3_lib1.final_cell_0627,acinar,inDrop3,train
human4_lib1.final_cell_0280,beta,inDrop4,train
D30-8_5,alpha,celseq2,train
human1_lib2.final_cell_0063,delta,inDrop1,test
human1_lib1.final_cell_0361,endothelial,inDrop1,train
human2_lib1.final_cell_0512,alpha,inDrop2,train
human1_lib2.final_cell_0048,delta,inDrop1,train
human3_lib3.final_cell_0870,beta,inDrop3,test
human2_lib3.final_cell_0267,alpha,inDrop2,train
human3_lib3.final_cell_0441,ductal,inDrop3,train
13th_C75_S159,beta,fluidigmc1,train
human2_lib1.final_cell_0478,gamma,inDrop2,train
D2ex_30,ductal,celseq,validation
HP1526901T2D_P20,alpha,smartseq2,train
D30-8_78,alpha,celseq2,train
D30-8_26,alpha,celseq2,train
HP1502401_C12,ductal,smartseq2,train
2nd-C31_S61,alpha,fluidigmc1,validation
human3_lib4.final_cell_0069,acinar,inDrop3,test
HP1526901T2D_L12,gamma,smartseq2,train
human3_lib3.final_cell_0640,ductal,inDrop3,test
human2_lib2.final_cell_0263,schwann,inDrop2,train
human4_lib1.final_cell_0248,alpha,inDrop4,train
Sample_1428,alpha,smarter,train
human2_lib2.final_cell_0425,alpha,inDrop2,train
D71_18,ductal,celseq,train
D17TGFB_27,ductal,celseq,train
human3_lib4.final_cell_0106,acinar,inDrop3,train
D31-8_81,acinar,celseq2,test
human3_lib3.final_cell_0597,ductal,inDrop3,train
human1_lib1.final_cell_0488,delta,inDrop1,train
human1_lib3.final_cell_0626,beta,inDrop1,train
human3_lib1.final_cell_0586,alpha,inDrop3,train
human1_lib2.final_cell_0569,endothelial,inDrop1,train
D31-6_81,acinar,celseq2,train
D102_51,acinar,celseq,train
human1_lib3.final_cell_0289,alpha,inDrop1,train
Sample_487,alpha,smarter,test
human3_lib2.final_cell_0537,alpha,inDrop3,train
human3_lib1.final_cell_0187,alpha,inDrop3,train
human3_lib2.final_cell_0336,beta,inDrop3,train
human3_lib2.final_cell_0353,alpha,inDrop3,test
D31-1_58,acinar,celseq2,train
human2_lib3.final_cell_0389,alpha,inDrop2,validation
human3_lib4.final_cell_0037,acinar,inDrop3,train
Sample_919,beta,smarter,train
human4_lib1.final_cell_0384,alpha,inDrop4,train
D31-7_63,acinar,celseq2,train
HP1506401_E24,acinar,smartseq2,validation
human3_lib2.final_cell_0403,acinar,inDrop3,train
HP1506401_L13,ductal,smartseq2,train
human1_lib2.final_cell_0471,acinar,inDrop1,train
D30-4_1,beta,celseq2,test
D31-2_66,beta,celseq2,train
D28-6_66,acinar,celseq2,train
Sample_458,alpha,smarter,train
D29-4_27,beta,celseq2,train
D101_22,delta,celseq,test
human3_lib1.final_cell_0521,alpha,inDrop3,test
Sample_824,beta,smarter,train
human3_lib3.final_cell_0342,ductal,inDrop3,validation
human4_lib1.final_cell_0360,ductal,inDrop4,train
HP1506401_H14,alpha,smartseq2,test
human3_lib4.final_cell_0211,acinar,inDrop3,train
10th_C95_S123,alpha,fluidigmc1,train
human2_lib1.final_cell_0163,alpha,inDrop2,train
D30-5_31,ductal,celseq2,train
human3_lib1.final_cell_0445,alpha,inDrop3,train
human2_lib2.final_cell_0391,ductal,inDrop2,train
D17TGFB_82,alpha,celseq,train
human4_lib3.final_cell_0551,beta,inDrop4,test
human2_lib2.final_cell_0047,delta,inDrop2,train
human1_lib2.final_cell_0375,acinar,inDrop1,train
Sample_1385,alpha,smarter,validation
human3_lib4.final_cell_0494,acinar,inDrop3,train
human4_lib3.final_cell_0248,alpha,inDrop4,train
Sample_1555,gamma,smarter,train
HP1502401_K22,alpha,smartseq2,validation
human4_lib1.final_cell_0049,beta,inDrop4,test
human3_lib2.final_cell_0279,beta,inDrop3,train
human3_lib4.final_cell_0513,ductal,inDrop3,validation
Sample_772,beta,smarter,test
human4_lib3.final_cell_0130,ductal,inDrop4,test
human3_lib4.final_cell_0381,acinar,inDrop3,train
human3_lib1.final_cell_0546,acinar,inDrop3,train
human3_lib1.final_cell_0374,alpha,inDrop3,train
human3_lib1.final_cell_0288,ductal,inDrop3,train
human4_lib3.final_cell_0456,beta,inDrop4,train
human3_lib1.final_cell_0839,alpha,inDrop3,test
human3_lib4.final_cell_0171,acinar,inDrop3,train
human1_lib1.final_cell_0333,beta,inDrop1,train
human2_lib3.final_cell_0175,alpha,inDrop2,train
D17TGFB_56,acinar,celseq,test
AZ_G4,alpha,smartseq2,validation
HP1506401_I14,gamma,smartseq2,test
Sample_237,alpha,smarter,test
HP1504901_G3,alpha,smartseq2,train
human3_lib2.final_cell_0791,beta,inDrop3,validation
D172444_59,ductal,celseq,train
human1_lib1.final_cell_0015,beta,inDrop1,train
human2_lib2.final_cell_0570,beta,inDrop2,train
human3_lib3.final_cell_0468,alpha,inDrop3,train
human3_lib1.final_cell_0505,acinar,inDrop3,test
human3_lib4.final_cell_0644,beta,inDrop3,train
D30-6_23,activated_stellate,celseq2,train
human2_lib1.final_cell_0517,ductal,inDrop2,train
human2_lib2.final_cell_0212,alpha,inDrop2,test
Sample_40,beta,smarter,validation
human3_lib3.final_cell_0770,alpha,inDrop3,test
Sample_299,alpha,smarter,train
human1_lib2.final_cell_0434,beta,inDrop1,train
Sample_514,alpha,smarter,train
HP1525301T2D_J16,acinar,smartseq2,train
human2_lib2.final_cell_0044,ductal,inDrop2,train
human4_lib1.final_cell_0423,beta,inDrop4,train
human2_lib3.final_cell_0528,alpha,inDrop2,train
HP1507101_O22,alpha,smartseq2,train
D30-3_75,delta,celseq2,validation
human1_lib2.final_cell_0607,endothelial,inDrop1,train
human4_lib3.final_cell_0046,ductal,inDrop4,train
human2_lib1.final_cell_0087,alpha,inDrop2,validation
human3_lib1.final_cell_0245,beta,inDrop3,train
human4_lib3.final_cell_0190,delta,inDrop4,train
human3_lib3.final_cell_0153,beta,inDrop3,validation
D29-1_1,alpha,celseq2,train
D31-4_33,ductal,celseq2,test
human2_lib2.final_cell_0556,delta,inDrop2,train
human3_lib3.final_cell_0542,beta,inDrop3,train
D17TGFB_7,endothelial,celseq,train
D28-5_40,alpha,celseq2,train
human1_lib2.final_cell_0420,activated_stellate,inDrop1,train
human4_lib1.final_cell_0237,beta,inDrop4,train
HP1525301T2D_E8,alpha,smartseq2,validation
human3_lib4.final_cell_0213,acinar,inDrop3,train
D73_90,delta,celseq,train
HP1504101T2D_A20,gamma,smartseq2,train
human1_lib3.final_cell_0668,alpha,inDrop1,train
HP1525301T2D_F21,ductal,smartseq2,train
human3_lib4.final_cell_0362,beta,inDrop3,train
human1_lib3.final_cell_0263,beta,inDrop1,train
D30-2_61,beta,celseq2,train
D31-2_41,ductal,celseq2,train
HP1504101T2D_A24,delta,smartseq2,train
human1_lib2.final_cell_0459,alpha,inDrop1,validation
human3_lib2.final_cell_0459,ductal,inDrop3,train
HP1507101_G4,alpha,smartseq2,test
human2_lib1.final_cell_0075,alpha,inDrop2,train
human3_lib4.final_cell_0324,beta,inDrop3,train
human2_lib3.final_cell_0385,gamma,inDrop2,train
D30-2_52,delta,celseq2,train
human2_lib1.final_cell_0525,mast,inDrop2,test
D31-6_51,ductal,celseq2,train
human1_lib1.final_cell_0505,endothelial,inDrop1,train
human3_lib3.final_cell_0611,alpha,inDrop3,train
human3_lib1.final_cell_0131,acinar,inDrop3,train
human3_lib3.final_cell_0841,endothelial,inDrop3,test
HP1526901T2D_I6,alpha,smartseq2,train
human1_lib1.final_cell_0230,ductal,inDrop1,train
D29-5_54,alpha,celseq2,train
D28-5_50,alpha,celseq2,train
human4_lib3.final_cell_0023,activated_stellate,inDrop4,train
human4_lib1.final_cell_0209,ductal,inDrop4,test
human1_lib2.final_cell_0475,activated_stellate,inDrop1,train
human1_lib3.final_cell_0366,alpha,inDrop1,train
Sample_1448,alpha,smarter,train
HP1508501T2D_H24,alpha,smartseq2,train
human3_lib3.final_cell_0813,alpha,inDrop3,train
human3_lib4.final_cell_0143,acinar,inDrop3,train
HP1504901_K5,alpha,smartseq2,train
human3_lib1.final_cell_0170,acinar,inDrop3,validation
human3_lib3.final_cell_0008,acinar,inDrop3,validation
D29-3_47,alpha,celseq2,train
D3en4_25,acinar,celseq,train
human3_lib1.final_cell_0352,alpha,inDrop3,train
human2_lib2.final_cell_0231,beta,inDrop2,test
D28-1_76,gamma,celseq2,train
human3_lib3.final_cell_0379,delta,inDrop3,train
human3_lib4.final_cell_0248,alpha,inDrop3,train
human2_lib3.final_cell_0137,delta,inDrop2,train
human4_lib3.final_cell_0168,beta,inDrop4,train
HP1508501T2D_J5,alpha,smartseq2,train
HP1504901_L22,beta,smartseq2,train
D30-1_10,alpha,celseq2,train
HP1508501T2D_B16,beta,smartseq2,test
Sample_1394,alpha,smarter,validation
D30-6_26,alpha,celseq2,validation
D29-3_21,beta,celseq2,train
D74_90,acinar,celseq,validation
human2_lib2.final_cell_0305,alpha,inDrop2,train
HP1502401_F17,gamma,smartseq2,train
HP1508501T2D_G11,alpha,smartseq2,train
human3_lib2.final_cell_0379,ductal,inDrop3,test
Sample_238,alpha,smarter,train
Sample_363,alpha,smarter,test
human2_lib2.final_cell_0363,alpha,inDrop2,train
Sample_644,gamma,smarter,train
Sample_1263,alpha,smarter,train
D17All2_8,ductal,celseq,train
human3_lib2.final_cell_0756,ductal,inDrop3,train
human1_lib2.final_cell_0084,beta,inDrop1,train
D172444_54,alpha,celseq,validation
Sample_287,alpha,smarter,train
human4_lib3.final_cell_0512,beta,inDrop4,validation
D30-6_11,beta,celseq2,train
Sample_241,alpha,smarter,test
HP1525301T2D_K17,ductal,smartseq2,train
human2_lib1.final_cell_0233,beta,inDrop2,validation
D31-5_84,delta,celseq2,train
human2_lib2.final_cell_0550,gamma,inDrop2,test
HP1525301T2D_K3,alpha,smartseq2,validation
human2_lib2.final_cell_0548,alpha,inDrop2,train
human2_lib2.final_cell_0034,delta,inDrop2,train
D28-7_53,alpha,celseq2,train
human3_lib3.final_cell_0371,beta,inDrop3,test
D30-2_38,macrophage,celseq2,train
human3_lib1.final_cell_0710,activated_stellate,inDrop3,train
human2_lib3.final_cell_0321,alpha,inDrop2,test
human1_lib1.final_cell_0005,acinar,inDrop1,train
human1_lib3.final_cell_0542,beta,inDrop1,test
D29-6_72,beta,celseq2,train
human3_lib1.final_cell_0346,activated_stellate,inDrop3,validation
D30-4_21,alpha,celseq2,train
D31-3_4,beta,celseq2,train
HP1504901_F20,alpha,smartseq2,train
D30-4_15,beta,celseq2,train
human3_lib1.final_cell_0857,ductal,inDrop3,train
D31-4_66,beta,celseq2,validation
human1_lib3.final_cell_0396,beta,inDrop1,test
human1_lib3.final_cell_0277,beta,inDrop1,validation
human3_lib3.final_cell_0804,alpha,inDrop3,train
human3_lib3.final_cell_0897,beta,inDrop3,test
HP1508501T2D_A10,beta,smartseq2,train
human1_lib1.final_cell_0438,beta,inDrop1,train
human3_lib3.final_cell_0759,activated_stellate,inDrop3,validation
Sample_1013,alpha,smarter,train
human1_lib2.final_cell_0088,acinar,inDrop1,train
human2_lib3.final_cell_0285,alpha,inDrop2,test
human3_lib1.final_cell_0622,alpha,inDrop3,validation
5th-C47_S118,endothelial,fluidigmc1,train
D31-7_21,acinar,celseq2,train
human3_lib2.final_cell_0313,alpha,inDrop3,train
human2_lib2.final_cell_0129,delta,inDrop2,test
human2_lib2.final_cell_0478,endothelial,inDrop2,train
human1_lib3.final_cell_0009,delta,inDrop1,train
HP1507101_F4,beta,smartseq2,train
human2_lib3.final_cell_0070,alpha,inDrop2,train
human2_lib3.final_cell_0453,alpha,inDrop2,train
D31-3_38,alpha,celseq2,train
human3_lib3.final_cell_0622,alpha,inDrop3,train
human4_lib1.final_cell_0312,delta,inDrop4,train
human3_lib4.final_cell_0369,alpha,inDrop3,test
Sample_1438,alpha,smarter,train
D30-8_38,ductal,celseq2,train
D31-2_75,acinar,celseq2,train
HP1509101_N15,alpha,smartseq2,train
9th-C66_S33,gamma,fluidigmc1,train
D31-4_1,alpha,celseq2,train
human2_lib2.final_cell_0053,ductal,inDrop2,train
human3_lib3.final_cell_0041,acinar,inDrop3,validation
HP1526901T2D_N2,alpha,smartseq2,train
D1713_25,ductal,celseq,train
HP1525301T2D_A19,ductal,smartseq2,test
HP1504901_L16,ductal,smartseq2,train
D74_52,alpha,celseq,train
HP1504901_G12,beta,smartseq2,train
human1_lib1.final_cell_0215,quiescent_stellate,inDrop1,train
Sample_1146,alpha,smarter,validation
human1_lib2.final_cell_0408,quiescent_stellate,inDrop1,train
human3_lib1.final_cell_0258,alpha,inDrop3,test
human3_lib1.final_cell_0309,ductal,inDrop3,validation
human3_lib2.final_cell_0613,alpha,inDrop3,train
human3_lib1.final_cell_0694,alpha,inDrop3,train
HP1507101_K5,alpha,smartseq2,train
human1_lib1.final_cell_0143,beta,inDrop1,train
D31-8_75,ductal,celseq2,train
D29-6_6,gamma,celseq2,train
Sample_516,alpha,smarter,train
D30-1_85,beta,celseq2,train
human1_lib3.final_cell_0102,alpha,inDrop1,train
human2_lib1.final_cell_0045,alpha,inDrop2,validation
human4_lib3.final_cell_0315,beta,inDrop4,validation
human2_lib1.final_cell_0391,ductal,inDrop2,train
human3_lib1.final_cell_0084,acinar,inDrop3,train
13th_C88_S218,alpha,fluidigmc1,train
Sample_1484,alpha,smarter,train
D1713_51,alpha,celseq,train
human4_lib3.final_cell_0119,quiescent_stellate,inDrop4,validation
human1_lib1.final_cell_0449,ductal,inDrop1,train
Sample_229,alpha,smarter,train
human2_lib3.final_cell_0304,alpha,inDrop2,train
D30-8_54,alpha,celseq2,train
D31-8_87,gamma,celseq2,train
human2_lib3.final_cell_0524,beta,inDrop2,train
D31-2_40,ductal,celseq2,train
HP1508501T2D_D12,beta,smartseq2,train
human2_lib3.final_cell_0516,gamma,inDrop2,train
D17All1_72,gamma,celseq,train
human4_lib3.final_cell_0444,ductal,inDrop4,train
D29-1_26,alpha,celseq2,train
D28-4_27,alpha,celseq2,train
D30-1_47,alpha,celseq2,test
Sample_1240,alpha,smarter,validation
Sample_155,beta,smarter,train
human1_lib3.final_cell_0284,beta,inDrop1,train
HP1506401_F18,beta,smartseq2,train
human1_lib2.final_cell_0056,beta,inDrop1,test
D29-4_6,gamma,celseq2,train
human3_lib3.final_cell_0709,beta,inDrop3,train
human3_lib1.final_cell_0139,alpha,inDrop3,train
human2_lib3.final_cell_0074,alpha,inDrop2,validation
human3_lib2.final_cell_0446,alpha,inDrop3,train
Sample_6,beta,smarter,train
D31-2_29,delta,celseq2,train
HP1508501T2D_N10,ductal,smartseq2,train
HP1502401_N12,alpha,smartseq2,train
human4_lib3.final_cell_0680,delta,inDrop4,train
human3_lib2.final_cell_0445,acinar,inDrop3,test
Sample_1118,alpha,smarter,validation
human3_lib4.final_cell_0517,ductal,inDrop3,train
human3_lib1.final_cell_0875,beta,inDrop3,train
Sample_650,gamma,smarter,train
Sample_716,beta,smarter,train
human1_lib3.final_cell_0435,beta,inDrop1,train
human3_lib4.final_cell_0685,acinar,inDrop3,train
D31-6_31,beta,celseq2,train
human3_lib1.final_cell_0420,alpha,inDrop3,train
human4_lib3.final_cell_0158,ductal,inDrop4,train
human3_lib3.final_cell_0017,acinar,inDrop3,train
D74_95,alpha,celseq,train
Sample_392,alpha,smarter,train
human1_lib1.final_cell_0564,endothelial,inDrop1,train
human3_lib2.final_cell_0077,beta,inDrop3,train
human1_lib1.final_cell_0156,activated_stellate,inDrop1,train
human4_lib3.final_cell_0419,beta,inDrop4,train
human3_lib3.final_cell_0255,ductal,inDrop3,train
D30-3_53,beta,celseq2,train
human1_lib1.final_cell_0301,gamma,inDrop1,train
human3_lib4.final_cell_0577,beta,inDrop3,train
human3_lib1.final_cell_0053,acinar,inDrop3,train
HP1526901T2D_H17,alpha,smartseq2,train
human3_lib2.final_cell_0282,beta,inDrop3,train
3rd-C71_S80,beta,fluidigmc1,validation
human1_lib3.final_cell_0364,beta,inDrop1,train
human3_lib4.final_cell_0456,alpha,inDrop3,test
HP1508501T2D_E17,ductal,smartseq2,train
D71_22,activated_stellate,celseq,test
HP1502401_G6,beta,smartseq2,train
Sample_1528,delta,smarter,train
human1_lib2.final_cell_0163,beta,inDrop1,train
human4_lib3.final_cell_0016,beta,inDrop4,train
HP1504901_A23,endothelial,smartseq2,train
Sample_60,beta,smarter,test
Sample_224,alpha,smarter,test
HP1508501T2D_E14,alpha,smartseq2,train
Sample_1159,alpha,smarter,validation
Sample_464,alpha,smarter,train
human3_lib3.final_cell_0865,alpha,inDrop3,train
HP1507101_P21,delta,smartseq2,validation
human2_lib2.final_cell_0310,delta,inDrop2,train
human1_lib3.final_cell_0198,beta,inDrop1,validation
human3_lib1.final_cell_0314,delta,inDrop3,train
HP1504101T2D_N10,beta,smartseq2,test
Sample_1237,alpha,smarter,validation
human3_lib3.final_cell_0673,delta,inDrop3,test
Sample_489,alpha,smarter,train
D71_91,delta,celseq,train
human3_lib3.final_cell_0655,alpha,inDrop3,test
human4_lib3.final_cell_0229,ductal,inDrop4,validation
human3_lib2.final_cell_0346,beta,inDrop3,train
AZ_D4,alpha,smartseq2,train
2nd-C51_S6,beta,fluidigmc1,train
D28-3_16,delta,celseq2,train
human2_lib2.final_cell_0017,ductal,inDrop2,train
human2_lib2.final_cell_0490,alpha,inDrop2,train
human3_lib4.final_cell_0703,alpha,inDrop3,train
D29-4_33,alpha,celseq2,test
human3_lib4.final_cell_0608,beta,inDrop3,train
D31-7_38,acinar,celseq2,test
D2ex_40,acinar,celseq,train
D29-1_76,alpha,celseq2,train
human2_lib2.final_cell_0364,alpha,inDrop2,train
Sample_1302,alpha,smarter,train
human4_lib1.final_cell_0370,alpha,inDrop4,train
human4_lib3.final_cell_0636,beta,inDrop4,train
3rd-C95_S81,alpha,fluidigmc1,train
D31-3_17,beta,celseq2,validation
D30-3_20,alpha,celseq2,train
human4_lib1.final_cell_0406,delta,inDrop4,test
human3_lib3.final_cell_0849,beta,inDrop3,train
human1_lib3.final_cell_0606,delta,inDrop1,validation
human4_lib3.final_cell_0481,delta,inDrop4,train
human3_lib2.final_cell_0862,beta,inDrop3,train
human1_lib3.final_cell_0130,acinar,inDrop1,train
D30-7_62,beta,celseq2,train
human3_lib4.final_cell_0109,acinar,inDrop3,test
human3_lib3.final_cell_0844,beta,inDrop3,train
HP1502401_J2,acinar,smartseq2,validation
human1_lib1.final_cell_0421,gamma,inDrop1,validation
human4_lib3.final_cell_0400,ductal,inDrop4,test
HP1526901T2D_K23,beta,smartseq2,train
HP1507101_O24,alpha,smartseq2,validation
human3_lib2.final_cell_0589,alpha,inDrop3,train
D31-1_16,ductal,celseq2,validation
D3en3_2,acinar,celseq,test
D31-7_58,acinar,celseq2,validation
Sample_1115,alpha,smarter,train
D30-4_91,ductal,celseq2,validation
D3en4_47,alpha,celseq,validation
6th-C71_S41,beta,fluidigmc1,train
HP1525301T2D_D4,ductal,smartseq2,train
human4_lib3.final_cell_0088,alpha,inDrop4,validation
human3_lib2.final_cell_0199,acinar,inDrop3,train
HP1506401_J20,ductal,smartseq2,train
human1_lib2.final_cell_0070,beta,inDrop1,train
human1_lib2.final_cell_0603,beta,inDrop1,train
human4_lib1.final_cell_0134,ductal,inDrop4,test
D30-8_50,activated_stellate,celseq2,train
human3_lib3.final_cell_0233,acinar,inDrop3,train
human4_lib1.final_cell_0505,gamma,inDrop4,validation
D31-3_72,gamma,celseq2,train
human3_lib2.final_cell_0739,alpha,inDrop3,train
D30-8_28,alpha,celseq2,train
human3_lib3.final_cell_0746,alpha,inDrop3,test
human4_lib1.final_cell_0478,beta,inDrop4,train
D101_43,gamma,celseq,test
D28-7_7,alpha,celseq2,train
human3_lib1.final_cell_0825,beta,inDrop3,train
D28-7_1,acinar,celseq2,train
9th-C70_S42,beta,fluidigmc1,train
human2_lib1.final_cell_0418,alpha,inDrop2,train
D17All1_35,beta,celseq,train
human3_lib1.final_cell_0287,beta,inDrop3,validation
9th-C69_S39,beta,fluidigmc1,train
human1_lib1.final_cell_0135,alpha,inDrop1,validation
D31-4_22,alpha,celseq2,train
HP1508501T2D_M15,ductal,smartseq2,validation
HP1504901_I18,gamma,smartseq2,validation
D29-2_9,delta,celseq2,train
human4_lib1.final_cell_0112,beta,inDrop4,train
human1_lib2.final_cell_0128,ductal,inDrop1,train
Sample_899,beta,smarter,train
human1_lib3.final_cell_0048,activated_stellate,inDrop1,train
human4_lib3.final_cell_0696,beta,inDrop4,train
D30-8_84,acinar,celseq2,train
human3_lib4.final_cell_0624,alpha,inDrop3,train
Sample_1272,alpha,smarter,train
human3_lib4.final_cell_0184,acinar,inDrop3,test
human3_lib1.final_cell_0873,beta,inDrop3,train
12th-C46_S145,activated_stellate,fluidigmc1,train
human1_lib3.final_cell_0078,delta,inDrop1,train
HP1526901T2D_I15,alpha,smartseq2,validation
human3_lib4.final_cell_0759,alpha,inDrop3,train
human1_lib3.final_cell_0249,gamma,inDrop1,test
D10631_17,acinar,celseq,train
human1_lib1.final_cell_0237,activated_stellate,inDrop1,train
human4_lib1.final_cell_0442,alpha,inDrop4,train
HP1526901T2D_C13,gamma,smartseq2,validation
HP1508501T2D_N4,alpha,smartseq2,train
human3_lib1.final_cell_0034,acinar,inDrop3,validation
human2_lib3.final_cell_0167,ductal,inDrop2,train
human3_lib2.final_cell_0824,ductal,inDrop3,train
human3_lib4.final_cell_0679,beta,inDrop3,train
human3_lib2.final_cell_0237,acinar,inDrop3,train
human2_lib2.final_cell_0315,delta,inDrop2,test
3rd-C87_S88,beta,fluidigmc1,train
human2_lib2.final_cell_0095,alpha,inDrop2,train
Sample_426,alpha,smarter,train
HP1508501T2D_K16,gamma,smartseq2,test
D31-8_84,beta,celseq2,validation
10th_C53_S118,alpha,fluidigmc1,train
human4_lib3.final_cell_0494,beta,inDrop4,validation
human4_lib1.final_cell_0443,alpha,inDrop4,validation
D29-1_60,alpha,celseq2,train
human3_lib3.final_cell_0757,alpha,inDrop3,train
Sample_606,delta,smarter,validation
D29-2_34,delta,celseq2,validation
Sample_965,alpha,smarter,test
human3_lib1.final_cell_0794,acinar,inDrop3,train
human3_lib2.final_cell_0259,beta,inDrop3,train
human2_lib2.final_cell_0272,ductal,inDrop2,train
human2_lib2.final_cell_0461,alpha,inDrop2,train
human2_lib3.final_cell_0374,beta,inDrop2,validation
D29-3_61,beta,celseq2,train
D30-8_25,activated_stellate,celseq2,validation
Sample_1047,alpha,smarter,train
human2_lib1.final_cell_0273,beta,inDrop2,validation
human4_lib3.final_cell_0245,ductal,inDrop4,test
human3_lib3.final_cell_0537,acinar,inDrop3,test
HP1504901_N1,alpha,smartseq2,train
human1_lib2.final_cell_0547,quiescent_stellate,inDrop1,train
human1_lib1.final_cell_0517,beta,inDrop1,train
human4_lib3.final_cell_0634,beta,inDrop4,train
human2_lib3.final_cell_0009,alpha,inDrop2,test
D28-6_13,alpha,celseq2,test
human2_lib2.final_cell_0153,ductal,inDrop2,validation
human1_lib3.final_cell_0182,beta,inDrop1,train
human1_lib3.final_cell_0210,alpha,inDrop1,train
human3_lib2.final_cell_0411,acinar,inDrop3,train
human3_lib3.final_cell_0722,ductal,inDrop3,train
human3_lib4.final_cell_0173,acinar,inDrop3,test
D30-6_72,alpha,celseq2,test
human4_lib1.final_cell_0571,delta,inDrop4,train
human2_lib2.final_cell_0360,alpha,inDrop2,train
human3_lib1.final_cell_0594,ductal,inDrop3,train
D30-6_52,ductal,celseq2,train
Sample_963,alpha,smarter,train
HP1508501T2D_I3,activated_stellate,smartseq2,test
human3_lib3.final_cell_0817,alpha,inDrop3,train
HP1507101_N21,alpha,smartseq2,test
Sample_152,beta,smarter,train
human2_lib2.final_cell_0396,alpha,inDrop2,train
human4_lib3.final_cell_0479,ductal,inDrop4,train
human4_lib3.final_cell_0201,ductal,inDrop4,train
D29-6_84,alpha,celseq2,train
human1_lib2.final_cell_0169,delta,inDrop1,train
AZ_E3,macrophage,smartseq2,train
human2_lib1.final_cell_0376,gamma,inDrop2,train
HP1507101_G24,alpha,smartseq2,validation
human3_lib2.final_cell_0204,beta,inDrop3,validation
D31-7_29,ductal,celseq2,validation
HP1506401_G20,ductal,smartseq2,train
human2_lib1.final_cell_0370,alpha,inDrop2,train
D17All2_57,beta,celseq,train
human1_lib3.final_cell_0215,beta,inDrop1,train
human1_lib2.final_cell_0413,beta,inDrop1,train
HP1526901T2D_L16,alpha,smartseq2,train
HP1502401_H5,alpha,smartseq2,train
human2_lib2.final_cell_0402,alpha,inDrop2,train
D31-6_84,activated_stellate,celseq2,train
4th-C68_S41,alpha,fluidigmc1,train
HP1506401_G12,beta,smartseq2,train
human3_lib4.final_cell_0124,beta,inDrop3,train
human3_lib4.final_cell_0696,acinar,inDrop3,train
HP1504901_N15,gamma,smartseq2,train
human4_lib1.final_cell_0195,alpha,inDrop4,validation
human3_lib4.final_cell_0692,delta,inDrop3,train
Sample_1211,alpha,smarter,train
human3_lib2.final_cell_0543,alpha,inDrop3,train
human4_lib3.final_cell_0523,alpha,inDrop4,train
human3_lib3.final_cell_0568,alpha,inDrop3,train
Sample_180,beta,smarter,train
D71_20,alpha,celseq,test
D31-3_26,acinar,celseq2,validation
human3_lib2.final_cell_0019,acinar,inDrop3,train
HP1504901_O6,alpha,smartseq2,train
2nd-C75_S52,alpha,fluidigmc1,train
human4_lib3.final_cell_0616,alpha,inDrop4,validation
Sample_1307,alpha,smarter,test
D17All2_26,beta,celseq,validation
HP1504901_F9,alpha,smartseq2,test
human3_lib3.final_cell_0062,acinar,inDrop3,train
human3_lib1.final_cell_0869,beta,inDrop3,test
human3_lib3.final_cell_0328,beta,inDrop3,train
5th-C42_S114,acinar,fluidigmc1,train
D30-3_29,alpha,celseq2,train
D17All1_32,ductal,celseq,train
human3_lib3.final_cell_0727,beta,inDrop3,train
D30-6_92,delta,celseq2,test
human1_lib3.final_cell_0451,gamma,inDrop1,train
human4_lib1.final_cell_0138,delta,inDrop4,train
human2_lib3.final_cell_0325,alpha,inDrop2,train
HP1504101T2D_C24,beta,smartseq2,train
human4_lib1.final_cell_0123,alpha,inDrop4,test
human3_lib4.final_cell_0226,beta,inDrop3,train
human3_lib4.final_cell_0351,alpha,inDrop3,train
human1_lib3.final_cell_0019,delta,inDrop1,train
human1_lib3.final_cell_0344,alpha,inDrop1,train
human1_lib2.final_cell_0363,beta,inDrop1,train
human2_lib2.final_cell_0173,alpha,inDrop2,train
HP1502401_H22,beta,smartseq2,train
human1_lib2.final_cell_0149,macrophage,inDrop1,train
D30-3_24,ductal,celseq2,validation
Sample_160,beta,smarter,train
human4_lib1.final_cell_0115,acinar,inDrop4,train
D28-4_31,beta,celseq2,test
human2_lib3.final_cell_0431,beta,inDrop2,validation
D17All1_66,beta,celseq,train
human3_lib2.final_cell_0485,alpha,inDrop3,train
9th-C80_S56,alpha,fluidigmc1,train
human1_lib2.final_cell_0231,alpha,inDrop1,test
human2_lib2.final_cell_0504,mast,inDrop2,train
human2_lib3.final_cell_0114,ductal,inDrop2,test
D31-8_14,alpha,celseq2,train
HP1525301T2D_I12,alpha,smartseq2,validation
human2_lib2.final_cell_0259,alpha,inDrop2,train
human2_lib1.final_cell_0091,alpha,inDrop2,train
D72_32,ductal,celseq,train
Sample_1375,alpha,smarter,train
human2_lib3.final_cell_0234,beta,inDrop2,train
human1_lib2.final_cell_0224,alpha,inDrop1,train
Sample_956,alpha,smarter,train
human3_lib3.final_cell_0030,acinar,inDrop3,train
HP1525301T2D_B8,gamma,smartseq2,test
HP1507101_H24,beta,smartseq2,train
D31-1_91,alpha,celseq2,test
human3_lib3.final_cell_0347,alpha,inDrop3,train
human3_lib4.final_cell_0528,beta,inDrop3,train
human1_lib2.final_cell_0145,ductal,inDrop1,validation
HP1504901_P18,endothelial,smartseq2,test
D31-2_50,alpha,celseq2,train
human3_lib4.final_cell_0357,beta,inDrop3,validation
D29-7_6,alpha,celseq2,train
human3_lib1.final_cell_0537,alpha,inDrop3,train
13th_C3_S132,alpha,fluidigmc1,train
human1_lib2.final_cell_0427,beta,inDrop1,train
human4_lib3.final_cell_0263,ductal,inDrop4,train
HP1507101_K8,alpha,smartseq2,train
human4_lib3.final_cell_0582,beta,inDrop4,validation
human2_lib3.final_cell_0335,ductal,inDrop2,train
HP1508501T2D_N22,ductal,smartseq2,train
human3_lib2.final_cell_0575,alpha,inDrop3,train
D29-2_82,delta,celseq2,train
Sample_211,alpha,smarter,test
human3_lib1.final_cell_0325,alpha,inDrop3,train
human3_lib1.final_cell_0126,beta,inDrop3,train
D30-7_63,beta,celseq2,train
human1_lib1.final_cell_0024,beta,inDrop1,train
D2ex_66,acinar,celseq,validation
human1_lib1.final_cell_0366,alpha,inDrop1,train
human3_lib4.final_cell_0188,beta,inDrop3,train
human3_lib3.final_cell_0403,beta,inDrop3,train
D2ex_37,acinar,celseq,validation
human1_lib3.final_cell_0719,beta,inDrop1,train
Sample_86,beta,smarter,train
human4_lib3.final_cell_0386,alpha,inDrop4,train
human3_lib1.final_cell_0174,acinar,inDrop3,train
D31-6_76,beta,celseq2,train
HP1509101_D17,ductal,smartseq2,validation
human2_lib3.final_cell_0159,delta,inDrop2,test
HP1502401_E10,beta,smartseq2,validation
human1_lib2.final_cell_0218,activated_stellate,inDrop1,test
human3_lib2.final_cell_0419,beta,inDrop3,train
human2_lib1.final_cell_0071,ductal,inDrop2,train
HP1502401_B16,alpha,smartseq2,train
D31-1_8,alpha,celseq2,train
human2_lib2.final_cell_0028,alpha,inDrop2,train
D30-4_23,acinar,celseq2,train
HP1508501T2D_F15,ductal,smartseq2,train
D29-1_87,alpha,celseq2,test
human3_lib1.final_cell_0118,alpha,inDrop3,validation
human2_lib1.final_cell_0022,alpha,inDrop2,test
human1_lib1.final_cell_0240,delta,inDrop1,train
human2_lib3.final_cell_0309,alpha,inDrop2,train
12th-C75_S206,alpha,fluidigmc1,validation
human2_lib2.final_cell_0580,ductal,inDrop2,validation
human2_lib1.final_cell_0504,alpha,inDrop2,train
human4_lib3.final_cell_0596,alpha,inDrop4,test
human2_lib3.final_cell_0052,alpha,inDrop2,validation
human2_lib2.final_cell_0302,alpha,inDrop2,train
human1_lib2.final_cell_0095,delta,inDrop1,validation
D31-3_86,acinar,celseq2,train
human4_lib3.final_cell_0603,alpha,inDrop4,test
human3_lib3.final_cell_0276,acinar,inDrop3,validation
D1713_62,macrophage,celseq,train
12th-C1_S195,alpha,fluidigmc1,train
human4_lib1.final_cell_0490,beta,inDrop4,train
AZ_F1,beta,smartseq2,test
HP1504101T2D_F7,alpha,smartseq2,train
Sample_946,beta,smarter,train
human4_lib3.final_cell_0182,beta,inDrop4,train
HP1504101T2D_H5,delta,smartseq2,train
human2_lib1.final_cell_0328,ductal,inDrop2,train
human2_lib3.final_cell_0008,ductal,inDrop2,train
human1_lib3.final_cell_0547,acinar,inDrop1,train
human3_lib4.final_cell_0195,acinar,inDrop3,train
human3_lib2.final_cell_0770,alpha,inDrop3,test
human1_lib1.final_cell_0162,beta,inDrop1,train
human3_lib1.final_cell_0214,acinar,inDrop3,train
human2_lib3.final_cell_0434,alpha,inDrop2,validation
HP1504101T2D_D9,beta,smartseq2,train
D29-1_50,alpha,celseq2,train
human2_lib3.final_cell_0457,delta,inDrop2,train
D3en1_13,acinar,celseq,train
HP1506401_O18,acinar,smartseq2,train
HP1507101_L23,delta,smartseq2,train
human3_lib3.final_cell_0413,macrophage,inDrop3,train
human2_lib2.final_cell_0390,alpha,inDrop2,train
human3_lib4.final_cell_0066,acinar,inDrop3,train
D71_51,beta,celseq,train
human3_lib3.final_cell_0274,delta,inDrop3,train
human2_lib2.final_cell_0534,alpha,inDrop2,train
human4_lib3.final_cell_0273,ductal,inDrop4,validation
HP1509101_L14,beta,smartseq2,train
human3_lib4.final_cell_0018,acinar,inDrop3,validation
human4_lib3.final_cell_0008,ductal,inDrop4,train
Sample_935,beta,smarter,train
HP1507101_D14,alpha,smartseq2,validation
D71_59,delta,celseq,train
human1_lib2.final_cell_0563,activated_stellate,inDrop1,train
HP1506401_L10,ductal,smartseq2,train
HP1526901T2D_O14,beta,smartseq2,validation
D29-4_51,alpha,celseq2,validation
human1_lib3.final_cell_0202,beta,inDrop1,train
Sample_1540,delta,smarter,train
human1_lib2.final_cell_0312,alpha,inDrop1,train
7th-C80_S57,beta,fluidigmc1,train
human3_lib2.final_cell_0134,acinar,inDrop3,validation
human3_lib1.final_cell_0095,acinar,inDrop3,train
human4_lib3.final_cell_0091,beta,inDrop4,train
human1_lib3.final_cell_0079,beta,inDrop1,validation
human3_lib4.final_cell_0849,alpha,inDrop3,validation
human1_lib1.final_cell_0155,beta,inDrop1,train
human3_lib4.final_cell_0036,acinar,inDrop3,train
human3_lib4.final_cell_0088,acinar,inDrop3,train
human3_lib2.final_cell_0672,beta,inDrop3,validation
human4_lib1.final_cell_0232,alpha,inDrop4,validation
human2_lib1.final_cell_0350,activated_stellate,inDrop2,train
human3_lib2.final_cell_0872,beta,inDrop3,train
HP1506401_C16,ductal,smartseq2,validation
HP1504901_N9,gamma,smartseq2,train
HP1525301T2D_L5,acinar,smartseq2,train
Sample_280,alpha,smarter,train
human4_lib1.final_cell_0389,beta,inDrop4,validation
human1_lib2.final_cell_0065,alpha,inDrop1,test
human3_lib4.final_cell_0487,ductal,inDrop3,validation
Sample_445,alpha,smarter,train
8th-C55_S96,alpha,fluidigmc1,train
human3_lib1.final_cell_0832,alpha,inDrop3,train
Sample_852,beta,smarter,train
human2_lib2.final_cell_0189,ductal,inDrop2,test
D72_49,ductal,celseq,train
D31-1_76,ductal,celseq2,train
Sample_307,alpha,smarter,test
human3_lib4.final_cell_0569,alpha,inDrop3,validation
D31-2_9,alpha,celseq2,train
13th_C92_S169,alpha,fluidigmc1,train
HP1526901T2D_A10,delta,smartseq2,test
9th-C51_S6,beta,fluidigmc1,train
D31-3_5,alpha,celseq2,train
D30-5_83,alpha,celseq2,train
human1_lib1.final_cell_0124,beta,inDrop1,validation
human3_lib2.final_cell_0719,alpha,inDrop3,test
human3_lib3.final_cell_0099,acinar,inDrop3,validation
D31-4_6,alpha,celseq2,train
D29-4_79,beta,celseq2,train
human1_lib2.final_cell_0494,ductal,inDrop1,train
Sample_196,beta,smarter,validation
human3_lib3.final_cell_0784,acinar,inDrop3,train
human4_lib3.final_cell_0196,gamma,inDrop4,train
human3_lib3.final_cell_0928,alpha,inDrop3,validation
human3_lib1.final_cell_0782,beta,inDrop3,train
Sample_1164,alpha,smarter,train
D30-3_92,alpha,celseq2,train
Sample_1588,gamma,smarter,train
HP1508501T2D_B19,ductal,smartseq2,train
human4_lib1.final_cell_0408,alpha,inDrop4,train
human3_lib2.final_cell_0504,ductal,inDrop3,train
human3_lib1.final_cell_0265,ductal,inDrop3,test
human4_lib3.final_cell_0304,alpha,inDrop4,train
Sample_88,beta,smarter,validation
human3_lib2.final_cell_0215,gamma,inDrop3,train
D30-1_25,activated_stellate,celseq2,train
D30-8_4,ductal,celseq2,train
human4_lib3.final_cell_0459,activated_stellate,inDrop4,validation
human1_lib1.final_cell_0433,alpha,inDrop1,test
human4_lib1.final_cell_0582,beta,inDrop4,test
D28-5_39,activated_stellate,celseq2,train
D30-3_35,alpha,celseq2,train
AZ_C10,beta,smartseq2,validation
Sample_875,beta,smarter,train
HP1525301T2D_J4,alpha,smartseq2,train
Sample_452,alpha,smarter,validation
11th-C26_S12,ductal,fluidigmc1,validation
6th-C75_S46,beta,fluidigmc1,train
human3_lib1.final_cell_0112,acinar,inDrop3,train
D29-3_84,alpha,celseq2,train
HP1526901T2D_G8,alpha,smartseq2,validation
D73_91,beta,celseq,train
6th-C93_S82,beta,fluidigmc1,train
D28-7_63,alpha,celseq2,train
Sample_1566,gamma,smarter,train
Sample_1584,gamma,smarter,train
human1_lib1.final_cell_0142,beta,inDrop1,train
D30-8_29,ductal,celseq2,train
human3_lib3.final_cell_0180,acinar,inDrop3,test
HP1504101T2D_D5,alpha,smartseq2,train
human4_lib1.final_cell_0172,beta,inDrop4,train
human3_lib1.final_cell_0513,beta,inDrop3,train
D31-8_20,ductal,celseq2,train
HP1525301T2D_A16,gamma,smartseq2,test
human1_lib3.final_cell_0038,beta,inDrop1,train
HP1502401_D17,delta,smartseq2,train
Sample_342,alpha,smarter,train
D29-4_66,alpha,celseq2,train
human4_lib1.final_cell_0023,ductal,inDrop4,train
HP1502401_I6,beta,smartseq2,validation
human2_lib1.final_cell_0176,alpha,inDrop2,test
human2_lib3.final_cell_0015,ductal,inDrop2,train
human3_lib2.final_cell_0043,acinar,inDrop3,test
human1_lib1.final_cell_0358,schwann,inDrop1,validation
human3_lib3.final_cell_0340,beta,inDrop3,train
HP1502401_M20,beta,smartseq2,train
D17All1_79,ductal,celseq,train
D17All1_70,beta,celseq,train
human3_lib1.final_cell_0571,ductal,inDrop3,train
1st-C62_S35,alpha,fluidigmc1,validation
HP1526901T2D_K4,ductal,smartseq2,train
D73_11,ductal,celseq,validation
Sample_755,beta,smarter,validation
D31-7_70,acinar,celseq2,test
human2_lib1.final_cell_0557,alpha,inDrop2,train
Sample_1355,alpha,smarter,train
HP1508501T2D_M14,beta,smartseq2,test
human3_lib1.final_cell_0604,activated_stellate,inDrop3,validation
3rd-C7_S40,alpha,fluidigmc1,train
human1_lib1.final_cell_0417,macrophage,inDrop1,train
D30-4_3,alpha,celseq2,train
human3_lib3.final_cell_0227,acinar,inDrop3,train
human1_lib3.final_cell_0067,acinar,inDrop1,train
human4_lib3.final_cell_0600,activated_stellate,inDrop4,train
human2_lib3.final_cell_0041,delta,inDrop2,test
human1_lib2.final_cell_0626,endothelial,inDrop1,train
human4_lib1.final_cell_0563,beta,inDrop4,train
human2_lib3.final_cell_0247,activated_stellate,inDrop2,test
HP1504901_D24,gamma,smartseq2,train
human4_lib3.final_cell_0225,beta,inDrop4,test
human3_lib1.final_cell_0811,beta,inDrop3,test
Sample_890,beta,smarter,train
3rd-C44_S32,gamma,fluidigmc1,validation
HP1507101_A14,alpha,smartseq2,train
HP1507101_P4,alpha,smartseq2,train
human3_lib4.final_cell_0120,acinar,inDrop3,validation
human1_lib1.final_cell_0439,beta,inDrop1,train
human3_lib4.final_cell_0114,acinar,inDrop3,train
human1_lib1.final_cell_0253,beta,inDrop1,train
human3_lib4.final_cell_0537,acinar,inDrop3,train
HP1525301T2D_I22,ductal,smartseq2,train
human1_lib3.final_cell_0326,quiescent_stellate,inDrop1,test
human4_lib1.final_cell_0512,beta,inDrop4,test
Sample_366,alpha,smarter,train
human1_lib3.final_cell_0466,beta,inDrop1,test
D73_51,ductal,celseq,test
Sample_1514,alpha,smarter,train
D74_20,delta,celseq,test
Sample_1509,alpha,smarter,train
human3_lib4.final_cell_0192,delta,inDrop3,train
human1_lib3.final_cell_0324,beta,inDrop1,train
human1_lib2.final_cell_0055,beta,inDrop1,train
D1713_40,activated_stellate,celseq,train
human3_lib1.final_cell_0583,delta,inDrop3,validation
human3_lib4.final_cell_0300,acinar,inDrop3,train
human1_lib1.final_cell_0318,beta,inDrop1,train
human2_lib3.final_cell_0484,beta,inDrop2,validation
human3_lib3.final_cell_0320,alpha,inDrop3,train
Sample_300,alpha,smarter,train
human3_lib2.final_cell_0381,beta,inDrop3,train
human2_lib3.final_cell_0547,activated_stellate,inDrop2,validation
HP1504901_B13,alpha,smartseq2,train
HP1526901T2D_M15,beta,smartseq2,test
human4_lib1.final_cell_0069,delta,inDrop4,validation
human4_lib1.final_cell_0001,ductal,inDrop4,validation
human3_lib3.final_cell_0123,acinar,inDrop3,test
human2_lib2.final_cell_0347,endothelial,inDrop2,train
human4_lib1.final_cell_0202,beta,inDrop4,train
human1_lib3.final_cell_0453,beta,inDrop1,train
Sample_958,alpha,smarter,train
human1_lib3.final_cell_0681,endothelial,inDrop1,train
human2_lib3.final_cell_0228,alpha,inDrop2,test
human3_lib2.final_cell_0724,alpha,inDrop3,train
HP1502401_M21,alpha,smartseq2,validation
D28-5_77,acinar,celseq2,train
Sample_1009,alpha,smarter,train
Sample_115,beta,smarter,train
HP1507101_D22,beta,smartseq2,train
HP1508501T2D_A6,alpha,smartseq2,train
Sample_1286,alpha,smarter,train
human2_lib3.final_cell_0328,ductal,inDrop2,validation
HP1502401_M4,alpha,smartseq2,train
HP1506401_N22,acinar,smartseq2,train
human1_lib3.final_cell_0154,alpha,inDrop1,train
D30-2_5,alpha,celseq2,train
human4_lib3.final_cell_0236,delta,inDrop4,test
human3_lib3.final_cell_0773,alpha,inDrop3,train
human3_lib3.final_cell_0886,alpha,inDrop3,validation
D28-1_63,alpha,celseq2,train
D3ex_83,acinar,celseq,train
human1_lib3.final_cell_0479,beta,inDrop1,train
human3_lib2.final_cell_0311,delta,inDrop3,train
D30-6_49,delta,celseq2,train
human1_lib1.final_cell_0242,quiescent_stellate,inDrop1,train
HP1504101T2D_A10,acinar,smartseq2,train
D30-7_52,alpha,celseq2,train
HP1504901_D5,alpha,smartseq2,train
D29-2_12,ductal,celseq2,train
human2_lib3.final_cell_0550,beta,inDrop2,train
HP1504101T2D_D6,alpha,smartseq2,train
D31-2_54,ductal,celseq2,validation
D30-4_18,acinar,celseq2,train
D30-7_43,alpha,celseq2,train
human3_lib1.final_cell_0280,alpha,inDrop3,test
10th_C56_S74,activated_stellate,fluidigmc1,train
human1_lib3.final_cell_0087,beta,inDrop1,train
D29-7_74,beta,celseq2,test
HP1506401_D7,ductal,smartseq2,train
D29-8_60,alpha,celseq2,train
HP1525301T2D_D14,ductal,smartseq2,train
human3_lib4.final_cell_0022,acinar,inDrop3,train
human4_lib1.final_cell_0161,alpha,inDrop4,validation
D29-3_17,ductal,celseq2,train
human3_lib4.final_cell_0883,schwann,inDrop3,test
human3_lib3.final_cell_0583,beta,inDrop3,train
D28-3_86,ductal,celseq2,train
D30-1_13,ductal,celseq2,validation
human1_lib2.final_cell_0160,ductal,inDrop1,train
human2_lib2.final_cell_0432,beta,inDrop2,train
human1_lib2.final_cell_0243,delta,inDrop1,train
HP1525301T2D_P2,ductal,smartseq2,train
human3_lib3.final_cell_0132,acinar,inDrop3,train
human2_lib3.final_cell_0220,beta,inDrop2,train
D74_93,ductal,celseq,test
Sample_236,alpha,smarter,test
D29-4_23,beta,celseq2,train
human3_lib1.final_cell_0798,endothelial,inDrop3,train
D31-8_33,alpha,celseq2,train
10th_C68_S75,ductal,fluidigmc1,train
HP1526901T2D_L1,beta,smartseq2,train
1st-C75_S29,alpha,fluidigmc1,validation
human1_lib3.final_cell_0098,beta,inDrop1,validation
D1713_73,ductal,celseq,validation
human4_lib1.final_cell_0336,ductal,inDrop4,test
human3_lib2.final_cell_0006,acinar,inDrop3,train
human2_lib1.final_cell_0169,delta,inDrop2,train
HP1525301T2D_B18,alpha,smartseq2,validation
human1_lib2.final_cell_0074,delta,inDrop1,validation
HP1509101_I14,alpha,smartseq2,test
human4_lib3.final_cell_0043,ductal,inDrop4,train
human1_lib2.final_cell_0470,endothelial,inDrop1,train
human4_lib1.final_cell_0311,gamma,inDrop4,validation
HP1502401_K23,gamma,smartseq2,train
human2_lib2.final_cell_0126,beta,inDrop2,train
HP1504101T2D_G2,alpha,smartseq2,train
AZ_H5,gamma,smartseq2,train
D3en4_60,acinar,celseq,train
D29-3_51,beta,celseq2,train
human1_lib2.final_cell_0400,alpha,inDrop1,train
HP1526901T2D_N4,acinar,smartseq2,train
HP1526901T2D_K19,ductal,smartseq2,validation
human2_lib2.final_cell_0080,ductal,inDrop2,train
human1_lib1.final_cell_0074,delta,inDrop1,validation
HP1504101T2D_J11,alpha,smartseq2,train
D30-4_58,ductal,celseq2,test
human3_lib1.final_cell_0025,acinar,inDrop3,train
human3_lib2.final_cell_0157,beta,inDrop3,test
4th-C5_S8,beta,fluidigmc1,validation
human1_lib3.final_cell_0544,endothelial,inDrop1,train
HP1525301T2D_N14,ductal,smartseq2,train
human1_lib3.final_cell_0045,delta,inDrop1,test
HP1504901_C2,schwann,smartseq2,train
human3_lib3.final_cell_0732,alpha,inDrop3,train
HP1507101_O20,alpha,smartseq2,test
human3_lib4.final_cell_0852,activated_stellate,inDrop3,validation
human3_lib1.final_cell_0395,beta,inDrop3,train
D74_37,ductal,celseq,validation
human2_lib1.final_cell_0456,ductal,inDrop2,train
human2_lib1.final_cell_0305,alpha,inDrop2,train
human3_lib3.final_cell_0359,beta,inDrop3,validation
D17All2_49,delta,celseq,test
human4_lib1.final_cell_0313,beta,inDrop4,validation
Sample_120,beta,smarter,validation
HP1507101_H1,alpha,smartseq2,train
human3_lib1.final_cell_0814,ductal,inDrop3,validation
human2_lib3.final_cell_0294,alpha,inDrop2,train
Sample_141,beta,smarter,train
human3_lib2.final_cell_0070,delta,inDrop3,train
D30-1_72,acinar,celseq2,train
human4_lib3.final_cell_0476,beta,inDrop4,train
human4_lib3.final_cell_0129,ductal,inDrop4,train
HP1525301T2D_C7,acinar,smartseq2,test
Sample_1250,alpha,smarter,validation
D30-2_59,activated_stellate,celseq2,train
D30-2_70,alpha,celseq2,validation
13th_C1_S147,alpha,fluidigmc1,train
D29-8_91,beta,celseq2,train
human3_lib4.final_cell_0499,ductal,inDrop3,train
human2_lib1.final_cell_0097,alpha,inDrop2,train
5th-C67_S105,endothelial,fluidigmc1,train
Sample_1499,alpha,smarter,test
human3_lib1.final_cell_0634,ductal,inDrop3,train
human3_lib2.final_cell_0477,acinar,inDrop3,train
human3_lib4.final_cell_0515,ductal,inDrop3,test
human3_lib2.final_cell_0559,alpha,inDrop3,train
4th-C82_S72,alpha,fluidigmc1,train
D17All2_72,ductal,celseq,train
human4_lib3.final_cell_0208,gamma,inDrop4,validation
Sample_1056,alpha,smarter,train
human1_lib3.final_cell_0181,delta,inDrop1,train
human1_lib3.final_cell_0474,ductal,inDrop1,test
D30-7_83,ductal,celseq2,train
human3_lib1.final_cell_0625,acinar,inDrop3,train
human2_lib1.final_cell_0222,alpha,inDrop2,train
human3_lib2.final_cell_0093,acinar,inDrop3,validation
human2_lib2.final_cell_0081,gamma,inDrop2,train
human3_lib3.final_cell_0316,acinar,inDrop3,train
human4_lib3.final_cell_0287,activated_stellate,inDrop4,train
human4_lib1.final_cell_0008,alpha,inDrop4,validation
HP1508501T2D_C12,activated_stellate,smartseq2,validation
Sample_800,beta,smarter,test
D30-3_86,alpha,celseq2,train
Sample_1194,alpha,smarter,train
human3_lib1.final_cell_0356,alpha,inDrop3,validation
human3_lib3.final_cell_0667,alpha,inDrop3,train
HP1502401_D2,acinar,smartseq2,train
Sample_469,alpha,smarter,test
human2_lib1.final_cell_0348,ductal,inDrop2,train
human1_lib1.final_cell_0454,gamma,inDrop1,train
human3_lib2.final_cell_0066,delta,inDrop3,train
human2_lib1.final_cell_0107,beta,inDrop2,train
4th-C7_S15,beta,fluidigmc1,train
D17All1_95,beta,celseq,validation
human2_lib3.final_cell_0192,alpha,inDrop2,train
human4_lib1.final_cell_0321,beta,inDrop4,train
HP1508501T2D_G12,acinar,smartseq2,train
human4_lib3.final_cell_0644,activated_stellate,inDrop4,train
D31-3_41,delta,celseq2,train
human3_lib3.final_cell_0931,endothelial,inDrop3,validation
D31-1_79,gamma,celseq2,train
D31-5_36,alpha,celseq2,test
HP1509101_B23,ductal,smartseq2,train
human1_lib3.final_cell_0707,beta,inDrop1,train
human2_lib3.final_cell_0252,delta,inDrop2,train
HP1525301T2D_E20,ductal,smartseq2,train
human3_lib1.final_cell_0643,gamma,inDrop3,train
Sample_864,beta,smarter,train
human2_lib2.final_cell_0078,ductal,inDrop2,train
HP1525301T2D_L1,ductal,smartseq2,train
Sample_1358,alpha,smarter,train
Sample_748,beta,smarter,validation
human3_lib3.final_cell_0286,beta,inDrop3,train
HP1508501T2D_F9,alpha,smartseq2,train
6th-C5_S8,alpha,fluidigmc1,train
D74_9,delta,celseq,train
human2_lib1.final_cell_0516,beta,inDrop2,test
D31-6_61,acinar,celseq2,train
human1_lib2.final_cell_0523,beta,inDrop1,validation
human3_lib1.final_cell_0498,alpha,inDrop3,test
HP1526901T2D_B1,beta,smartseq2,test
human3_lib1.final_cell_0783,alpha,inDrop3,train
human3_lib2.final_cell_0414,ductal,inDrop3,train
HP1502401_E5,gamma,smartseq2,train
HP1509101_G10,ductal,smartseq2,train
D3en4_20,acinar,celseq,train
HP1504901_K23,ductal,smartseq2,train
D28-5_5,beta,celseq2,test
HP1508501T2D_M23,ductal,smartseq2,train
human1_lib2.final_cell_0248,alpha,inDrop1,train
Sample_1353,alpha,smarter,test
HP1504901_G19,alpha,smartseq2,test
human3_lib3.final_cell_0797,alpha,inDrop3,train
HP1525301T2D_B14,ductal,smartseq2,test
HP1508501T2D_I24,acinar,smartseq2,validation
D29-7_79,delta,celseq2,train
human1_lib2.final_cell_0340,gamma,inDrop1,validation
human4_lib3.final_cell_0096,ductal,inDrop4,train
human2_lib3.final_cell_0122,alpha,inDrop2,train
human3_lib4.final_cell_0701,beta,inDrop3,train
human1_lib2.final_cell_0301,alpha,inDrop1,train
D28-4_90,gamma,celseq2,train
human2_lib2.final_cell_0588,beta,inDrop2,train
HP1507101_P2,beta,smartseq2,train
human3_lib1.final_cell_0536,acinar,inDrop3,train
human4_lib3.final_cell_0270,alpha,inDrop4,validation
D17All2_79,acinar,celseq,validation
HP1504901_M3,alpha,smartseq2,train
D29-6_62,beta,celseq2,validation
HP1504901_G16,beta,smartseq2,train
HP1508501T2D_E22,alpha,smartseq2,validation
human1_lib2.final_cell_0140,beta,inDrop1,train
HP1502401_M1,alpha,smartseq2,validation
human2_lib2.final_cell_0116,alpha,inDrop2,train
HP1526901T2D_F17,beta,smartseq2,train
D28-6_50,acinar,celseq2,train
human2_lib2.final_cell_0071,ductal,inDrop2,train
human1_lib3.final_cell_0482,delta,inDrop1,train
human4_lib1.final_cell_0025,alpha,inDrop4,validation
HP1526901T2D_K15,alpha,smartseq2,train
D17TGFB_69,alpha,celseq,validation
HP1525301T2D_F8,ductal,smartseq2,train
D74_7,activated_stellate,celseq,train
human4_lib1.final_cell_0460,alpha,inDrop4,train
human4_lib3.final_cell_0521,alpha,inDrop4,train
human2_lib1.final_cell_0538,beta,inDrop2,train
Sample_1182,alpha,smarter,train
D73_67,beta,celseq,train
human2_lib1.final_cell_0238,gamma,inDrop2,train
human3_lib2.final_cell_0789,alpha,inDrop3,validation
human4_lib3.final_cell_0581,delta,inDrop4,train
Sample_199,beta,smarter,test
HP1504901_H16,acinar,smartseq2,validation
HP1508501T2D_D13,alpha,smartseq2,train
Sample_1377,alpha,smarter,train
human1_lib2.final_cell_0356,beta,inDrop1,test
human1_lib1.final_cell_0100,beta,inDrop1,train
human3_lib4.final_cell_0067,delta,inDrop3,test
D71_65,ductal,celseq,test
human2_lib1.final_cell_0157,alpha,inDrop2,test
D30-6_31,alpha,celseq2,test
human1_lib2.final_cell_0609,beta,inDrop1,test
D31-2_26,acinar,celseq2,train
human4_lib3.final_cell_0593,beta,inDrop4,train
human3_lib3.final_cell_0861,beta,inDrop3,train
human4_lib1.final_cell_0527,beta,inDrop4,train
human2_lib3.final_cell_0231,alpha,inDrop2,train
human1_lib2.final_cell_0595,quiescent_stellate,inDrop1,train
HP1504101T2D_P3,activated_stellate,smartseq2,train
human1_lib2.final_cell_0246,beta,inDrop1,train
Sample_7,beta,smarter,test
Sample_334,alpha,smarter,test
human3_lib4.final_cell_0236,beta,inDrop3,train
D31-3_12,ductal,celseq2,train
human4_lib3.final_cell_0036,delta,inDrop4,train
human1_lib2.final_cell_0351,alpha,inDrop1,train
human1_lib1.final_cell_0411,endothelial,inDrop1,train
4th-61_S28,beta,fluidigmc1,train
human4_lib1.final_cell_0574,alpha,inDrop4,train
human4_lib3.final_cell_0317,ductal,inDrop4,train
D10631_3,ductal,celseq,test
human3_lib4.final_cell_0203,delta,inDrop3,train
human3_lib4.final_cell_0581,ductal,inDrop3,validation
D30-8_55,delta,celseq2,test
HP1504901_F12,alpha,smartseq2,train
human3_lib3.final_cell_0822,endothelial,inDrop3,validation
human3_lib1.final_cell_0166,beta,inDrop3,train
D29-3_18,alpha,celseq2,train
human4_lib3.final_cell_0370,beta,inDrop4,train
3rd-C53_S67,gamma,fluidigmc1,train
6th-C40_S73,beta,fluidigmc1,train
human2_lib3.final_cell_0095,delta,inDrop2,train
human3_lib1.final_cell_0460,beta,inDrop3,train
HP1502401_J19,ductal,smartseq2,train
D30-7_26,alpha,celseq2,train
HP1502401_J6,alpha,smartseq2,train
human3_lib2.final_cell_0574,beta,inDrop3,train
human3_lib3.final_cell_0915,activated_stellate,inDrop3,train
D29-5_63,beta,celseq2,validation
human4_lib1.final_cell_0107,alpha,inDrop4,train
Sample_947,beta,smarter,validation
D28-4_13,alpha,celseq2,train
D30-4_82,acinar,celseq2,test
human4_lib3.final_cell_0230,activated_stellate,inDrop4,train
HP1507101_E20,alpha,smartseq2,train
human4_lib1.final_cell_0174,beta,inDrop4,validation
HP1509101_L8,alpha,smartseq2,train
D172444_68,gamma,celseq,train
Sample_1533,delta,smarter,test
human1_lib3.final_cell_0729,beta,inDrop1,test
D1713_23,activated_stellate,celseq,train
human2_lib1.final_cell_0162,alpha,inDrop2,train
human3_lib4.final_cell_0455,activated_stellate,inDrop3,train
human3_lib2.final_cell_0407,alpha,inDrop3,train
human1_lib2.final_cell_0592,quiescent_stellate,inDrop1,validation
D28-3_64,alpha,celseq2,validation
human3_lib2.final_cell_0156,alpha,inDrop3,train
11th-C54_S86,beta,fluidigmc1,validation
human3_lib3.final_cell_0201,acinar,inDrop3,train
D17All2_56,beta,celseq,test
D29-2_71,alpha,celseq2,test
human4_lib3.final_cell_0552,beta,inDrop4,validation
D71_38,beta,celseq,validation
human3_lib1.final_cell_0146,acinar,inDrop3,train
D28-8_73,activated_stellate,celseq2,train
human3_lib4.final_cell_0122,acinar,inDrop3,train
human3_lib2.final_cell_0520,alpha,inDrop3,validation
human3_lib3.final_cell_0045,acinar,inDrop3,train
D73_6,alpha,celseq,train
human1_lib1.final_cell_0434,beta,inDrop1,train
D30-6_60,beta,celseq2,train
human3_lib3.final_cell_0051,acinar,inDrop3,train
human3_lib1.final_cell_0035,acinar,inDrop3,train
Sample_1571,gamma,smarter,train
human4_lib1.final_cell_0204,delta,inDrop4,train
HP1525301T2D_K1,ductal,smartseq2,train
Sample_749,beta,smarter,train
human3_lib1.final_cell_0383,beta,inDrop3,train
6th-C1_S3,beta,fluidigmc1,train
D10631_2,ductal,celseq,train
human2_lib3.final_cell_0322,beta,inDrop2,test
D31-6_33,acinar,celseq2,train
human3_lib4.final_cell_0887,endothelial,inDrop3,train
D2ex_89,ductal,celseq,test
D29-2_16,delta,celseq2,train
D29-3_76,alpha,celseq2,train
HP1509101_N18,alpha,smartseq2,train
human3_lib2.final_cell_0579,alpha,inDrop3,validation
human1_lib2.final_cell_0527,alpha,inDrop1,train
Sample_400,alpha,smarter,train
human2_lib3.final_cell_0227,activated_stellate,inDrop2,validation
D28-3_78,delta,celseq2,train
human4_lib1.final_cell_0345,alpha,inDrop4,train
human3_lib3.final_cell_0341,ductal,inDrop3,train
2nd-C72_S48,beta,fluidigmc1,train
human3_lib1.final_cell_0049,acinar,inDrop3,train
human1_lib3.final_cell_0189,endothelial,inDrop1,train
human4_lib1.final_cell_0260,ductal,inDrop4,train
human4_lib1.final_cell_0561,gamma,inDrop4,test
HP1526901T2D_I4,alpha,smartseq2,train
human3_lib4.final_cell_0302,alpha,inDrop3,train
D30-3_5,alpha,celseq2,validation
Sample_699,beta,smarter,validation
human3_lib2.final_cell_0303,alpha,inDrop3,train
human1_lib2.final_cell_0335,ductal,inDrop1,test
human2_lib3.final_cell_0054,delta,inDrop2,train
HP1504901_J8,alpha,smartseq2,train
human1_lib2.final_cell_0278,acinar,inDrop1,train
human3_lib3.final_cell_0894,quiescent_stellate,inDrop3,train
HP1506401_I2,gamma,smartseq2,validation
human3_lib4.final_cell_0004,acinar,inDrop3,train
human2_lib1.final_cell_0465,alpha,inDrop2,train
human3_lib3.final_cell_0743,ductal,inDrop3,validation
human3_lib2.final_cell_0397,alpha,inDrop3,test
HP1502401_B15,gamma,smartseq2,train
D30-1_17,alpha,celseq2,train
human4_lib3.final_cell_0613,ductal,inDrop4,train
D29-7_42,beta,celseq2,train
human3_lib1.final_cell_0259,beta,inDrop3,train
human3_lib4.final_cell_0798,beta,inDrop3,train
D30-2_40,ductal,celseq2,test
13th_C18_S179,alpha,fluidigmc1,test
D73_34,ductal,celseq,train
human4_lib3.final_cell_0262,beta,inDrop4,test
HP1526901T2D_C22,ductal,smartseq2,train
human1_lib2.final_cell_0207,beta,inDrop1,test
human3_lib4.final_cell_0175,acinar,inDrop3,test
D72_54,alpha,celseq,test
Sample_1150,alpha,smarter,train
HP1526901T2D_B13,gamma,smartseq2,train
human3_lib2.final_cell_0374,acinar,inDrop3,train
human2_lib3.final_cell_0451,beta,inDrop2,validation
human3_lib4.final_cell_0865,alpha,inDrop3,validation
human3_lib3.final_cell_0059,acinar,inDrop3,test
3rd-C88_S24,beta,fluidigmc1,validation
human1_lib1.final_cell_0059,beta,inDrop1,validation
D31-2_80,activated_stellate,celseq2,train
human3_lib4.final_cell_0046,acinar,inDrop3,test
HP1526901T2D_E14,ductal,smartseq2,test
HP1502401_D5,alpha,smartseq2,train
HP1506401_M8,acinar,smartseq2,test
human2_lib1.final_cell_0536,ductal,inDrop2,train
human3_lib3.final_cell_0669,activated_stellate,inDrop3,train
human3_lib3.final_cell_0821,alpha,inDrop3,train
human1_lib3.final_cell_0281,alpha,inDrop1,train
human3_lib2.final_cell_0460,ductal,inDrop3,validation
D31-1_1,beta,celseq2,validation
Sample_657,beta,smarter,train
D29-7_12,beta,celseq2,test
human3_lib2.final_cell_0193,beta,inDrop3,test
D71_92,acinar,celseq,train
human1_lib2.final_cell_0222,beta,inDrop1,train
human3_lib1.final_cell_0486,alpha,inDrop3,train
Sample_293,alpha,smarter,test
human3_lib1.final_cell_0605,endothelial,inDrop3,train
human2_lib2.final_cell_0389,endothelial,inDrop2,train
HP1502401_L16,alpha,smartseq2,validation
10th_C63_S82,acinar,fluidigmc1,validation
human3_lib1.final_cell_0804,beta,inDrop3,test
human2_lib1.final_cell_0174,alpha,inDrop2,train
human3_lib2.final_cell_0027,acinar,inDrop3,train
human3_lib2.final_cell_0839,acinar,inDrop3,train
human1_lib2.final_cell_0275,alpha,inDrop1,train
D28-8_90,ductal,celseq2,validation
human3_lib1.final_cell_0217,delta,inDrop3,validation
HP1507101_O11,alpha,smartseq2,train
HP1525301T2D_A6,alpha,smartseq2,train
human4_lib3.final_cell_0503,beta,inDrop4,train
human3_lib3.final_cell_0189,alpha,inDrop3,train
D17All2_12,beta,celseq,train
human3_lib3.final_cell_0492,alpha,inDrop3,test
D31-8_65,alpha,celseq2,validation
Sample_669,beta,smarter,train
HP1508501T2D_E18,alpha,smartseq2,train
human3_lib4.final_cell_0431,alpha,inDrop3,train
D1713_2,ductal,celseq,train
human3_lib4.final_cell_0760,alpha,inDrop3,train
D31-6_41,ductal,celseq2,train
D3en3_75,delta,celseq,validation
human3_lib3.final_cell_0300,ductal,inDrop3,train
human3_lib4.final_cell_0405,acinar,inDrop3,train
D29-4_52,beta,celseq2,train
D31-6_73,endothelial,celseq2,test
human3_lib1.final_cell_0601,alpha,inDrop3,validation
human3_lib1.final_cell_0474,beta,inDrop3,train
human2_lib3.final_cell_0565,alpha,inDrop2,train
HP1502401_J15,ductal,smartseq2,train
D31-8_3,beta,celseq2,train
HP1526901T2D_E5,gamma,smartseq2,train
Sample_715,beta,smarter,test
Sample_1390,alpha,smarter,train
HP1502401_M16,ductal,smartseq2,train
human3_lib1.final_cell_0056,alpha,inDrop3,train
D28-2_51,alpha,celseq2,train
human2_lib2.final_cell_0381,ductal,inDrop2,train
HP1504901_H8,alpha,smartseq2,test
human1_lib2.final_cell_0043,delta,inDrop1,train
HP1508501T2D_I17,ductal,smartseq2,train
HP1507101_L19,alpha,smartseq2,train
human1_lib3.final_cell_0075,delta,inDrop1,train
D3en4_83,acinar,celseq,validation
human1_lib2.final_cell_0458,gamma,inDrop1,train
Sample_916,beta,smarter,train
Sample_1580,gamma,smarter,train
D29-8_79,delta,celseq2,train
D30-4_50,alpha,celseq2,test
1st-C42_S71,activated_stellate,fluidigmc1,train
human3_lib2.final_cell_0657,ductal,inDrop3,train
human2_lib2.final_cell_0332,beta,inDrop2,validation
10th_C52_S110,alpha,fluidigmc1,train
human3_lib3.final_cell_0430,alpha,inDrop3,train
Sample_1325,alpha,smarter,train
D17TGFB_85,acinar,celseq,train
human3_lib4.final_cell_0354,beta,inDrop3,train
HP1502401_H13,gamma,smartseq2,train
Sample_1401,alpha,smarter,train
D30-5_89,acinar,celseq2,train
D29-2_30,beta,celseq2,train
human1_lib3.final_cell_0369,alpha,inDrop1,validation
human3_lib1.final_cell_0059,acinar,inDrop3,train
human4_lib3.final_cell_0341,beta,inDrop4,train
human3_lib2.final_cell_0462,acinar,inDrop3,train
human1_lib1.final_cell_0394,beta,inDrop1,train
human4_lib3.final_cell_0589,alpha,inDrop4,validation
human3_lib1.final_cell_0653,activated_stellate,inDrop3,train
human3_lib4.final_cell_0430,beta,inDrop3,train
human2_lib3.final_cell_0406,alpha,inDrop2,train
human2_lib1.final_cell_0446,ductal,inDrop2,validation
human1_lib3.final_cell_0452,beta,inDrop1,train
human3_lib2.final_cell_0527,ductal,inDrop3,train
human4_lib3.final_cell_0135,beta,inDrop4,train
HP1526901T2D_A4,delta,smartseq2,test
D31-1_38,delta,celseq2,train
human1_lib1.final_cell_0536,quiescent_stellate,inDrop1,train
human3_lib1.final_cell_0859,alpha,inDrop3,train
HP1504101T2D_P11,alpha,smartseq2,train
D30-7_70,beta,celseq2,train
HP1508501T2D_N6,ductal,smartseq2,train
Sample_549,alpha,smarter,train
Sample_1450,alpha,smarter,train
D30-6_80,acinar,celseq2,train
Sample_1202,alpha,smarter,validation
D3en4_69,acinar,celseq,test
HP1507101_B13,alpha,smartseq2,train
human3_lib3.final_cell_0796,alpha,inDrop3,validation
human1_lib2.final_cell_0524,beta,inDrop1,test
human2_lib3.final_cell_0143,alpha,inDrop2,test
human3_lib4.final_cell_0620,alpha,inDrop3,train
human2_lib1.final_cell_0301,alpha,inDrop2,train
human3_lib1.final_cell_0662,endothelial,inDrop3,train
Sample_1143,alpha,smarter,validation
Sample_370,alpha,smarter,train
HP1508501T2D_N8,ductal,smartseq2,train
human1_lib2.final_cell_0281,beta,inDrop1,validation
D172444_81,alpha,celseq,test
8th-C95_S161,alpha,fluidigmc1,validation
human2_lib2.final_cell_0200,ductal,inDrop2,validation
D31-2_18,acinar,celseq2,train
human1_lib2.final_cell_0395,acinar,inDrop1,validation
human2_lib3.final_cell_0126,beta,inDrop2,train
Sample_1249,alpha,smarter,train
human2_lib1.final_cell_0170,alpha,inDrop2,train
human4_lib3.final_cell_0171,gamma,inDrop4,validation
human3_lib1.final_cell_0514,alpha,inDrop3,validation
Sample_1007,alpha,smarter,test
human4_lib3.final_cell_0511,beta,inDrop4,train
human1_lib1.final_cell_0060,beta,inDrop1,test
human4_lib1.final_cell_0324,ductal,inDrop4,train
D3ex_76,acinar,celseq,validation
D30-7_85,ductal,celseq2,test
Sample_482,alpha,smarter,test
human3_lib4.final_cell_0643,acinar,inDrop3,train
human3_lib2.final_cell_0713,ductal,inDrop3,train
D30-2_13,alpha,celseq2,train
human3_lib2.final_cell_0382,beta,inDrop3,train
Sample_1506,alpha,smarter,validation
human4_lib3.final_cell_0355,alpha,inDrop4,train
D102_4,gamma,celseq,test
HP1508501T2D_M12,alpha,smartseq2,train
D28-1_51,alpha,celseq2,test
D28-7_50,ductal,celseq2,train
HP1504101T2D_N13,alpha,smartseq2,train
Sample_1069,alpha,smarter,validation
D28-1_90,ductal,celseq2,test
human4_lib3.final_cell_0148,delta,inDrop4,train
human3_lib2.final_cell_0241,ductal,inDrop3,train
human2_lib1.final_cell_0089,alpha,inDrop2,train
Sample_313,alpha,smarter,train
D31-8_31,beta,celseq2,train
human4_lib1.final_cell_0052,ductal,inDrop4,validation
human3_lib3.final_cell_0682,activated_stellate,inDrop3,train
human3_lib2.final_cell_0409,ductal,inDrop3,train
HP1526901T2D_P21,alpha,smartseq2,train
Sample_1324,alpha,smarter,train
human3_lib3.final_cell_0209,beta,inDrop3,train
Sample_399,alpha,smarter,train
Sample_1437,alpha,smarter,test
HP1526901T2D_C2,alpha,smartseq2,train
10th_C43_S50,alpha,fluidigmc1,test
Sample_1190,alpha,smarter,train
D30-5_22,delta,celseq2,train
D72_1,acinar,celseq,validation
human3_lib1.final_cell_0030,delta,inDrop3,train
D28-5_89,quiescent_stellate,celseq2,train
HP1525301T2D_C1,alpha,smartseq2,train
human3_lib2.final_cell_0194,delta,inDrop3,train
D28-2_29,ductal,celseq2,validation
human3_lib3.final_cell_0266,acinar,inDrop3,train
human2_lib2.final_cell_0115,alpha,inDrop2,train
human1_lib2.final_cell_0284,alpha,inDrop1,train
human3_lib1.final_cell_0367,alpha,inDrop3,train
D74_5,beta,celseq,validation
Sample_1288,alpha,smarter,test
human2_lib2.final_cell_0483,beta,inDrop2,train
human1_lib2.final_cell_0008,delta,inDrop1,validation
HP1504901_M11,quiescent_stellate,smartseq2,train
human2_lib2.final_cell_0215,alpha,inDrop2,validation
human4_lib3.final_cell_0030,delta,inDrop4,train
HP1508501T2D_G24,alpha,smartseq2,test
human2_lib2.final_cell_0286,beta,inDrop2,train
human3_lib1.final_cell_0767,quiescent_stellate,inDrop3,train
human3_lib4.final_cell_0621,alpha,inDrop3,train
HP1504101T2D_J7,alpha,smartseq2,train
human3_lib2.final_cell_0101,acinar,inDrop3,train
D28-2_89,acinar,celseq2,test
Sample_279,alpha,smarter,train
human2_lib2.final_cell_0514,ductal,inDrop2,train
4th-C89_S83,delta,fluidigmc1,train
D31-2_70,delta,celseq2,train
Sample_15,beta,smarter,train
human2_lib2.final_cell_0075,ductal,inDrop2,train
D29-1_47,alpha,celseq2,test
D29-3_29,alpha,celseq2,train
human3_lib3.final_cell_0614,gamma,inDrop3,test
human2_lib2.final_cell_0199,alpha,inDrop2,train
human1_lib3.final_cell_0648,beta,inDrop1,train
human2_lib3.final_cell_0109,beta,inDrop2,train
D29-6_27,alpha,celseq2,train
human3_lib2.final_cell_0210,beta,inDrop3,test
human2_lib3.final_cell_0196,ductal,inDrop2,test
D29-3_34,alpha,celseq2,train
HP1525301T2D_B15,alpha,smartseq2,train
HP1526901T2D_I8,alpha,smartseq2,train
human3_lib2.final_cell_0472,acinar,inDrop3,validation
human4_lib3.final_cell_0082,alpha,inDrop4,train
Sample_770,beta,smarter,train
5th-C9_S92,gamma,fluidigmc1,test
D28-2_52,alpha,celseq2,test
D29-8_24,alpha,celseq2,train
HP1525301T2D_N10,acinar,smartseq2,train
human4_lib3.final_cell_0133,alpha,inDrop4,validation
13th_C77_S209,alpha,fluidigmc1,train
human2_lib2.final_cell_0222,alpha,inDrop2,train
human4_lib3.final_cell_0339,ductal,inDrop4,validation
HP1504901_O10,alpha,smartseq2,test
D30-5_85,delta,celseq2,test
D30-6_28,alpha,celseq2,train
HP1526901T2D_C15,delta,smartseq2,train
human2_lib2.final_cell_0209,alpha,inDrop2,train
8th-C21_S115,alpha,fluidigmc1,train
D30-5_64,ductal,celseq2,train
human3_lib1.final_cell_0439,acinar,inDrop3,train
8th-C87_S148,beta,fluidigmc1,validation
human2_lib3.final_cell_0361,gamma,inDrop2,train
human1_lib2.final_cell_0430,ductal,inDrop1,train
human3_lib1.final_cell_0525,alpha,inDrop3,test
D31-4_13,acinar,celseq2,validation
HP1525301T2D_G21,ductal,smartseq2,train
human2_lib2.final_cell_0443,ductal,inDrop2,train
D1713_42,acinar,celseq,train
human2_lib1.final_cell_0425,alpha,inDrop2,train
Sample_46,beta,smarter,train
human1_lib1.final_cell_0244,acinar,inDrop1,train
3rd-C84_S75,beta,fluidigmc1,validation
human3_lib4.final_cell_0773,acinar,inDrop3,train
human3_lib1.final_cell_0377,beta,inDrop3,validation
human1_lib1.final_cell_0350,quiescent_stellate,inDrop1,train
Sample_64,beta,smarter,train
HP1504901_D14,alpha,smartseq2,train
10th_C80_S77,ductal,fluidigmc1,train
human3_lib2.final_cell_0208,ductal,inDrop3,train
D17TGFB_65,alpha,celseq,train
HP1525301T2D_M17,delta,smartseq2,train
D28-8_52,quiescent_stellate,celseq2,test
HP1525301T2D_O17,ductal,smartseq2,train
D28-3_79,alpha,celseq2,train
HP1506401_D22,ductal,smartseq2,validation
human1_lib2.final_cell_0158,beta,inDrop1,validation
Sample_1094,alpha,smarter,validation
10th_C17_S97,beta,fluidigmc1,train
human3_lib1.final_cell_0871,ductal,inDrop3,train
5th-C80_S116,beta,fluidigmc1,train
Sample_700,beta,smarter,train
human3_lib4.final_cell_0736,alpha,inDrop3,train
D30-6_41,alpha,celseq2,train
HP1504101T2D_K12,alpha,smartseq2,train
D30-3_49,ductal,celseq2,test
5th-C70_S103,alpha,fluidigmc1,train
HP1504901_N21,quiescent_stellate,smartseq2,test
human3_lib2.final_cell_0484,alpha,inDrop3,train
D31-2_23,beta,celseq2,train
human3_lib4.final_cell_0266,ductal,inDrop3,train
HP1508501T2D_A8,activated_stellate,smartseq2,test
human2_lib1.final_cell_0209,alpha,inDrop2,train
HP1525301T2D_M11,ductal,smartseq2,train
HP1525301T2D_E5,activated_stellate,smartseq2,train
human3_lib1.final_cell_0557,ductal,inDrop3,train
HP1506401_B18,ductal,smartseq2,train
human4_lib1.final_cell_0596,ductal,inDrop4,validation
human2_lib3.final_cell_0344,alpha,inDrop2,train
human2_lib1.final_cell_0255,beta,inDrop2,train
HP1507101_E8,alpha,smartseq2,train
human3_lib4.final_cell_0414,acinar,inDrop3,train
human3_lib2.final_cell_0821,beta,inDrop3,test
human3_lib1.final_cell_0668,alpha,inDrop3,validation
human4_lib1.final_cell_0090,delta,inDrop4,train
human2_lib2.final_cell_0431,beta,inDrop2,train
human3_lib1.final_cell_0033,acinar,inDrop3,train
D101_50,acinar,celseq,train
human3_lib3.final_cell_0508,alpha,inDrop3,validation
human3_lib4.final_cell_0378,alpha,inDrop3,train
human2_lib3.final_cell_0496,mast,inDrop2,validation
human2_lib2.final_cell_0352,alpha,inDrop2,train
D29-4_83,delta,celseq2,test
human3_lib2.final_cell_0759,beta,inDrop3,train
human2_lib3.final_cell_0498,quiescent_stellate,inDrop2,validation
D3en3_9,acinar,celseq,validation
Sample_29,beta,smarter,train
D17All2_17,alpha,celseq,train
human3_lib1.final_cell_0411,beta,inDrop3,train
human2_lib3.final_cell_0216,alpha,inDrop2,train
human1_lib1.final_cell_0412,ductal,inDrop1,test
D31-7_62,alpha,celseq2,train
HP1504101T2D_L19,alpha,smartseq2,validation
D172444_93,alpha,celseq,validation
human3_lib2.final_cell_0635,alpha,inDrop3,train
human3_lib2.final_cell_0802,alpha,inDrop3,train
human2_lib1.final_cell_0476,alpha,inDrop2,train
human2_lib2.final_cell_0120,macrophage,inDrop2,train
human3_lib4.final_cell_0466,acinar,inDrop3,train
Sample_1068,alpha,smarter,test
D29-3_66,alpha,celseq2,train
D102_69,acinar,celseq,train
D3en1_37,acinar,celseq,train
human3_lib3.final_cell_0543,alpha,inDrop3,validation
Sample_1472,alpha,smarter,train
HP1526901T2D_I16,alpha,smartseq2,train
human3_lib3.final_cell_0187,beta,inDrop3,validation
HP1509101_P4,alpha,smartseq2,train
human1_lib3.final_cell_0168,beta,inDrop1,validation
human1_lib2.final_cell_0187,beta,inDrop1,train
D30-3_8,ductal,celseq2,train
human3_lib3.final_cell_0368,alpha,inDrop3,test
human3_lib2.final_cell_0306,beta,inDrop3,test
human1_lib1.final_cell_0356,beta,inDrop1,validation
human4_lib3.final_cell_0283,ductal,inDrop4,train
human4_lib1.final_cell_0265,gamma,inDrop4,train
D17TGFB_75,alpha,celseq,train
human3_lib1.final_cell_0061,acinar,inDrop3,train
HP1504101T2D_L4,alpha,smartseq2,train
human3_lib2.final_cell_0129,acinar,inDrop3,train
human3_lib1.final_cell_0322,beta,inDrop3,test
D30-7_67,alpha,celseq2,train
human2_lib3.final_cell_0027,ductal,inDrop2,train
human4_lib1.final_cell_0412,beta,inDrop4,train
human2_lib3.final_cell_0269,ductal,inDrop2,test
human1_lib1.final_cell_0303,beta,inDrop1,validation
human3_lib2.final_cell_0065,beta,inDrop3,validation
human1_lib1.final_cell_0545,endothelial,inDrop1,train
human2_lib3.final_cell_0174,alpha,inDrop2,train
human2_lib2.final_cell_0584,beta,inDrop2,validation
human3_lib2.final_cell_0816,beta,inDrop3,train
human1_lib1.final_cell_0046,activated_stellate,inDrop1,train
human3_lib2.final_cell_0257,acinar,inDrop3,train
D17All1_59,delta,celseq,train
human2_lib2.final_cell_0393,ductal,inDrop2,train
D31-8_85,ductal,celseq2,train
human3_lib2.final_cell_0524,beta,inDrop3,train
Sample_456,alpha,smarter,train
human3_lib2.final_cell_0182,beta,inDrop3,train
D31-2_32,alpha,celseq2,train
HP1507101_J3,alpha,smartseq2,train
Sample_1277,alpha,smarter,train
Sample_1171,alpha,smarter,train
Sample_133,beta,smarter,train
human1_lib2.final_cell_0328,beta,inDrop1,train
human2_lib2.final_cell_0161,ductal,inDrop2,train
HP1508501T2D_G20,alpha,smartseq2,train
Sample_918,beta,smarter,train
human4_lib3.final_cell_0567,beta,inDrop4,validation
HP1506401_J17,beta,smartseq2,train
HP1508501T2D_E12,alpha,smartseq2,train
human2_lib3.final_cell_0108,activated_stellate,inDrop2,train
HP1504901_B8,gamma,smartseq2,train
human2_lib1.final_cell_0399,epsilon,inDrop2,train
human2_lib3.final_cell_0520,alpha,inDrop2,train
D2ex_27,ductal,celseq,test
HP1507101_B23,alpha,smartseq2,train
human4_lib3.final_cell_0095,alpha,inDrop4,validation
HP1508501T2D_D18,acinar,smartseq2,test
Sample_751,beta,smarter,test
HP1502401_D10,acinar,smartseq2,train
human2_lib2.final_cell_0118,beta,inDrop2,train
human4_lib1.final_cell_0393,delta,inDrop4,test
human3_lib3.final_cell_0192,acinar,inDrop3,train
human3_lib1.final_cell_0370,alpha,inDrop3,train
human3_lib1.final_cell_0852,beta,inDrop3,train
Sample_262,alpha,smarter,validation
human2_lib3.final_cell_0376,beta,inDrop2,validation
4th-C51_S6,alpha,fluidigmc1,train
Sample_977,alpha,smarter,validation
human4_lib3.final_cell_0374,beta,inDrop4,train
D28-8_61,delta,celseq2,train
human3_lib1.final_cell_0709,ductal,inDrop3,test
human1_lib2.final_cell_0116,delta,inDrop1,train
HP1504901_F11,beta,smartseq2,train
D3en2_39,acinar,celseq,train
human3_lib4.final_cell_0293,beta,inDrop3,validation
D31-8_50,beta,celseq2,train
HP1525301T2D_I17,ductal,smartseq2,train
HP1507101_L15,alpha,smartseq2,validation
D3ex_6,acinar,celseq,train
human4_lib1.final_cell_0362,ductal,inDrop4,train
D29-2_53,beta,celseq2,train
human1_lib3.final_cell_0184,ductal,inDrop1,train
human3_lib4.final_cell_0477,alpha,inDrop3,validation
human4_lib1.final_cell_0208,ductal,inDrop4,validation
human4_lib3.final_cell_0568,gamma,inDrop4,train
human3_lib3.final_cell_0464,beta,inDrop3,train
D31-1_87,alpha,celseq2,train
human1_lib1.final_cell_0331,beta,inDrop1,train
D72_85,alpha,celseq,validation
human4_lib1.final_cell_0185,alpha,inDrop4,validation
human3_lib4.final_cell_0299,beta,inDrop3,test
D17All2_9,alpha,celseq,train
HP1525301T2D_J14,alpha,smartseq2,train
HP1526901T2D_H5,ductal,smartseq2,validation
human3_lib1.final_cell_0132,beta,inDrop3,train
human4_lib1.final_cell_0093,alpha,inDrop4,train
D30-8_16,ductal,celseq2,train
human1_lib1.final_cell_0464,endothelial,inDrop1,test
HP1504101T2D_L15,gamma,smartseq2,train
HP1526901T2D_O17,beta,smartseq2,train
D30-8_60,activated_stellate,celseq2,test
human2_lib2.final_cell_0353,endothelial,inDrop2,test
HP1502401_B7,beta,smartseq2,test
human1_lib1.final_cell_0355,endothelial,inDrop1,train
human3_lib3.final_cell_0769,alpha,inDrop3,train
human1_lib1.final_cell_0493,delta,inDrop1,train
human4_lib1.final_cell_0108,alpha,inDrop4,train
human3_lib2.final_cell_0088,acinar,inDrop3,train
D29-4_70,alpha,celseq2,train
human1_lib3.final_cell_0362,gamma,inDrop1,train
human3_lib1.final_cell_0081,alpha,inDrop3,train
human3_lib1.final_cell_0254,alpha,inDrop3,validation
human2_lib2.final_cell_0240,ductal,inDrop2,validation
10th_C10_S104,ductal,fluidigmc1,train
human1_lib3.final_cell_0138,beta,inDrop1,validation
HP1504101T2D_E24,beta,smartseq2,train
human4_lib1.final_cell_0199,gamma,inDrop4,train
human1_lib3.final_cell_0395,alpha,inDrop1,test
HP1507101_A16,alpha,smartseq2,train
HP1525301T2D_I6,beta,smartseq2,test
human2_lib3.final_cell_0327,ductal,inDrop2,validation
human1_lib3.final_cell_0350,beta,inDrop1,train
human2_lib2.final_cell_0333,alpha,inDrop2,test
human1_lib2.final_cell_0210,delta,inDrop1,train
Sample_801,beta,smarter,train
human1_lib1.final_cell_0035,beta,inDrop1,validation
HP1502401_N20,alpha,smartseq2,train
D17All2_78,delta,celseq,validation
human4_lib1.final_cell_0471,activated_stellate,inDrop4,train
human4_lib3.final_cell_0298,ductal,inDrop4,train
HP1526901T2D_F19,alpha,smartseq2,validation
human3_lib2.final_cell_0545,alpha,inDrop3,train
D10631_70,activated_stellate,celseq,train
human3_lib4.final_cell_0009,acinar,inDrop3,train
human4_lib3.final_cell_0367,beta,inDrop4,train
7th-C8_S13,beta,fluidigmc1,test
human2_lib2.final_cell_0314,ductal,inDrop2,train
human1_lib3.final_cell_0360,gamma,inDrop1,train
D31-1_40,alpha,celseq2,train
human1_lib2.final_cell_0480,beta,inDrop1,test
Sample_954,alpha,smarter,train
HP1525301T2D_C2,alpha,smartseq2,train
human2_lib1.final_cell_0551,alpha,inDrop2,train
human3_lib1.final_cell_0182,alpha,inDrop3,train
human3_lib2.final_cell_0176,alpha,inDrop3,train
human3_lib3.final_cell_0520,beta,inDrop3,validation
human3_lib2.final_cell_0087,delta,inDrop3,test
human3_lib3.final_cell_0726,acinar,inDrop3,train
D30-1_77,endothelial,celseq2,validation
human4_lib1.final_cell_0307,beta,inDrop4,test
D29-4_62,alpha,celseq2,test
human1_lib1.final_cell_0099,delta,inDrop1,train
human3_lib2.final_cell_0796,quiescent_stellate,inDrop3,train
D28-8_4,beta,celseq2,train
human3_lib4.final_cell_0278,delta,inDrop3,train
human1_lib1.final_cell_0083,beta,inDrop1,train
D30-6_32,alpha,celseq2,train
human1_lib1.final_cell_0051,delta,inDrop1,train
human3_lib3.final_cell_0264,delta,inDrop3,train
D29-7_37,beta,celseq2,test
Sample_1028,alpha,smarter,train
human1_lib3.final_cell_0150,quiescent_stellate,inDrop1,test
HP1509101_G20,alpha,smartseq2,train
human3_lib3.final_cell_0514,beta,inDrop3,train
D30-2_68,alpha,celseq2,train
human2_lib3.final_cell_0136,beta,inDrop2,validation
D30-6_18,beta,celseq2,train
human2_lib1.final_cell_0519,alpha,inDrop2,train
HP1507101_L5,alpha,smartseq2,train
D31-5_65,ductal,celseq2,train
human1_lib3.final_cell_0113,acinar,inDrop1,train
human1_lib1.final_cell_0321,delta,inDrop1,train
human3_lib4.final_cell_0222,alpha,inDrop3,train
human4_lib3.final_cell_0348,ductal,inDrop4,train
D30-8_52,alpha,celseq2,test
human4_lib1.final_cell_0396,beta,inDrop4,train
D29-1_73,gamma,celseq2,train
human2_lib1.final_cell_0061,delta,inDrop2,train
human1_lib1.final_cell_0521,gamma,inDrop1,train
human3_lib1.final_cell_0702,ductal,inDrop3,train
HP1506401_C8,beta,smartseq2,train
human4_lib1.final_cell_0279,alpha,inDrop4,test
human3_lib3.final_cell_0632,alpha,inDrop3,train
Sample_764,beta,smarter,train
human3_lib3.final_cell_0533,alpha,inDrop3,train
human4_lib3.final_cell_0323,beta,inDrop4,test
human2_lib1.final_cell_0365,endothelial,inDrop2,train
HP1506401_H4,ductal,smartseq2,train
Sample_1080,alpha,smarter,train
D17TGFB_32,acinar,celseq,train
D31-8_23,ductal,celseq2,test
human2_lib1.final_cell_0407,gamma,inDrop2,train
Sample_1155,alpha,smarter,train
human3_lib3.final_cell_0882,endothelial,inDrop3,train
D17All1_50,acinar,celseq,test
human4_lib1.final_cell_0275,alpha,inDrop4,test
human3_lib2.final_cell_0780,alpha,inDrop3,train
HP1509101_B12,activated_stellate,smartseq2,train
human2_lib3.final_cell_0179,beta,inDrop2,validation
HP1504101T2D_L23,alpha,smartseq2,train
human2_lib3.final_cell_0404,alpha,inDrop2,test
Sample_57,beta,smarter,train
D29-4_38,alpha,celseq2,validation
D30-4_9,beta,celseq2,test
D28-1_86,acinar,celseq2,train
6th-C80_S59,beta,fluidigmc1,train
human1_lib3.final_cell_0733,beta,inDrop1,validation
human4_lib1.final_cell_0554,ductal,inDrop4,train
D17All1_65,ductal,celseq,train
human3_lib1.final_cell_0730,ductal,inDrop3,validation
human3_lib4.final_cell_0804,alpha,inDrop3,train
D30-5_78,ductal,celseq2,validation
human3_lib3.final_cell_0113,acinar,inDrop3,train
D28-6_74,acinar,celseq2,train
D17All1_89,alpha,celseq,test
human1_lib3.final_cell_0213,delta,inDrop1,train
D30-1_87,alpha,celseq2,test
D30-8_85,beta,celseq2,validation
human2_lib3.final_cell_0462,alpha,inDrop2,train
human3_lib3.final_cell_0789,acinar,inDrop3,validation
human3_lib3.final_cell_0733,alpha,inDrop3,validation
human1_lib1.final_cell_0073,beta,inDrop1,train
human4_lib1.final_cell_0061,beta,inDrop4,train
human4_lib1.final_cell_0003,delta,inDrop4,validation
human1_lib1.final_cell_0326,alpha,inDrop1,validation
human2_lib1.final_cell_0268,alpha,inDrop2,train
D30-7_23,beta,celseq2,train
D31-7_16,ductal,celseq2,validation
human2_lib2.final_cell_0597,beta,inDrop2,train
Sample_515,alpha,smarter,train
D31-8_39,endothelial,celseq2,train
human1_lib3.final_cell_0266,beta,inDrop1,validation
Sample_219,alpha,smarter,train
Sample_259,alpha,smarter,train
D28-6_61,acinar,celseq2,train
human2_lib2.final_cell_0138,alpha,inDrop2,train
human3_lib1.final_cell_0066,acinar,inDrop3,train
human2_lib3.final_cell_0105,alpha,inDrop2,train
D17TGFB_58,acinar,celseq,train
human2_lib3.final_cell_0488,activated_stellate,inDrop2,test
human3_lib2.final_cell_0779,beta,inDrop3,test
D30-4_92,ductal,celseq2,validation
D28-4_89,acinar,celseq2,train
Sample_780,beta,smarter,train
D172444_43,alpha,celseq,train
human1_lib2.final_cell_0016,acinar,inDrop1,test
human2_lib3.final_cell_0135,alpha,inDrop2,test
human1_lib2.final_cell_0091,beta,inDrop1,train
human4_lib1.final_cell_0569,alpha,inDrop4,train
11th-C49_S23,beta,fluidigmc1,train
D31-1_85,alpha,celseq2,test
human1_lib3.final_cell_0494,alpha,inDrop1,train
human3_lib2.final_cell_0339,beta,inDrop3,train
human4_lib3.final_cell_0380,beta,inDrop4,train
human3_lib3.final_cell_0765,alpha,inDrop3,train
human4_lib1.final_cell_0587,beta,inDrop4,test
D30-7_76,beta,celseq2,train
Sample_570,alpha,smarter,test
human3_lib2.final_cell_0751,beta,inDrop3,test
Sample_205,beta,smarter,validation
D31-1_26,beta,celseq2,train
human3_lib3.final_cell_0174,acinar,inDrop3,train
human4_lib1.final_cell_0183,ductal,inDrop4,train
D31-7_89,ductal,celseq2,train
human3_lib1.final_cell_0320,endothelial,inDrop3,test
human1_lib1.final_cell_0195,delta,inDrop1,train
human4_lib3.final_cell_0250,delta,inDrop4,train
human3_lib4.final_cell_0095,beta,inDrop3,validation
D73_43,acinar,celseq,train
human2_lib2.final_cell_0476,activated_stellate,inDrop2,validation
D31-5_27,beta,celseq2,train
D17All1_93,alpha,celseq,train
HP1504101T2D_C9,delta,smartseq2,train
Sample_1177,alpha,smarter,train
D28-1_73,ductal,celseq2,train
D31-4_68,ductal,celseq2,train
D30-3_46,alpha,celseq2,train
D31-2_85,activated_stellate,celseq2,train
13th_C55_S156,alpha,fluidigmc1,train
HP1502401_N21,beta,smartseq2,validation
human3_lib4.final_cell_0281,beta,inDrop3,train
D30-5_66,alpha,celseq2,train
human4_lib1.final_cell_0020,beta,inDrop4,validation
human3_lib2.final_cell_0145,alpha,inDrop3,train
HP1504101T2D_P22,alpha,smartseq2,train
human4_lib3.final_cell_0510,ductal,inDrop4,train
human3_lib1.final_cell_0770,beta,inDrop3,train
human1_lib1.final_cell_0546,beta,inDrop1,train
human3_lib1.final_cell_0048,ductal,inDrop3,train
human3_lib2.final_cell_0530,endothelial,inDrop3,train
Sample_1101,alpha,smarter,test
human3_lib4.final_cell_0665,acinar,inDrop3,train
human1_lib2.final_cell_0042,beta,inDrop1,train
D28-3_52,acinar,celseq2,train
human3_lib2.final_cell_0158,acinar,inDrop3,train
human3_lib2.final_cell_0040,beta,inDrop3,train
human3_lib1.final_cell_0014,acinar,inDrop3,train
HP1502401_F13,acinar,smartseq2,train
human2_lib1.final_cell_0266,activated_stellate,inDrop2,validation
human1_lib3.final_cell_0165,beta,inDrop1,test
human3_lib3.final_cell_0671,beta,inDrop3,validation
HP1508501T2D_G15,alpha,smartseq2,test
human3_lib4.final_cell_0333,alpha,inDrop3,train
HP1508501T2D_G21,alpha,smartseq2,train
D30-1_88,ductal,celseq2,train
human1_lib1.final_cell_0235,delta,inDrop1,train
D28-2_86,acinar,celseq2,validation
11th-C66_S88,beta,fluidigmc1,test
D2ex_26,acinar,celseq,test
human2_lib3.final_cell_0383,ductal,inDrop2,train
human3_lib1.final_cell_0005,acinar,inDrop3,test
human3_lib3.final_cell_0887,acinar,inDrop3,test
human3_lib1.final_cell_0421,beta,inDrop3,test
HP1504101T2D_O23,gamma,smartseq2,validation
D10631_54,acinar,celseq,validation
human1_lib2.final_cell_0492,alpha,inDrop1,train
human2_lib3.final_cell_0551,alpha,inDrop2,train
human1_lib3.final_cell_0520,beta,inDrop1,train
D29-8_8,beta,celseq2,train
human2_lib3.final_cell_0043,delta,inDrop2,train
human2_lib2.final_cell_0466,alpha,inDrop2,train
human3_lib4.final_cell_0511,alpha,inDrop3,train
HP1507101_D10,endothelial,smartseq2,validation
human4_lib3.final_cell_0205,alpha,inDrop4,train
human3_lib3.final_cell_0437,ductal,inDrop3,validation
10th_C20_S54,beta,fluidigmc1,validation
human3_lib4.final_cell_0654,alpha,inDrop3,train
human3_lib1.final_cell_0806,alpha,inDrop3,train
D31-3_55,alpha,celseq2,train
human3_lib1.final_cell_0094,acinar,inDrop3,train
Sample_759,beta,smarter,train
human4_lib1.final_cell_0037,beta,inDrop4,validation
human1_lib1.final_cell_0544,ductal,inDrop1,train
human1_lib3.final_cell_0387,beta,inDrop1,train
Sample_859,beta,smarter,train
Sample_1251,alpha,smarter,train
human1_lib3.final_cell_0244,beta,inDrop1,train
HP1504101T2D_G9,beta,smartseq2,test
Sample_1108,alpha,smarter,train
D17TGFB_53,alpha,celseq,train
D30-2_27,acinar,celseq2,train
human2_lib2.final_cell_0190,alpha,inDrop2,train
human4_lib3.final_cell_0041,beta,inDrop4,train
human2_lib3.final_cell_0546,mast,inDrop2,test
human1_lib2.final_cell_0621,delta,inDrop1,test
3rd-C40_S57,gamma,fluidigmc1,train
human3_lib2.final_cell_0394,ductal,inDrop3,train
human3_lib3.final_cell_0100,acinar,inDrop3,validation
D30-5_58,ductal,celseq2,validation
D30-7_86,activated_stellate,celseq2,train
human4_lib1.final_cell_0390,beta,inDrop4,test
D30-7_72,activated_stellate,celseq2,test
HP1509101_J14,activated_stellate,smartseq2,train
D1713_72,acinar,celseq,train
human2_lib2.final_cell_0170,alpha,inDrop2,train
human1_lib1.final_cell_0471,beta,inDrop1,validation
human1_lib2.final_cell_0481,alpha,inDrop1,train
human4_lib1.final_cell_0543,beta,inDrop4,train
D31-1_62,ductal,celseq2,train
human2_lib2.final_cell_0532,alpha,inDrop2,test
human3_lib1.final_cell_0593,activated_stellate,inDrop3,test
HP1506401_D13,beta,smartseq2,train
HP1525301T2D_E24,activated_stellate,smartseq2,train
human3_lib3.final_cell_0036,acinar,inDrop3,train
human2_lib1.final_cell_0214,alpha,inDrop2,test
D30-5_28,alpha,celseq2,test
HP1526901T2D_N5,acinar,smartseq2,train
D31-6_25,epsilon,celseq2,train
HP1504101T2D_G10,alpha,smartseq2,train
human1_lib2.final_cell_0276,delta,inDrop1,train
human1_lib2.final_cell_0196,beta,inDrop1,train
HP1525301T2D_K19,alpha,smartseq2,validation
HP1502401_O21,alpha,smartseq2,train
human2_lib3.final_cell_0058,ductal,inDrop2,train
human4_lib3.final_cell_0181,ductal,inDrop4,validation
D31-4_17,beta,celseq2,validation
D1713_76,activated_stellate,celseq,train
D72_95,acinar,celseq,validation
human4_lib3.final_cell_0450,beta,inDrop4,test
D29-2_27,beta,celseq2,train
D29-6_51,alpha,celseq2,train
HP1509101_J16,delta,smartseq2,train
HP1507101_E12,alpha,smartseq2,validation
HP1502401_O6,delta,smartseq2,test
human3_lib1.final_cell_0744,alpha,inDrop3,train
human1_lib2.final_cell_0323,beta,inDrop1,train
2nd-C87_S76,beta,fluidigmc1,test
5th-C21_S102,alpha,fluidigmc1,train
human3_lib3.final_cell_0866,t_cell,inDrop3,train
HP1508501T2D_G1,ductal,smartseq2,train
Sample_343,alpha,smarter,train
D73_63,ductal,celseq,train
HP1504101T2D_M5,alpha,smartseq2,train
HP1507101_M16,mast,smartseq2,train
11th-C55_S24,ductal,fluidigmc1,train
Sample_1583,gamma,smarter,train
human1_lib3.final_cell_0373,beta,inDrop1,validation
human4_lib3.final_cell_0422,alpha,inDrop4,train
human3_lib2.final_cell_0588,alpha,inDrop3,train
human3_lib4.final_cell_0421,alpha,inDrop3,train
HP1508501T2D_I2,alpha,smartseq2,validation
human3_lib3.final_cell_0339,acinar,inDrop3,test
D31-6_4,ductal,celseq2,validation
human1_lib1.final_cell_0221,delta,inDrop1,train
HP1502401_L13,alpha,smartseq2,validation
D17All1_75,beta,celseq,validation
D30-3_41,alpha,celseq2,train
HP1504101T2D_O9,alpha,smartseq2,train
human1_lib1.final_cell_0294,beta,inDrop1,train
human1_lib2.final_cell_0452,endothelial,inDrop1,test
D102_58,beta,celseq,validation
HP1504901_E14,alpha,smartseq2,test
human4_lib1.final_cell_0377,delta,inDrop4,train
D102_61,delta,celseq,train
D30-2_6,activated_stellate,celseq2,train
HP1502401_C10,beta,smartseq2,train
Sample_200,beta,smarter,train
HP1508501T2D_G17,acinar,smartseq2,train
HP1526901T2D_H20,beta,smartseq2,validation
human4_lib3.final_cell_0360,alpha,inDrop4,validation
HP1504901_F2,delta,smartseq2,train
human2_lib1.final_cell_0411,ductal,inDrop2,test
human3_lib3.final_cell_0244,ductal,inDrop3,validation
D30-2_74,delta,celseq2,train
Sample_198,beta,smarter,train
human2_lib3.final_cell_0278,alpha,inDrop2,train
human3_lib3.final_cell_0470,alpha,inDrop3,train
Sample_214,alpha,smarter,validation
D28-7_65,alpha,celseq2,train
HP1506401_K16,ductal,smartseq2,test
human1_lib2.final_cell_0565,alpha,inDrop1,validation
HP1509101_G17,alpha,smartseq2,train
Sample_767,beta,smarter,train
HP1508501T2D_E16,ductal,smartseq2,validation
human4_lib3.final_cell_0145,gamma,inDrop4,validation
Sample_539,alpha,smarter,validation
human1_lib2.final_cell_0397,beta,inDrop1,train
HP1502401_O17,alpha,smartseq2,train
human3_lib2.final_cell_0694,alpha,inDrop3,train
human3_lib2.final_cell_0618,alpha,inDrop3,validation
human3_lib3.final_cell_0108,beta,inDrop3,train
human4_lib3.final_cell_0449,beta,inDrop4,train
human2_lib2.final_cell_0371,endothelial,inDrop2,train
HP1502401_C7,beta,smartseq2,train
human2_lib1.final_cell_0117,ductal,inDrop2,test
HP1502401_C4,alpha,smartseq2,validation
human3_lib1.final_cell_0716,alpha,inDrop3,train
D2ex_18,acinar,celseq,train
human3_lib4.final_cell_0438,alpha,inDrop3,train
D30-6_74,alpha,celseq2,train
HP1525301T2D_D10,acinar,smartseq2,train
human4_lib3.final_cell_0683,quiescent_stellate,inDrop4,train
human3_lib1.final_cell_0224,acinar,inDrop3,train
D31-5_17,alpha,celseq2,validation
human2_lib1.final_cell_0088,alpha,inDrop2,test
human4_lib3.final_cell_0598,alpha,inDrop4,test
D17TGFB_91,alpha,celseq,validation
11th-C10_S63,gamma,fluidigmc1,train
D29-5_40,beta,celseq2,train
D29-3_30,alpha,celseq2,train
D31-6_35,alpha,celseq2,train
HP1506401_G14,acinar,smartseq2,test
human3_lib3.final_cell_0027,acinar,inDrop3,train
human3_lib2.final_cell_0731,beta,inDrop3,train
human3_lib1.final_cell_0888,beta,inDrop3,validation
Sample_397,alpha,smarter,train
2nd-C3_S1,alpha,fluidigmc1,train
human3_lib4.final_cell_0008,acinar,inDrop3,train
Sample_186,beta,smarter,train
HP1509101_F21,gamma,smartseq2,train
human2_lib2.final_cell_0202,alpha,inDrop2,train
HP1507101_N3,alpha,smartseq2,train
Sample_352,alpha,smarter,train
human1_lib3.final_cell_0398,beta,inDrop1,test
human2_lib2.final_cell_0204,beta,inDrop2,train
human2_lib3.final_cell_0226,delta,inDrop2,train
HP1507101_K2,alpha,smartseq2,train
Sample_117,beta,smarter,validation
HP1507101_G6,alpha,smartseq2,train
Sample_1029,alpha,smarter,train
HP1504901_G10,endothelial,smartseq2,validation
HP1525301T2D_K16,ductal,smartseq2,train
human1_lib1.final_cell_0160,beta,inDrop1,train
9th-C46_S79,beta,fluidigmc1,validation
D17TGFB_8,acinar,celseq,train
Sample_1425,alpha,smarter,test
human2_lib1.final_cell_0199,alpha,inDrop2,train
human3_lib3.final_cell_0767,alpha,inDrop3,test
human3_lib3.final_cell_0388,ductal,inDrop3,test
human3_lib1.final_cell_0472,alpha,inDrop3,train
human3_lib4.final_cell_0320,alpha,inDrop3,train
human2_lib3.final_cell_0061,alpha,inDrop2,train
HP1504101T2D_E15,beta,smartseq2,train
human4_lib3.final_cell_0115,delta,inDrop4,train
human2_lib1.final_cell_0481,activated_stellate,inDrop2,train
human3_lib4.final_cell_0214,acinar,inDrop3,train
D3en2_16,acinar,celseq,train
human2_lib3.final_cell_0513,alpha,inDrop2,validation
D30-1_19,acinar,celseq2,test
human3_lib1.final_cell_0393,alpha,inDrop3,train
human4_lib3.final_cell_0409,gamma,inDrop4,train
2nd-C21_S37,endothelial,fluidigmc1,train
human3_lib1.final_cell_0140,beta,inDrop3,train
HP1525301T2D_J23,acinar,smartseq2,train
human1_lib3.final_cell_0535,alpha,inDrop1,test
D30-1_86,alpha,celseq2,train
D29-7_47,alpha,celseq2,train
HP1508501T2D_H4,alpha,smartseq2,train
HP1504101T2D_I5,alpha,smartseq2,test
Sample_586,delta,smarter,train
HP1507101_D15,alpha,smartseq2,train
human3_lib4.final_cell_0187,acinar,inDrop3,validation
D29-6_9,gamma,celseq2,train
human2_lib1.final_cell_0318,beta,inDrop2,validation
human2_lib3.final_cell_0207,alpha,inDrop2,train
HP1504101T2D_G17,alpha,smartseq2,train
human1_lib3.final_cell_0625,endothelial,inDrop1,train
D30-3_39,activated_stellate,celseq2,train
D74_17,ductal,celseq,train
human2_lib2.final_cell_0527,gamma,inDrop2,train
human4_lib3.final_cell_0117,beta,inDrop4,train
human3_lib2.final_cell_0243,alpha,inDrop3,validation
D31-4_30,alpha,celseq2,test
D31-1_44,acinar,celseq2,train
human3_lib4.final_cell_0270,acinar,inDrop3,test
human2_lib2.final_cell_0074,alpha,inDrop2,train
HP1506401_O10,beta,smartseq2,train
HP1508501T2D_J12,alpha,smartseq2,test
human1_lib3.final_cell_0587,alpha,inDrop1,train
human2_lib2.final_cell_0295,alpha,inDrop2,train
Sample_1297,alpha,smarter,train
D31-6_68,ductal,celseq2,train
human3_lib2.final_cell_0218,acinar,inDrop3,train
2nd-C54_S12,activated_stellate,fluidigmc1,train
human4_lib3.final_cell_0061,beta,inDrop4,train
10th_C13_S61,beta,fluidigmc1,train
human3_lib2.final_cell_0765,delta,inDrop3,train
8th-C64_S112,alpha,fluidigmc1,train
human3_lib1.final_cell_0419,acinar,inDrop3,test
Sample_336,alpha,smarter,train
D29-2_20,beta,celseq2,train
human1_lib2.final_cell_0616,acinar,inDrop1,validation
D30-5_23,alpha,celseq2,train
Sample_277,alpha,smarter,train
human2_lib2.final_cell_0140,delta,inDrop2,train
8th-C6_S88,delta,fluidigmc1,train
human3_lib2.final_cell_0247,acinar,inDrop3,train
human4_lib3.final_cell_0017,ductal,inDrop4,train
Sample_981,alpha,smarter,train
D31-4_9,acinar,celseq2,test
human3_lib1.final_cell_0138,acinar,inDrop3,train
D72_40,acinar,celseq,train
human3_lib4.final_cell_0434,ductal,inDrop3,train
human1_lib2.final_cell_0168,beta,inDrop1,train
HP1509101_D23,ductal,smartseq2,train
Sample_1319,alpha,smarter,test
human1_lib2.final_cell_0223,activated_stellate,inDrop1,train
human4_lib3.final_cell_0522,alpha,inDrop4,test
7th-C24_S40,gamma,fluidigmc1,train
human4_lib3.final_cell_0643,gamma,inDrop4,test
human3_lib3.final_cell_0456,alpha,inDrop3,test
human3_lib2.final_cell_0708,beta,inDrop3,validation
human1_lib3.final_cell_0112,acinar,inDrop1,train
D31-7_23,ductal,celseq2,train
D30-5_21,beta,celseq2,train
Sample_208,alpha,smarter,train
D73_82,delta,celseq,train
HP1504901_K19,beta,smartseq2,validation
human3_lib1.final_cell_0257,beta,inDrop3,validation
HP1506401_F20,alpha,smartseq2,train
D30-7_28,acinar,celseq2,train
human4_lib3.final_cell_0144,ductal,inDrop4,train
D31-1_2,alpha,celseq2,train
human1_lib1.final_cell_0530,endothelial,inDrop1,train
Sample_775,beta,smarter,validation
human3_lib4.final_cell_0796,quiescent_stellate,inDrop3,train
human3_lib1.final_cell_0657,alpha,inDrop3,train
human3_lib2.final_cell_0600,alpha,inDrop3,train
D30-8_9,delta,celseq2,train
human2_lib1.final_cell_0341,ductal,inDrop2,train
Sample_1403,alpha,smarter,train
human2_lib2.final_cell_0014,delta,inDrop2,train
human1_lib3.final_cell_0173,beta,inDrop1,train
human4_lib1.final_cell_0150,beta,inDrop4,train
human3_lib1.final_cell_0669,activated_stellate,inDrop3,train
human4_lib3.final_cell_0397,ductal,inDrop4,validation
human1_lib3.final_cell_0261,beta,inDrop1,train
human4_lib1.final_cell_0353,alpha,inDrop4,train
human1_lib2.final_cell_0396,beta,inDrop1,validation
human3_lib1.final_cell_0303,alpha,inDrop3,train
HP1525301T2D_G20,ductal,smartseq2,train
D29-5_59,alpha,celseq2,train
human1_lib2.final_cell_0401,alpha,inDrop1,train
HP1506401_O3,alpha,smartseq2,test
human4_lib3.final_cell_0292,acinar,inDrop4,train
human2_lib3.final_cell_0107,beta,inDrop2,train
Sample_467,alpha,smarter,validation
Sample_550,alpha,smarter,train
D172444_74,beta,celseq,train
D28-6_49,activated_stellate,celseq2,train
human1_lib3.final_cell_0372,ductal,inDrop1,test
human2_lib1.final_cell_0430,beta,inDrop2,train
human3_lib2.final_cell_0761,alpha,inDrop3,train
human3_lib4.final_cell_0350,beta,inDrop3,validation
D1713_49,ductal,celseq,train
1st-C50_S33,alpha,fluidigmc1,train
human4_lib1.final_cell_0243,beta,inDrop4,train
human3_lib2.final_cell_0591,alpha,inDrop3,train
HP1526901T2D_H21,ductal,smartseq2,train
HP1507101_O2,alpha,smartseq2,train
human4_lib3.final_cell_0550,beta,inDrop4,train
human1_lib1.final_cell_0519,alpha,inDrop1,train
Sample_1107,alpha,smarter,train
Sample_472,alpha,smarter,train
human3_lib1.final_cell_0358,alpha,inDrop3,validation
human1_lib3.final_cell_0619,beta,inDrop1,validation
human1_lib1.final_cell_0445,endothelial,inDrop1,train
human2_lib3.final_cell_0119,ductal,inDrop2,train
D74_28,ductal,celseq,train
D29-7_31,beta,celseq2,train
HP1507101_D24,alpha,smartseq2,train
D2ex_4,ductal,celseq,train
HP1526901T2D_L19,alpha,smartseq2,train
HP1526901T2D_P17,beta,smartseq2,train
HP1502401_M9,alpha,smartseq2,train
HP1526901T2D_G1,gamma,smartseq2,test
7th-C45_S77,beta,fluidigmc1,test
HP1526901T2D_L7,gamma,smartseq2,train
D29-4_84,epsilon,celseq2,train
D31-3_48,acinar,celseq2,train
human4_lib3.final_cell_0438,alpha,inDrop4,validation
HP1509101_G16,alpha,smartseq2,test
human4_lib3.final_cell_0682,alpha,inDrop4,train
human1_lib2.final_cell_0384,beta,inDrop1,test
human3_lib1.final_cell_0880,beta,inDrop3,validation
Sample_624,gamma,smarter,train
D1713_61,acinar,celseq,train
HP1504101T2D_M23,alpha,smartseq2,train
D1713_75,ductal,celseq,train
HP1508501T2D_L20,ductal,smartseq2,train
human1_lib1.final_cell_0304,beta,inDrop1,train
human3_lib1.final_cell_0850,beta,inDrop3,test
human3_lib3.final_cell_0095,acinar,inDrop3,train
1st-C73_S45,alpha,fluidigmc1,train
human3_lib4.final_cell_0520,ductal,inDrop3,train
D28-6_16,ductal,celseq2,validation
Sample_932,beta,smarter,test
human4_lib1.final_cell_0405,beta,inDrop4,train
HP1526901T2D_J19,alpha,smartseq2,validation
HP1507101_H7,alpha,smartseq2,train
D31-8_46,alpha,celseq2,train
HP1509101_H13,delta,smartseq2,test
D31-3_53,acinar,celseq2,test
human4_lib3.final_cell_0116,beta,inDrop4,train
HP1502401_J22,beta,smartseq2,train
human2_lib3.final_cell_0145,beta,inDrop2,validation
D17TGFB_83,ductal,celseq,train
D30-6_39,alpha,celseq2,train
12th-C55_S203,beta,fluidigmc1,train
HP1504101T2D_L21,alpha,smartseq2,validation
human4_lib1.final_cell_0485,endothelial,inDrop4,train
human4_lib3.final_cell_0074,delta,inDrop4,train
Sample_1567,gamma,smarter,validation
HP1506401_J2,acinar,smartseq2,train
Sample_753,beta,smarter,validation
12th-C48_S160,beta,fluidigmc1,train
human3_lib4.final_cell_0866,beta,inDrop3,validation
Sample_1157,alpha,smarter,validation
HP1509101_J18,delta,smartseq2,train
HP1504901_L9,gamma,smartseq2,train
Sample_1038,alpha,smarter,test
D29-7_28,delta,celseq2,train
human1_lib3.final_cell_0670,beta,inDrop1,train
D71_66,ductal,celseq,train
HP1525301T2D_D15,ductal,smartseq2,train
human2_lib1.final_cell_0402,alpha,inDrop2,train
human1_lib1.final_cell_0550,beta,inDrop1,train
HP1506401_G2,ductal,smartseq2,train
human2_lib3.final_cell_0379,gamma,inDrop2,validation
D71_63,beta,celseq,train
HP1508501T2D_E10,alpha,smartseq2,train
human3_lib1.final_cell_0849,delta,inDrop3,train
human1_lib2.final_cell_0373,beta,inDrop1,train
D29-7_82,alpha,celseq2,train
human2_lib3.final_cell_0409,alpha,inDrop2,train
human3_lib4.final_cell_0779,acinar,inDrop3,train
human3_lib1.final_cell_0535,delta,inDrop3,train
D3en2_27,acinar,celseq,train
D17All2_53,ductal,celseq,train
Sample_520,alpha,smarter,train
D74_49,beta,celseq,train
D29-6_38,alpha,celseq2,train
human3_lib1.final_cell_0656,alpha,inDrop3,train
human2_lib1.final_cell_0528,alpha,inDrop2,train
D29-3_82,delta,celseq2,train
human1_lib2.final_cell_0598,quiescent_stellate,inDrop1,train
human1_lib1.final_cell_0194,beta,inDrop1,train
human3_lib1.final_cell_0665,delta,inDrop3,train
D28-1_38,acinar,celseq2,train
Sample_235,alpha,smarter,train
HP1526901T2D_H16,gamma,smartseq2,train
Sample_390,alpha,smarter,train
D2ex_6,ductal,celseq,test
Sample_855,beta,smarter,validation
human3_lib3.final_cell_0830,quiescent_stellate,inDrop3,validation
human2_lib2.final_cell_0299,alpha,inDrop2,train
Sample_359,alpha,smarter,train
D30-6_55,alpha,celseq2,validation
HP1502401_D22,beta,smartseq2,train
HP1502401_J23,alpha,smartseq2,train
human3_lib4.final_cell_0262,ductal,inDrop3,train
human1_lib3.final_cell_0354,beta,inDrop1,train
HP1526901T2D_O23,alpha,smartseq2,test
human3_lib1.final_cell_0705,alpha,inDrop3,train
HP1506401_E20,acinar,smartseq2,validation
human4_lib1.final_cell_0016,activated_stellate,inDrop4,train
D30-4_12,alpha,celseq2,train
human2_lib1.final_cell_0161,alpha,inDrop2,test
Sample_374,alpha,smarter,train
D3en1_30,ductal,celseq,train
human2_lib1.final_cell_0216,endothelial,inDrop2,train
D1713_5,ductal,celseq,train
human3_lib3.final_cell_0499,alpha,inDrop3,train
human2_lib2.final_cell_0166,delta,inDrop2,test
human1_lib1.final_cell_0524,beta,inDrop1,validation
human3_lib2.final_cell_0128,ductal,inDrop3,train
HP1508501T2D_K17,alpha,smartseq2,train
human3_lib4.final_cell_0542,alpha,inDrop3,train
D29-5_33,alpha,celseq2,train
human3_lib4.final_cell_0824,beta,inDrop3,train
human3_lib3.final_cell_0549,beta,inDrop3,train
D29-6_83,alpha,celseq2,train
Sample_598,delta,smarter,train
13th_C13_S149,alpha,fluidigmc1,train
D29-4_86,gamma,celseq2,test
human3_lib4.final_cell_0574,macrophage,inDrop3,validation
HP1507101_G19,alpha,smartseq2,train
human3_lib1.final_cell_0651,alpha,inDrop3,validation
human3_lib1.final_cell_0860,alpha,inDrop3,train
D1713_13,ductal,celseq,validation
human2_lib1.final_cell_0080,beta,inDrop2,train
human1_lib2.final_cell_0251,ductal,inDrop1,train
human2_lib2.final_cell_0005,alpha,inDrop2,train
human2_lib3.final_cell_0257,beta,inDrop2,validation
HP1508501T2D_E2,alpha,smartseq2,train
human4_lib3.final_cell_0193,alpha,inDrop4,train
human2_lib3.final_cell_0541,alpha,inDrop2,test
11th-C61_S25,alpha,fluidigmc1,test
human1_lib3.final_cell_0507,beta,inDrop1,train
human4_lib1.final_cell_0039,alpha,inDrop4,train
human1_lib1.final_cell_0462,beta,inDrop1,validation
human3_lib4.final_cell_0388,beta,inDrop3,train
D74_56,alpha,celseq,train
human1_lib2.final_cell_0331,alpha,inDrop1,train
HP1526901T2D_E1,ductal,smartseq2,train
human3_lib3.final_cell_0550,alpha,inDrop3,train
D30-6_6,delta,celseq2,train
human3_lib4.final_cell_0758,alpha,inDrop3,validation
D29-7_50,alpha,celseq2,train
human4_lib1.final_cell_0101,ductal,inDrop4,validation
human1_lib3.final_cell_0431,endothelial,inDrop1,train
human1_lib3.final_cell_0194,beta,inDrop1,test
human2_lib3.final_cell_0287,alpha,inDrop2,train
human2_lib2.final_cell_0296,delta,inDrop2,train
D73_30,delta,celseq,train
D17TGFB_88,ductal,celseq,train
human3_lib4.final_cell_0599,beta,inDrop3,train
Sample_814,beta,smarter,train
human3_lib1.final_cell_0615,ductal,inDrop3,test
human3_lib2.final_cell_0331,beta,inDrop3,train
D29-8_19,gamma,celseq2,validation
human3_lib2.final_cell_0866,ductal,inDrop3,test
human1_lib1.final_cell_0130,beta,inDrop1,train
human1_lib3.final_cell_0693,quiescent_stellate,inDrop1,train
HP1504901_O7,alpha,smartseq2,train
human2_lib2.final_cell_0303,alpha,inDrop2,test
Sample_122,beta,smarter,validation
Sample_156,beta,smarter,train
HP1526901T2D_C4,alpha,smartseq2,train
human3_lib1.final_cell_0890,quiescent_stellate,inDrop3,train
human3_lib4.final_cell_0251,beta,inDrop3,train
human2_lib3.final_cell_0307,beta,inDrop2,train
human4_lib3.final_cell_0379,alpha,inDrop4,train
human4_lib1.final_cell_0520,ductal,inDrop4,train
human1_lib2.final_cell_0398,beta,inDrop1,validation
HP1508501T2D_H10,alpha,smartseq2,validation
human1_lib2.final_cell_0440,beta,inDrop1,train
human2_lib3.final_cell_0435,ductal,inDrop2,train
human1_lib1.final_cell_0482,beta,inDrop1,train
Sample_683,beta,smarter,test
human3_lib3.final_cell_0467,acinar,inDrop3,train
human2_lib2.final_cell_0007,ductal,inDrop2,train
D28-6_51,acinar,celseq2,train
Sample_463,alpha,smarter,train
human3_lib1.final_cell_0608,ductal,inDrop3,validation
human2_lib3.final_cell_0493,quiescent_stellate,inDrop2,train
human1_lib2.final_cell_0474,gamma,inDrop1,train
HP1525301T2D_J18,gamma,smartseq2,train
human4_lib1.final_cell_0065,ductal,inDrop4,test
human3_lib4.final_cell_0442,ductal,inDrop3,train
D29-2_84,alpha,celseq2,validation
human3_lib2.final_cell_0162,ductal,inDrop3,test
human3_lib3.final_cell_0595,alpha,inDrop3,test
D29-2_11,beta,celseq2,validation
human3_lib2.final_cell_0161,ductal,inDrop3,train
Sample_320,alpha,smarter,train
human3_lib1.final_cell_0831,endothelial,inDrop3,train
human2_lib1.final_cell_0417,alpha,inDrop2,train
HP1508501T2D_N7,ductal,smartseq2,train
human3_lib4.final_cell_0429,beta,inDrop3,validation
5th-C43_S121,ductal,fluidigmc1,train
D28-7_74,activated_stellate,celseq2,train
D74_67,alpha,celseq,train
Sample_501,alpha,smarter,train
Sample_1309,alpha,smarter,train
human3_lib2.final_cell_0465,beta,inDrop3,train
human2_lib2.final_cell_0229,beta,inDrop2,train
human3_lib2.final_cell_0144,beta,inDrop3,train
human3_lib2.final_cell_0553,beta,inDrop3,validation
Sample_220,alpha,smarter,train
human3_lib4.final_cell_0259,alpha,inDrop3,train
7th-C96_S82,beta,fluidigmc1,train
human3_lib4.final_cell_0747,delta,inDrop3,train
human1_lib3.final_cell_0140,beta,inDrop1,train
Sample_782,beta,smarter,train
D28-6_37,alpha,celseq2,test
D30-1_30,acinar,celseq2,train
human1_lib1.final_cell_0397,beta,inDrop1,test
human3_lib4.final_cell_0744,alpha,inDrop3,validation
human4_lib1.final_cell_0544,ductal,inDrop4,train
human1_lib1.final_cell_0017,beta,inDrop1,train
D28-1_26,endothelial,celseq2,train
2nd-C74_S53,alpha,fluidigmc1,train
HP1509101_F13,alpha,smartseq2,test
human2_lib1.final_cell_0383,alpha,inDrop2,train
human4_lib3.final_cell_0105,beta,inDrop4,test
Sample_346,alpha,smarter,validation
human2_lib1.final_cell_0336,alpha,inDrop2,train
D71_81,ductal,celseq,train
human2_lib2.final_cell_0167,alpha,inDrop2,validation
human4_lib3.final_cell_0053,delta,inDrop4,train
D31-6_13,acinar,celseq2,train
Sample_635,gamma,smarter,train
human1_lib3.final_cell_0196,beta,inDrop1,validation
AZ_A8,beta,smartseq2,test
human3_lib3.final_cell_0879,beta,inDrop3,train
D30-6_69,ductal,celseq2,train
human1_lib2.final_cell_0376,beta,inDrop1,train
human3_lib1.final_cell_0884,endothelial,inDrop3,train
human3_lib2.final_cell_0690,ductal,inDrop3,train
human3_lib1.final_cell_0701,alpha,inDrop3,validation
human4_lib3.final_cell_0564,beta,inDrop4,test
human2_lib2.final_cell_0586,beta,inDrop2,train
human4_lib1.final_cell_0325,beta,inDrop4,validation
Sample_825,beta,smarter,train
HP1506401_C17,ductal,smartseq2,train
9th-C91_S78,beta,fluidigmc1,train
human2_lib2.final_cell_0335,delta,inDrop2,validation
HP1526901T2D_N21,ductal,smartseq2,train
Sample_603,delta,smarter,validation
HP1504901_M4,gamma,smartseq2,validation
D28-3_17,mast,celseq2,train
human3_lib1.final_cell_0092,acinar,inDrop3,train
AZ_C1,alpha,smartseq2,train
HP1526901T2D_G13,alpha,smartseq2,train
D17All1_77,delta,celseq,test
HP1508501T2D_L5,ductal,smartseq2,test
D2ex_74,ductal,celseq,validation
human2_lib1.final_cell_0076,beta,inDrop2,train
human3_lib3.final_cell_0206,beta,inDrop3,train
human3_lib1.final_cell_0178,beta,inDrop3,test
human2_lib3.final_cell_0160,beta,inDrop2,test
HP1506401_A17,beta,smartseq2,test
HP1504901_O1,gamma,smartseq2,train
human2_lib1.final_cell_0468,schwann,inDrop2,validation
D31-2_56,alpha,celseq2,train
D30-7_12,alpha,celseq2,train
human3_lib1.final_cell_0471,alpha,inDrop3,train
D30-2_37,alpha,celseq2,test
D29-6_89,alpha,celseq2,train
D73_68,acinar,celseq,train
human3_lib2.final_cell_0784,alpha,inDrop3,train
D29-8_59,alpha,celseq2,validation
human3_lib1.final_cell_0598,acinar,inDrop3,train
D29-5_8,alpha,celseq2,validation
HP1504101T2D_J3,gamma,smartseq2,train
D74_75,alpha,celseq,train
human3_lib4.final_cell_0545,alpha,inDrop3,train
Sample_552,alpha,smarter,train
D28-3_8,alpha,celseq2,validation
Sample_184,beta,smarter,train
human1_lib3.final_cell_0603,ductal,inDrop1,validation
HP1506401_G13,alpha,smartseq2,train
human4_lib3.final_cell_0297,beta,inDrop4,test
Sample_106,beta,smarter,train
HP1502401_L1,alpha,smartseq2,train
D71_76,alpha,celseq,train
Sample_305,alpha,smarter,train
D17TGFB_2,alpha,celseq,train
human4_lib1.final_cell_0140,delta,inDrop4,train
HP1506401_F7,ductal,smartseq2,train
human3_lib3.final_cell_0693,ductal,inDrop3,test
HP1526901T2D_J22,delta,smartseq2,train
HP1508501T2D_C15,ductal,smartseq2,train
Sample_495,alpha,smarter,train
D29-8_82,alpha,celseq2,train
HP1507101_B14,alpha,smartseq2,train
D31-7_47,beta,celseq2,train
human2_lib2.final_cell_0388,ductal,inDrop2,train
human3_lib2.final_cell_0159,acinar,inDrop3,validation
13th_C89_S211,beta,fluidigmc1,train
human1_lib2.final_cell_0393,beta,inDrop1,train
human2_lib3.final_cell_0193,alpha,inDrop2,train
D17All1_73,alpha,celseq,train
human3_lib1.final_cell_0772,ductal,inDrop3,train
human3_lib1.final_cell_0763,alpha,inDrop3,train
human3_lib1.final_cell_0644,alpha,inDrop3,train
HP1508501T2D_C17,beta,smartseq2,train
human4_lib3.final_cell_0699,beta,inDrop4,train
human3_lib3.final_cell_0157,acinar,inDrop3,train
D28-5_49,delta,celseq2,train
human1_lib2.final_cell_0250,alpha,inDrop1,test
D30-4_17,delta,celseq2,train
D74_86,beta,celseq,train
HP1508501T2D_D16,alpha,smartseq2,train
D28-6_64,activated_stellate,celseq2,train
human3_lib3.final_cell_0654,ductal,inDrop3,train
human3_lib3.final_cell_0802,mast,inDrop3,train
human1_lib2.final_cell_0215,beta,inDrop1,test
human2_lib3.final_cell_0357,activated_stellate,inDrop2,test
HP1506401_J16,epsilon,smartseq2,train
Sample_1243,alpha,smarter,validation
human1_lib3.final_cell_0022,activated_stellate,inDrop1,train
human3_lib2.final_cell_0285,beta,inDrop3,train
10th_C34_S92,alpha,fluidigmc1,train
human1_lib2.final_cell_0028,delta,inDrop1,train
HP1507101_A3,delta,smartseq2,train
human1_lib1.final_cell_0171,acinar,inDrop1,test
human3_lib1.final_cell_0815,delta,inDrop3,train
human1_lib3.final_cell_0672,beta,inDrop1,test
human2_lib3.final_cell_0149,delta,inDrop2,train
human2_lib3.final_cell_0272,beta,inDrop2,train
human2_lib1.final_cell_0178,alpha,inDrop2,train
human3_lib2.final_cell_0020,acinar,inDrop3,test
HP1504101T2D_E8,gamma,smartseq2,train
human3_lib2.final_cell_0875,alpha,inDrop3,train
human4_lib3.final_cell_0204,ductal,inDrop4,train
D101_21,endothelial,celseq,train
human3_lib2.final_cell_0197,alpha,inDrop3,test
human3_lib1.final_cell_0609,alpha,inDrop3,test
HP1526901T2D_M3,gamma,smartseq2,train
human1_lib2.final_cell_0157,activated_stellate,inDrop1,train
D28-4_76,alpha,celseq2,train
human3_lib3.final_cell_0275,beta,inDrop3,train
HP1525301T2D_B6,activated_stellate,smartseq2,train
Sample_185,beta,smarter,train
Sample_750,beta,smarter,train
human3_lib4.final_cell_0858,beta,inDrop3,validation
13th_C36_S196,schwann,fluidigmc1,train
D31-6_1,activated_stellate,celseq2,validation
human1_lib1.final_cell_0044,activated_stellate,inDrop1,validation
human2_lib3.final_cell_0503,alpha,inDrop2,train
D29-5_5,alpha,celseq2,train
human4_lib3.final_cell_0195,alpha,inDrop4,train
human4_lib1.final_cell_0589,beta,inDrop4,train
HP1526901T2D_C10,beta,smartseq2,train
human2_lib2.final_cell_0265,beta,inDrop2,validation
human3_lib4.final_cell_0189,alpha,inDrop3,train
D31-2_67,alpha,celseq2,train
human3_lib1.final_cell_0552,alpha,inDrop3,train
D29-1_79,beta,celseq2,train
human2_lib2.final_cell_0298,gamma,inDrop2,train
HP1508501T2D_B3,alpha,smartseq2,train
human1_lib3.final_cell_0137,beta,inDrop1,train
human3_lib1.final_cell_0281,alpha,inDrop3,validation
human4_lib3.final_cell_0534,beta,inDrop4,train
human4_lib1.final_cell_0466,ductal,inDrop4,train
D28-6_89,acinar,celseq2,test
human2_lib2.final_cell_0169,ductal,inDrop2,train
HP1508501T2D_E4,acinar,smartseq2,validation
D31-4_53,alpha,celseq2,train
HP1526901T2D_M2,beta,smartseq2,train
human4_lib3.final_cell_0614,alpha,inDrop4,train
HP1508501T2D_H18,gamma,smartseq2,test
D17All1_58,alpha,celseq,train
human2_lib1.final_cell_0309,ductal,inDrop2,train
human2_lib3.final_cell_0141,beta,inDrop2,validation
human1_lib2.final_cell_0024,ductal,inDrop1,train
D29-5_44,alpha,celseq2,train
Sample_248,alpha,smarter,test
human3_lib4.final_cell_0699,alpha,inDrop3,train
human1_lib2.final_cell_0082,beta,inDrop1,train
human2_lib3.final_cell_0539,alpha,inDrop2,train
human4_lib3.final_cell_0310,beta,inDrop4,test
human3_lib4.final_cell_0725,alpha,inDrop3,train
human3_lib4.final_cell_0034,acinar,inDrop3,train
human4_lib3.final_cell_0092,beta,inDrop4,train
D28-5_41,alpha,celseq2,train
human1_lib3.final_cell_0219,beta,inDrop1,train
HP1502401_G18,acinar,smartseq2,train
D31-4_80,alpha,celseq2,train
Sample_362,alpha,smarter,validation
human3_lib4.final_cell_0733,alpha,inDrop3,test
human4_lib3.final_cell_0668,beta,inDrop4,train
human1_lib3.final_cell_0288,activated_stellate,inDrop1,train
D30-3_70,alpha,celseq2,validation
human1_lib1.final_cell_0197,gamma,inDrop1,train
D17All2_29,ductal,celseq,train
Sample_100,beta,smarter,test
human3_lib3.final_cell_0319,alpha,inDrop3,validation
D30-5_56,beta,celseq2,validation
human2_lib3.final_cell_0217,ductal,inDrop2,test
human4_lib1.final_cell_0508,alpha,inDrop4,train
D31-1_63,beta,celseq2,train
D31-3_81,ductal,celseq2,test
human1_lib2.final_cell_0522,beta,inDrop1,train
11th-C37_S6,alpha,fluidigmc1,train
Sample_1314,alpha,smarter,train
human3_lib2.final_cell_0617,alpha,inDrop3,train
HP1526901T2D_D3,ductal,smartseq2,validation
D28-5_87,alpha,celseq2,train
Sample_1173,alpha,smarter,train
D30-3_7,alpha,celseq2,train
human3_lib2.final_cell_0804,beta,inDrop3,train
D31-1_47,beta,celseq2,train
human1_lib2.final_cell_0617,quiescent_stellate,inDrop1,train
human2_lib1.final_cell_0213,ductal,inDrop2,test
human3_lib2.final_cell_0422,beta,inDrop3,train
Sample_590,delta,smarter,train
Sample_404,alpha,smarter,train
human1_lib3.final_cell_0294,alpha,inDrop1,validation
human3_lib3.final_cell_0269,beta,inDrop3,train
human1_lib1.final_cell_0075,beta,inDrop1,test
D74_29,alpha,celseq,validation
human1_lib3.final_cell_0643,beta,inDrop1,train
HP1509101_L6,alpha,smartseq2,train
HP1507101_J12,activated_stellate,smartseq2,train
human3_lib4.final_cell_0719,ductal,inDrop3,train
HP1502401_L12,alpha,smartseq2,test
D31-8_8,beta,celseq2,train
human3_lib4.final_cell_0712,alpha,inDrop3,train
human3_lib4.final_cell_0802,ductal,inDrop3,train
human1_lib1.final_cell_0327,alpha,inDrop1,test
human1_lib1.final_cell_0271,delta,inDrop1,test
human2_lib2.final_cell_0406,alpha,inDrop2,train
human3_lib2.final_cell_0551,alpha,inDrop3,validation
D31-7_42,ductal,celseq2,train
human3_lib4.final_cell_0540,ductal,inDrop3,train
human3_lib3.final_cell_0774,endothelial,inDrop3,validation
HP1502401_N19,alpha,smartseq2,test
Sample_1065,alpha,smarter,train
D29-6_41,alpha,celseq2,test
D31-5_60,acinar,celseq2,validation
human3_lib1.final_cell_0345,delta,inDrop3,validation
human2_lib2.final_cell_0289,alpha,inDrop2,test
12th-C67_S205,beta,fluidigmc1,train
human4_lib3.final_cell_0271,delta,inDrop4,test
D28-3_92,alpha,celseq2,validation
human3_lib3.final_cell_0725,acinar,inDrop3,train
Sample_134,beta,smarter,train
Sample_655,beta,smarter,train
HP1502401_M8,acinar,smartseq2,test
D28-1_64,mast,celseq2,train
AZ_A2,gamma,smartseq2,train
human4_lib1.final_cell_0328,gamma,inDrop4,train
HP1526901T2D_M13,epsilon,smartseq2,validation
human4_lib1.final_cell_0421,alpha,inDrop4,validation
HP1504101T2D_G8,gamma,smartseq2,train
human3_lib2.final_cell_0615,delta,inDrop3,train
human4_lib3.final_cell_0199,beta,inDrop4,validation
human3_lib1.final_cell_0160,ductal,inDrop3,train
human2_lib3.final_cell_0316,alpha,inDrop2,test
human3_lib3.final_cell_0438,endothelial,inDrop3,validation
human3_lib3.final_cell_0191,acinar,inDrop3,test
human3_lib2.final_cell_0711,alpha,inDrop3,train
human3_lib1.final_cell_0067,acinar,inDrop3,train
Sample_1434,alpha,smarter,train
HP1526901T2D_A21,ductal,smartseq2,train
D3en4_26,acinar,celseq,test
human1_lib1.final_cell_0435,alpha,inDrop1,test
human2_lib2.final_cell_0267,alpha,inDrop2,train
HP1506401_P4,ductal,smartseq2,test
human1_lib3.final_cell_0268,beta,inDrop1,train
D28-2_28,alpha,celseq2,train
HP1507101_H6,alpha,smartseq2,train
D31-5_66,alpha,celseq2,train
human1_lib3.final_cell_0383,beta,inDrop1,train
human3_lib2.final_cell_0052,acinar,inDrop3,validation
Sample_518,alpha,smarter,train
human1_lib3.final_cell_0522,beta,inDrop1,train
D29-7_54,delta,celseq2,train
D31-5_18,delta,celseq2,validation
human3_lib3.final_cell_0860,endothelial,inDrop3,train
human3_lib1.final_cell_0017,acinar,inDrop3,test
D28-1_88,alpha,celseq2,validation
AZ_G1,alpha,smartseq2,test
D17All1_87,beta,celseq,train
3rd-C91_S91,alpha,fluidigmc1,test
human3_lib4.final_cell_0787,beta,inDrop3,train
D31-7_53,beta,celseq2,validation
human3_lib4.final_cell_0619,ductal,inDrop3,train
human3_lib2.final_cell_0455,alpha,inDrop3,train
HP1509101_G15,alpha,smartseq2,train
HP1502401_E7,gamma,smartseq2,train
human4_lib3.final_cell_0256,alpha,inDrop4,train
human3_lib2.final_cell_0697,activated_stellate,inDrop3,test
HP1502401_C8,delta,smartseq2,train
human1_lib2.final_cell_0309,activated_stellate,inDrop1,test
human2_lib3.final_cell_0218,alpha,inDrop2,train
human3_lib1.final_cell_0887,beta,inDrop3,train
human3_lib1.final_cell_0192,delta,inDrop3,train
human3_lib4.final_cell_0277,acinar,inDrop3,train
human3_lib3.final_cell_0665,delta,inDrop3,train
human2_lib1.final_cell_0252,beta,inDrop2,train
HP1506401_J18,alpha,smartseq2,train
D29-7_72,alpha,celseq2,train
D3en4_63,ductal,celseq,train
human3_lib4.final_cell_0269,acinar,inDrop3,validation
human1_lib3.final_cell_0622,delta,inDrop1,test
human4_lib3.final_cell_0633,beta,inDrop4,train
human3_lib1.final_cell_0102,alpha,inDrop3,test
human3_lib3.final_cell_0729,alpha,inDrop3,train
human2_lib1.final_cell_0108,alpha,inDrop2,train
human2_lib2.final_cell_0133,beta,inDrop2,test
D3en4_33,delta,celseq,train
human3_lib2.final_cell_0212,alpha,inDrop3,train
D1713_4,ductal,celseq,train
D31-3_37,ductal,celseq2,train
human1_lib3.final_cell_0250,beta,inDrop1,train
human3_lib1.final_cell_0758,beta,inDrop3,test
human3_lib4.final_cell_0819,quiescent_stellate,inDrop3,train
HP1506401_D17,ductal,smartseq2,train
human1_lib3.final_cell_0365,alpha,inDrop1,train
human1_lib2.final_cell_0541,beta,inDrop1,train
HP1504901_L17,beta,smartseq2,train
HP1504901_F4,alpha,smartseq2,train
human4_lib1.final_cell_0439,ductal,inDrop4,validation
human3_lib3.final_cell_0835,endothelial,inDrop3,train
human1_lib2.final_cell_0473,delta,inDrop1,validation
HP1506401_P12,beta,smartseq2,train
human3_lib3.final_cell_0126,acinar,inDrop3,train
Sample_1008,alpha,smarter,train
D3en2_74,acinar,celseq,train
human3_lib3.final_cell_0555,beta,inDrop3,validation
D30-2_7,beta,celseq2,train
human1_lib3.final_cell_0446,beta,inDrop1,test
human4_lib3.final_cell_0302,beta,inDrop4,test
human1_lib2.final_cell_0590,endothelial,inDrop1,train
human3_lib3.final_cell_0627,alpha,inDrop3,train
human1_lib2.final_cell_0506,beta,inDrop1,train
human2_lib1.final_cell_0085,alpha,inDrop2,test
human1_lib2.final_cell_0032,gamma,inDrop1,test
D30-2_88,alpha,celseq2,test
human1_lib3.final_cell_0457,epsilon,inDrop1,train
HP1502401_O24,alpha,smartseq2,train
HP1506401_I12,beta,smartseq2,train
human3_lib3.final_cell_0723,acinar,inDrop3,train
human3_lib1.final_cell_0786,endothelial,inDrop3,train
human3_lib2.final_cell_0103,delta,inDrop3,train
human2_lib1.final_cell_0343,alpha,inDrop2,validation
HP1506401_N21,acinar,smartseq2,validation
human3_lib3.final_cell_0518,activated_stellate,inDrop3,validation
D17All1_52,acinar,celseq,train
human2_lib3.final_cell_0047,delta,inDrop2,train
HP1507101_B1,alpha,smartseq2,train
2nd-C77_S59,alpha,fluidigmc1,train
human2_lib3.final_cell_0180,alpha,inDrop2,train
human3_lib2.final_cell_0133,alpha,inDrop3,train
D29-4_46,alpha,celseq2,train
D17All2_27,alpha,celseq,train
D29-7_23,gamma,celseq2,validation
human2_lib1.final_cell_0503,alpha,inDrop2,train
human3_lib1.final_cell_0188,delta,inDrop3,train
human3_lib1.final_cell_0009,acinar,inDrop3,train
8th-C7_S95,alpha,fluidigmc1,train
D74_61,beta,celseq,train
D2ex_56,ductal,celseq,train
human2_lib2.final_cell_0032,ductal,inDrop2,validation
human1_lib3.final_cell_0287,beta,inDrop1,train
human1_lib3.final_cell_0117,beta,inDrop1,train
D74_64,delta,celseq,train
Sample_1479,alpha,smarter,train
D17All2_14,gamma,celseq,validation
D74_51,beta,celseq,train
Sample_1510,alpha,smarter,train
9th-C74_S48,alpha,fluidigmc1,train
HP1508501T2D_G5,beta,smartseq2,train
Sample_1280,alpha,smarter,test
human3_lib1.final_cell_0360,acinar,inDrop3,train
D17All2_83,activated_stellate,celseq,train
human1_lib2.final_cell_0564,beta,inDrop1,validation
human3_lib1.final_cell_0256,alpha,inDrop3,train
HP1502401_M10,alpha,smartseq2,train
13th_C23_S187,endothelial,fluidigmc1,train
human4_lib3.final_cell_0222,ductal,inDrop4,train
human2_lib1.final_cell_0506,alpha,inDrop2,train
D29-6_63,delta,celseq2,train
human2_lib3.final_cell_0161,delta,inDrop2,train
HP1509101_M14,ductal,smartseq2,train
HP1525301T2D_H3,ductal,smartseq2,test
Sample_386,alpha,smarter,train
human2_lib3.final_cell_0444,alpha,inDrop2,train
human3_lib2.final_cell_0301,alpha,inDrop3,validation
human2_lib1.final_cell_0245,alpha,inDrop2,train
D30-7_45,alpha,celseq2,train
D17All2_15,alpha,celseq,validation
human3_lib3.final_cell_0299,ductal,inDrop3,train
human1_lib1.final_cell_0500,activated_stellate,inDrop1,train
D29-5_89,ductal,celseq2,validation
human3_lib3.final_cell_0159,delta,inDrop3,train
human2_lib2.final_cell_0247,ductal,inDrop2,train
4th-C28_S55,beta,fluidigmc1,test
HP1526901T2D_H10,beta,smartseq2,train
D30-3_44,alpha,celseq2,test
D31-3_62,delta,celseq2,test
human2_lib2.final_cell_0589,beta,inDrop2,train
D30-1_54,alpha,celseq2,test
HP1507101_O17,alpha,smartseq2,test
human1_lib3.final_cell_0498,alpha,inDrop1,train
human1_lib1.final_cell_0210,beta,inDrop1,validation
human1_lib3.final_cell_0083,alpha,inDrop1,train
human3_lib4.final_cell_0739,beta,inDrop3,train
D3ex_74,acinar,celseq,train
human3_lib1.final_cell_0484,acinar,inDrop3,train
HP1526901T2D_D4,ductal,smartseq2,train
human3_lib3.final_cell_0593,acinar,inDrop3,validation
Sample_597,delta,smarter,train
human2_lib2.final_cell_0031,beta,inDrop2,train
human1_lib3.final_cell_0023,delta,inDrop1,validation
human1_lib3.final_cell_0557,beta,inDrop1,train
human3_lib4.final_cell_0602,alpha,inDrop3,validation
human3_lib2.final_cell_0387,delta,inDrop3,train
human2_lib2.final_cell_0184,delta,inDrop2,train
human4_lib1.final_cell_0576,beta,inDrop4,train
human3_lib4.final_cell_0628,alpha,inDrop3,train
4th-C83_S71,alpha,fluidigmc1,train
D28-7_68,activated_stellate,celseq2,train
human3_lib3.final_cell_0694,ductal,inDrop3,train
D17All1_19,beta,celseq,train
HP1508501T2D_A23,acinar,smartseq2,train
human3_lib4.final_cell_0579,alpha,inDrop3,train
human3_lib2.final_cell_0498,alpha,inDrop3,validation
D17All1_56,ductal,celseq,train
human3_lib3.final_cell_0867,alpha,inDrop3,train
D31-2_72,beta,celseq2,train
human2_lib1.final_cell_0095,delta,inDrop2,validation
AZ_C2,alpha,smartseq2,train
HP1507101_M8,beta,smartseq2,train
human3_lib1.final_cell_0526,acinar,inDrop3,validation
Sample_537,alpha,smarter,train
human3_lib3.final_cell_0249,beta,inDrop3,train
human2_lib3.final_cell_0154,alpha,inDrop2,train
human2_lib1.final_cell_0452,gamma,inDrop2,train
human2_lib3.final_cell_0350,delta,inDrop2,train
human1_lib2.final_cell_0352,beta,inDrop1,train
D29-2_6,alpha,celseq2,train
D29-2_4,delta,celseq2,test
human1_lib3.final_cell_0616,alpha,inDrop1,train
human4_lib1.final_cell_0395,gamma,inDrop4,validation
human3_lib4.final_cell_0589,delta,inDrop3,validation
human2_lib3.final_cell_0017,ductal,inDrop2,train
human1_lib3.final_cell_0368,beta,inDrop1,train
human4_lib3.final_cell_0673,beta,inDrop4,train
HP1508501T2D_K9,alpha,smartseq2,train
human3_lib3.final_cell_0353,alpha,inDrop3,validation
human1_lib2.final_cell_0518,beta,inDrop1,train
D31-3_69,acinar,celseq2,test
human3_lib2.final_cell_0637,ductal,inDrop3,train
Sample_89,beta,smarter,train
human4_lib1.final_cell_0096,macrophage,inDrop4,train
D28-2_4,acinar,celseq2,train
D31-2_6,acinar,celseq2,train
human1_lib3.final_cell_0108,beta,inDrop1,train
HP1502401_D6,beta,smartseq2,train
human3_lib4.final_cell_0356,acinar,inDrop3,train
human3_lib3.final_cell_0428,beta,inDrop3,test
human1_lib1.final_cell_0467,delta,inDrop1,train
HP1525301T2D_B4,alpha,smartseq2,train
10th_C46_S94,endothelial,fluidigmc1,test
D71_45,ductal,celseq,validation
human3_lib2.final_cell_0118,acinar,inDrop3,test
human3_lib2.final_cell_0594,beta,inDrop3,train
human3_lib4.final_cell_0459,acinar,inDrop3,train
human3_lib2.final_cell_0406,ductal,inDrop3,train
Sample_344,alpha,smarter,train
human1_lib1.final_cell_0332,alpha,inDrop1,train
Sample_8,beta,smarter,train
HP1507101_J20,beta,smartseq2,validation
human3_lib4.final_cell_0255,activated_stellate,inDrop3,train
D29-4_56,alpha,celseq2,train
Sample_481,alpha,smarter,train
human4_lib1.final_cell_0196,gamma,inDrop4,train
human3_lib3.final_cell_0489,beta,inDrop3,train
HP1525301T2D_L23,ductal,smartseq2,validation
HP1507101_P6,alpha,smartseq2,train
human1_lib1.final_cell_0562,endothelial,inDrop1,train
HP1526901T2D_E15,activated_stellate,smartseq2,train
HP1525301T2D_A17,ductal,smartseq2,validation
human3_lib2.final_cell_0349,alpha,inDrop3,train
human4_lib3.final_cell_0493,beta,inDrop4,train
Sample_1278,alpha,smarter,train
human2_lib3.final_cell_0039,delta,inDrop2,validation
Sample_1099,alpha,smarter,validation
D74_62,acinar,celseq,train
D29-2_93,alpha,celseq2,validation
Sample_147,beta,smarter,test
human4_lib1.final_cell_0167,beta,inDrop4,train
D29-3_39,beta,celseq2,train
human3_lib3.final_cell_0681,gamma,inDrop3,train
3rd-C69_S78,alpha,fluidigmc1,train
D17All1_43,alpha,celseq,train
HP1507101_G13,alpha,smartseq2,train
human3_lib1.final_cell_0708,alpha,inDrop3,validation
12th-C50_S210,alpha,fluidigmc1,train
human3_lib1.final_cell_0467,alpha,inDrop3,train
human3_lib3.final_cell_0145,acinar,inDrop3,train
Sample_1002,alpha,smarter,validation
human3_lib4.final_cell_0485,alpha,inDrop3,train
human1_lib1.final_cell_0260,beta,inDrop1,train
HP1508501T2D_C8,delta,smartseq2,train
human1_lib3.final_cell_0703,beta,inDrop1,train
Sample_1341,alpha,smarter,validation
D29-7_64,alpha,celseq2,train
human3_lib2.final_cell_0451,alpha,inDrop3,test
human4_lib1.final_cell_0565,beta,inDrop4,train
D31-3_16,delta,celseq2,validation
D29-7_71,epsilon,celseq2,validation
human3_lib1.final_cell_0597,alpha,inDrop3,train
human1_lib3.final_cell_0170,alpha,inDrop1,validation
HP1506401_M14,delta,smartseq2,train
human3_lib2.final_cell_0474,acinar,inDrop3,train
human4_lib3.final_cell_0498,alpha,inDrop4,train
Sample_698,beta,smarter,train
human2_lib3.final_cell_0125,ductal,inDrop2,validation
HP1504901_J4,delta,smartseq2,validation
human1_lib3.final_cell_0124,beta,inDrop1,train
HP1504901_P7,ductal,smartseq2,train
HP1507101_H3,alpha,smartseq2,train
human3_lib4.final_cell_0355,acinar,inDrop3,train
Sample_906,beta,smarter,test
HP1525301T2D_D22,ductal,smartseq2,train
human3_lib2.final_cell_0837,alpha,inDrop3,train
human1_lib1.final_cell_0370,delta,inDrop1,train
human3_lib2.final_cell_0036,acinar,inDrop3,train
Sample_551,alpha,smarter,validation
human1_lib2.final_cell_0546,beta,inDrop1,train
human2_lib1.final_cell_0234,activated_stellate,inDrop2,train
human2_lib1.final_cell_0197,endothelial,inDrop2,train
human4_lib1.final_cell_0470,gamma,inDrop4,train
human3_lib4.final_cell_0693,ductal,inDrop3,test
human3_lib3.final_cell_0907,delta,inDrop3,test
human3_lib4.final_cell_0352,ductal,inDrop3,train
D30-6_10,activated_stellate,celseq2,validation
human3_lib2.final_cell_0291,acinar,inDrop3,train
HP1507101_B12,alpha,smartseq2,test
D30-6_12,ductal,celseq2,train
human3_lib4.final_cell_0332,ductal,inDrop3,validation
HP1508501T2D_F14,macrophage,smartseq2,train
Sample_439,alpha,smarter,train
D17All2_21,beta,celseq,test
Sample_430,alpha,smarter,train
human3_lib3.final_cell_0124,beta,inDrop3,train
HP1504901_F24,alpha,smartseq2,validation
human3_lib1.final_cell_0768,gamma,inDrop3,train
HP1509101_F18,acinar,smartseq2,train
6th-C42_S75,beta,fluidigmc1,test
human3_lib3.final_cell_0254,beta,inDrop3,train
human2_lib1.final_cell_0180,alpha,inDrop2,validation
human3_lib2.final_cell_0612,alpha,inDrop3,train
human1_lib1.final_cell_0522,beta,inDrop1,train
D30-5_35,delta,celseq2,test
HP1502401_I14,acinar,smartseq2,test
human3_lib2.final_cell_0569,acinar,inDrop3,train
human2_lib2.final_cell_0279,ductal,inDrop2,train
human1_lib3.final_cell_0231,acinar,inDrop1,train
D30-6_93,activated_stellate,celseq2,test
human2_lib1.final_cell_0146,alpha,inDrop2,train
HP1507101_C18,alpha,smartseq2,train
D29-4_77,alpha,celseq2,test
Sample_1469,alpha,smarter,train
Sample_387,alpha,smarter,train
human3_lib1.final_cell_0080,acinar,inDrop3,test
human1_lib2.final_cell_0572,ductal,inDrop1,train
HP1502401_O7,beta,smartseq2,train
human2_lib3.final_cell_0293,beta,inDrop2,test
human3_lib1.final_cell_0674,alpha,inDrop3,train
human3_lib4.final_cell_0230,delta,inDrop3,train
human1_lib1.final_cell_0487,beta,inDrop1,train
human3_lib4.final_cell_0765,alpha,inDrop3,train
human2_lib1.final_cell_0049,ductal,inDrop2,validation
12th-C15_S183,beta,fluidigmc1,train
HP1507101_D21,alpha,smartseq2,train
D30-5_70,alpha,celseq2,train
human3_lib3.final_cell_0576,ductal,inDrop3,train
human3_lib1.final_cell_0655,acinar,inDrop3,train
human1_lib1.final_cell_0319,endothelial,inDrop1,train
human3_lib3.final_cell_0608,activated_stellate,inDrop3,train
human3_lib4.final_cell_0668,alpha,inDrop3,test
D29-5_6,gamma,celseq2,test
Sample_600,delta,smarter,test
human2_lib3.final_cell_0563,ductal,inDrop2,train
Sample_1508,alpha,smarter,test
human1_lib1.final_cell_0280,alpha,inDrop1,train
human4_lib1.final_cell_0340,beta,inDrop4,train
HP1502401_D20,alpha,smartseq2,train
10th_C64_S112,beta,fluidigmc1,train
D29-4_72,alpha,celseq2,train
human1_lib3.final_cell_0597,mast,inDrop1,train
HP1504901_N18,ductal,smartseq2,validation
human3_lib2.final_cell_0370,activated_stellate,inDrop3,train
D30-8_67,alpha,celseq2,train
human1_lib3.final_cell_0252,ductal,inDrop1,train
HP1507101_J5,alpha,smartseq2,train
human2_lib2.final_cell_0156,alpha,inDrop2,validation
human1_lib2.final_cell_0586,quiescent_stellate,inDrop1,train
human3_lib3.final_cell_0146,endothelial,inDrop3,train
human1_lib2.final_cell_0566,endothelial,inDrop1,validation
HP1504101T2D_K19,acinar,smartseq2,train
human3_lib4.final_cell_0081,acinar,inDrop3,test
human1_lib1.final_cell_0340,beta,inDrop1,test
human1_lib2.final_cell_0605,beta,inDrop1,validation
D30-3_82,delta,celseq2,validation
human3_lib4.final_cell_0426,ductal,inDrop3,train
human1_lib1.final_cell_0323,epsilon,inDrop1,train
human1_lib1.final_cell_0425,beta,inDrop1,train
D29-5_66,delta,celseq2,validation
human1_lib2.final_cell_0090,beta,inDrop1,test
human1_lib3.final_cell_0656,quiescent_stellate,inDrop1,test
human1_lib1.final_cell_0549,beta,inDrop1,train
human4_lib1.final_cell_0526,ductal,inDrop4,train
human2_lib3.final_cell_0301,beta,inDrop2,train
human4_lib3.final_cell_0206,activated_stellate,inDrop4,train
D30-3_60,alpha,celseq2,train
human3_lib3.final_cell_0525,acinar,inDrop3,train
D30-4_27,ductal,celseq2,train
human3_lib2.final_cell_0195,alpha,inDrop3,train
Sample_485,alpha,smarter,train
human3_lib4.final_cell_0398,alpha,inDrop3,train
human1_lib2.final_cell_0014,delta,inDrop1,train
D31-5_93,alpha,celseq2,train
human3_lib3.final_cell_0527,beta,inDrop3,train
human4_lib1.final_cell_0462,ductal,inDrop4,test
human3_lib3.final_cell_0745,acinar,inDrop3,train
human3_lib4.final_cell_0496,alpha,inDrop3,train
human3_lib2.final_cell_0300,acinar,inDrop3,train
human4_lib3.final_cell_0052,beta,inDrop4,validation
12th-C36_S158,activated_stellate,fluidigmc1,train
human3_lib4.final_cell_0785,gamma,inDrop3,train
human1_lib3.final_cell_0099,beta,inDrop1,train
D31-6_49,beta,celseq2,validation
human1_lib2.final_cell_0424,endothelial,inDrop1,train
human3_lib1.final_cell_0026,acinar,inDrop3,train
HP1507101_M6,alpha,smartseq2,train
human3_lib2.final_cell_0798,mast,inDrop3,train
HP1502401_I16,alpha,smartseq2,test
HP1508501T2D_L21,ductal,smartseq2,train
D28-6_29,alpha,celseq2,train
D74_58,ductal,celseq,validation
human3_lib1.final_cell_0071,endothelial,inDrop3,train
D172444_36,alpha,celseq,validation
human2_lib2.final_cell_0451,alpha,inDrop2,train
human3_lib4.final_cell_0774,ductal,inDrop3,validation
Sample_149,beta,smarter,train
human3_lib4.final_cell_0395,alpha,inDrop3,train
D30-6_82,alpha,celseq2,train
human1_lib2.final_cell_0044,delta,inDrop1,train
HP1509101_K22,alpha,smartseq2,validation
human3_lib3.final_cell_0793,beta,inDrop3,test
HP1504101T2D_N8,alpha,smartseq2,validation
human4_lib1.final_cell_0289,alpha,inDrop4,train
human1_lib3.final_cell_0040,delta,inDrop1,test
human1_lib1.final_cell_0040,delta,inDrop1,validation
D71_80,ductal,celseq,train
Sample_1559,gamma,smarter,train
8th-C65_S113,beta,fluidigmc1,test
13th_C39_S153,beta,fluidigmc1,test
Sample_804,beta,smarter,train
human2_lib2.final_cell_0165,delta,inDrop2,train
Sample_758,beta,smarter,test
D30-3_22,delta,celseq2,train
human2_lib2.final_cell_0598,alpha,inDrop2,train
human2_lib1.final_cell_0025,ductal,inDrop2,validation
D31-2_47,beta,celseq2,train
D31-6_11,acinar,celseq2,validation
HP1504101T2D_O16,alpha,smartseq2,train
HP1502401_C20,delta,smartseq2,test
Sample_1363,alpha,smarter,train
D31-1_80,gamma,celseq2,train
human2_lib1.final_cell_0521,alpha,inDrop2,train
HP1504901_I8,alpha,smartseq2,train
D28-6_63,acinar,celseq2,train
human2_lib3.final_cell_0505,ductal,inDrop2,validation
human3_lib3.final_cell_0747,ductal,inDrop3,validation
6th-C20_S34,beta,fluidigmc1,train
human3_lib3.final_cell_0070,acinar,inDrop3,train
HP1507101_D19,gamma,smartseq2,train
Sample_526,alpha,smarter,train
D30-3_17,ductal,celseq2,train
HP1508501T2D_J2,activated_stellate,smartseq2,train
human3_lib1.final_cell_0436,endothelial,inDrop3,train
HP1526901T2D_N3,beta,smartseq2,validation
human4_lib1.final_cell_0588,alpha,inDrop4,train
D28-1_91,ductal,celseq2,train
human3_lib1.final_cell_0639,activated_stellate,inDrop3,train
human2_lib3.final_cell_0086,ductal,inDrop2,train
HP1506401_I3,ductal,smartseq2,train
Sample_1511,alpha,smarter,train
human4_lib1.final_cell_0306,alpha,inDrop4,train
human4_lib3.final_cell_0279,alpha,inDrop4,train
D3en4_68,acinar,celseq,train
D31-8_42,beta,celseq2,train
human4_lib1.final_cell_0387,delta,inDrop4,test
human3_lib3.final_cell_0176,acinar,inDrop3,validation
6th-C57_S17,beta,fluidigmc1,train
human2_lib1.final_cell_0251,ductal,inDrop2,train
human2_lib1.final_cell_0300,alpha,inDrop2,train
Sample_970,alpha,smarter,validation
D17All2_40,alpha,celseq,train
human1_lib1.final_cell_0325,quiescent_stellate,inDrop1,train
human1_lib2.final_cell_0124,acinar,inDrop1,test
Sample_365,alpha,smarter,train
human2_lib1.final_cell_0483,beta,inDrop2,train
human4_lib3.final_cell_0528,alpha,inDrop4,train
human1_lib1.final_cell_0556,beta,inDrop1,train
human1_lib1.final_cell_0157,beta,inDrop1,train
D30-1_75,alpha,celseq2,test
HP1502401_L5,ductal,smartseq2,test
human3_lib3.final_cell_0391,beta,inDrop3,train
human3_lib2.final_cell_0357,alpha,inDrop3,train
human4_lib1.final_cell_0269,beta,inDrop4,train
HP1506401_K17,ductal,smartseq2,train
human2_lib1.final_cell_0166,alpha,inDrop2,validation
6th-C84_S64,beta,fluidigmc1,train
Sample_589,delta,smarter,train
HP1525301T2D_B1,alpha,smartseq2,train
human1_lib2.final_cell_0308,alpha,inDrop1,train
human3_lib2.final_cell_0583,alpha,inDrop3,test
HP1504101T2D_H21,alpha,smartseq2,train
D31-1_56,beta,celseq2,train
human3_lib1.final_cell_0636,ductal,inDrop3,test
human4_lib1.final_cell_0461,beta,inDrop4,test
human3_lib3.final_cell_0400,alpha,inDrop3,train
D30-2_11,acinar,celseq2,validation
human2_lib3.final_cell_0155,activated_stellate,inDrop2,validation
human3_lib2.final_cell_0011,acinar,inDrop3,train
D17TGFB_79,ductal,celseq,validation
human1_lib1.final_cell_0091,beta,inDrop1,train
HP1502401_M19,alpha,smartseq2,train
D2ex_15,acinar,celseq,train
human1_lib1.final_cell_0329,beta,inDrop1,validation
human3_lib3.final_cell_0021,acinar,inDrop3,test
D28-2_41,activated_stellate,celseq2,train
human4_lib1.final_cell_0180,delta,inDrop4,train
1st-C51_S41,alpha,fluidigmc1,train
HP1504101T2D_E18,gamma,smartseq2,train
human3_lib3.final_cell_0675,beta,inDrop3,train
HP1506401_K15,acinar,smartseq2,train
human3_lib4.final_cell_0402,gamma,inDrop3,train
D29-3_5,beta,celseq2,train
human3_lib4.final_cell_0635,beta,inDrop3,train
human3_lib2.final_cell_0825,ductal,inDrop3,train
D29-6_58,alpha,celseq2,validation
D28-6_26,delta,celseq2,train
human4_lib3.final_cell_0132,alpha,inDrop4,validation
human1_lib2.final_cell_0239,beta,inDrop1,validation
D28-7_51,acinar,celseq2,test
human3_lib2.final_cell_0576,acinar,inDrop3,train
D31-3_3,alpha,celseq2,test
HP1504101T2D_H1,gamma,smartseq2,train
human3_lib1.final_cell_0151,beta,inDrop3,validation
human3_lib3.final_cell_0617,acinar,inDrop3,train
D29-2_51,alpha,celseq2,train
human1_lib3.final_cell_0658,beta,inDrop1,train
HP1525301T2D_M7,beta,smartseq2,train
Sample_1300,alpha,smarter,train
13th_C8_S140,ductal,fluidigmc1,validation
human4_lib1.final_cell_0238,ductal,inDrop4,train
Sample_506,alpha,smarter,test
Sample_880,beta,smarter,train
human4_lib3.final_cell_0597,beta,inDrop4,train
human4_lib3.final_cell_0137,delta,inDrop4,train
D30-3_38,beta,celseq2,train
human1_lib1.final_cell_0173,acinar,inDrop1,validation
human3_lib3.final_cell_0068,acinar,inDrop3,train
D17TGFB_89,acinar,celseq,test
HP1509101_J23,ductal,smartseq2,train
human2_lib2.final_cell_0162,ductal,inDrop2,train
Sample_1075,alpha,smarter,train
Sample_876,beta,smarter,train
HP1526901T2D_A1,beta,smartseq2,train
HP1506401_E12,gamma,smartseq2,train
human4_lib3.final_cell_0675,beta,inDrop4,train
HP1525301T2D_G15,alpha,smartseq2,train
HP1525301T2D_J20,ductal,smartseq2,train
human2_lib1.final_cell_0334,endothelial,inDrop2,train
human3_lib2.final_cell_0590,alpha,inDrop3,train
human3_lib1.final_cell_0407,alpha,inDrop3,train
D74_34,ductal,celseq,train
HP1509101_G24,alpha,smartseq2,train
human2_lib1.final_cell_0453,delta,inDrop2,train
D3ex_34,ductal,celseq,test
HP1504101T2D_O11,gamma,smartseq2,train
HP1509101_K9,beta,smartseq2,train
human4_lib1.final_cell_0595,ductal,inDrop4,train
human3_lib3.final_cell_0272,acinar,inDrop3,train
D30-4_34,beta,celseq2,train
human2_lib2.final_cell_0358,quiescent_stellate,inDrop2,train
human1_lib2.final_cell_0443,delta,inDrop1,test
D31-6_28,ductal,celseq2,validation
human1_lib1.final_cell_0121,beta,inDrop1,test
human2_lib1.final_cell_0144,alpha,inDrop2,test
Sample_28,beta,smarter,validation
human3_lib1.final_cell_0141,delta,inDrop3,validation
human2_lib3.final_cell_0271,macrophage,inDrop2,train
human4_lib1.final_cell_0398,beta,inDrop4,validation
HP1504101T2D_K23,alpha,smartseq2,train
D31-6_70,endothelial,celseq2,train
human3_lib4.final_cell_0653,ductal,inDrop3,train
human3_lib2.final_cell_0874,beta,inDrop3,train
human2_lib3.final_cell_0425,gamma,inDrop2,test
human4_lib1.final_cell_0011,alpha,inDrop4,test
human1_lib1.final_cell_0032,delta,inDrop1,validation
human1_lib2.final_cell_0517,endothelial,inDrop1,train
D10631_63,ductal,celseq,train
human4_lib1.final_cell_0327,alpha,inDrop4,test
human1_lib2.final_cell_0047,delta,inDrop1,train
HP1506401_G6,beta,smartseq2,train
D30-8_19,alpha,celseq2,train
human3_lib3.final_cell_0780,beta,inDrop3,train
9th-C16_S30,beta,fluidigmc1,train
D30-4_68,alpha,celseq2,train
human3_lib2.final_cell_0361,beta,inDrop3,train
D30-1_31,ductal,celseq2,train
human2_lib2.final_cell_0239,beta,inDrop2,train
HP1504901_L12,gamma,smartseq2,train
human4_lib3.final_cell_0641,alpha,inDrop4,train
human3_lib2.final_cell_0716,activated_stellate,inDrop3,train
human4_lib1.final_cell_0148,ductal,inDrop4,test
human4_lib1.final_cell_0469,ductal,inDrop4,validation
HP1504901_E23,gamma,smartseq2,train
HP1526901T2D_D9,alpha,smartseq2,test
D31-6_86,acinar,celseq2,train
human3_lib3.final_cell_0447,endothelial,inDrop3,validation
Sample_868,beta,smarter,train
D29-7_36,gamma,celseq2,train
human4_lib1.final_cell_0099,ductal,inDrop4,train
HP1504101T2D_K14,delta,smartseq2,train
HP1507101_L21,alpha,smartseq2,validation
12th-C80_S215,alpha,fluidigmc1,train
HP1509101_E4,delta,smartseq2,train
Sample_886,beta,smarter,train
human2_lib3.final_cell_0199,alpha,inDrop2,train
Sample_1422,alpha,smarter,train
HP1506401_P10,acinar,smartseq2,train
human2_lib3.final_cell_0476,alpha,inDrop2,train
D30-7_10,alpha,celseq2,validation
D17TGFB_74,acinar,celseq,validation
human3_lib3.final_cell_0423,alpha,inDrop3,train
Sample_35,beta,smarter,train
human3_lib3.final_cell_0901,quiescent_stellate,inDrop3,train
Sample_1516,alpha,smarter,validation
human1_lib2.final_cell_0354,gamma,inDrop1,train
human2_lib3.final_cell_0283,alpha,inDrop2,train
D31-7_74,delta,celseq2,train
human1_lib2.final_cell_0111,acinar,inDrop1,train
human1_lib3.final_cell_0302,beta,inDrop1,train
human2_lib2.final_cell_0101,alpha,inDrop2,test
D30-2_93,activated_stellate,celseq2,train
human2_lib3.final_cell_0250,delta,inDrop2,train
human4_lib1.final_cell_0355,ductal,inDrop4,train
HP1506401_H22,alpha,smartseq2,train
Sample_1449,alpha,smarter,test
D3en3_72,acinar,celseq,train
human2_lib3.final_cell_0236,alpha,inDrop2,validation
human1_lib2.final_cell_0141,beta,inDrop1,train
human1_lib1.final_cell_0165,beta,inDrop1,test
human3_lib1.final_cell_0016,acinar,inDrop3,train
D30-2_82,delta,celseq2,train
human2_lib3.final_cell_0542,beta,inDrop2,train
human4_lib3.final_cell_0369,alpha,inDrop4,validation
4th-C66_S36,alpha,fluidigmc1,train
D30-1_81,alpha,celseq2,test
human2_lib3.final_cell_0452,alpha,inDrop2,train
HP1507101_F22,alpha,smartseq2,validation
HP1502401_E24,acinar,smartseq2,train
human3_lib3.final_cell_0130,alpha,inDrop3,validation
human3_lib3.final_cell_0847,beta,inDrop3,train
human3_lib1.final_cell_0409,beta,inDrop3,train
human1_lib2.final_cell_0560,beta,inDrop1,train
human4_lib3.final_cell_0554,beta,inDrop4,train
D28-1_1,alpha,celseq2,train
human3_lib3.final_cell_0373,gamma,inDrop3,train
HP1508501T2D_K14,alpha,smartseq2,validation
D73_64,ductal,celseq,train
D28-7_42,ductal,celseq2,test
human2_lib1.final_cell_0447,alpha,inDrop2,validation
HP1525301T2D_E15,ductal,smartseq2,train
human4_lib3.final_cell_0385,activated_stellate,inDrop4,train
D30-2_83,beta,celseq2,train
D3en4_32,acinar,celseq,train
Sample_791,beta,smarter,train
human3_lib1.final_cell_0858,ductal,inDrop3,train
human2_lib2.final_cell_0341,alpha,inDrop2,train
human3_lib4.final_cell_0742,acinar,inDrop3,train
D17TGFB_70,alpha,celseq,validation
human1_lib3.final_cell_0308,beta,inDrop1,validation
human1_lib3.final_cell_0627,endothelial,inDrop1,train
D31-5_55,delta,celseq2,validation
human2_lib1.final_cell_0296,beta,inDrop2,train
HP1509101_G2,beta,smartseq2,train
human4_lib3.final_cell_0548,beta,inDrop4,validation
D30-7_81,activated_stellate,celseq2,train
8th-C28_S131,alpha,fluidigmc1,validation
HP1526901T2D_G22,ductal,smartseq2,train
D30-5_43,alpha,celseq2,validation
human4_lib3.final_cell_0394,gamma,inDrop4,train
human4_lib1.final_cell_0219,beta,inDrop4,test
HP1509101_M8,alpha,smartseq2,train
D30-8_31,alpha,celseq2,test
human2_lib2.final_cell_0523,ductal,inDrop2,train
human1_lib3.final_cell_0445,ductal,inDrop1,train
D29-8_14,alpha,celseq2,validation
HP1508501T2D_G22,gamma,smartseq2,train
human1_lib2.final_cell_0293,endothelial,inDrop1,validation
D1713_34,activated_stellate,celseq,train
human3_lib2.final_cell_0676,beta,inDrop3,train
human4_lib1.final_cell_0531,beta,inDrop4,train
HP1509101_D18,beta,smartseq2,train
Sample_78,beta,smarter,train
Sample_1192,alpha,smarter,train
Sample_1223,alpha,smarter,validation
Sample_1156,alpha,smarter,train
HP1526901T2D_P23,gamma,smartseq2,train
human1_lib2.final_cell_0604,beta,inDrop1,train
human3_lib4.final_cell_0860,beta,inDrop3,train
human3_lib2.final_cell_0099,acinar,inDrop3,train
2nd-C88_S84,beta,fluidigmc1,train
human2_lib2.final_cell_0421,beta,inDrop2,validation
D31-4_4,gamma,celseq2,train
human3_lib4.final_cell_0275,beta,inDrop3,train
Sample_564,alpha,smarter,train
D29-1_2,endothelial,celseq2,validation
human3_lib1.final_cell_0562,ductal,inDrop3,train
HP1526901T2D_G24,ductal,smartseq2,validation
human3_lib1.final_cell_0364,beta,inDrop3,test
human1_lib3.final_cell_0089,beta,inDrop1,train
D10631_50,acinar,celseq,train
2nd-C15_S25,beta,fluidigmc1,test
human2_lib3.final_cell_0549,ductal,inDrop2,train
HP1508501T2D_B9,alpha,smartseq2,validation
human1_lib2.final_cell_0507,gamma,inDrop1,train
HP1504101T2D_K8,gamma,smartseq2,train
human2_lib3.final_cell_0303,beta,inDrop2,train
D29-4_61,alpha,celseq2,train
D172444_50,beta,celseq,train
human4_lib3.final_cell_0612,beta,inDrop4,validation
human4_lib3.final_cell_0109,alpha,inDrop4,validation
D31-5_19,ductal,celseq2,train
human4_lib3.final_cell_0064,macrophage,inDrop4,train
human2_lib1.final_cell_0375,alpha,inDrop2,train
human1_lib2.final_cell_0203,beta,inDrop1,train
human3_lib1.final_cell_0202,beta,inDrop3,train
human3_lib3.final_cell_0607,acinar,inDrop3,test
human3_lib1.final_cell_0556,macrophage,inDrop3,train
D2ex_51,acinar,celseq,train
D28-4_74,ductal,celseq2,train
human2_lib2.final_cell_0139,alpha,inDrop2,test
HP1508501T2D_O14,alpha,smartseq2,train
human3_lib2.final_cell_0299,acinar,inDrop3,train
human3_lib2.final_cell_0487,alpha,inDrop3,train
human3_lib1.final_cell_0240,alpha,inDrop3,train
D30-7_44,beta,celseq2,train
HP1506401_H23,ductal,smartseq2,test
HP1525301T2D_B11,alpha,smartseq2,train
Sample_1067,alpha,smarter,test
HP1504901_I23,delta,smartseq2,train
D30-3_9,beta,celseq2,validation
HP1502401_B20,alpha,smartseq2,train
human2_lib3.final_cell_0518,alpha,inDrop2,train
human2_lib2.final_cell_0440,beta,inDrop2,train
D31-2_57,alpha,celseq2,validation
human1_lib3.final_cell_0081,beta,inDrop1,test
HP1526901T2D_E8,alpha,smartseq2,test
human3_lib3.final_cell_0650,alpha,inDrop3,train
human1_lib1.final_cell_0168,beta,inDrop1,train
human1_lib3.final_cell_0460,alpha,inDrop1,train
HP1504101T2D_I6,acinar,smartseq2,train
human3_lib3.final_cell_0194,acinar,inDrop3,train
human3_lib4.final_cell_0650,alpha,inDrop3,test
HP1506401_O2,ductal,smartseq2,train
human3_lib1.final_cell_0466,alpha,inDrop3,train
Sample_93,beta,smarter,train
human1_lib1.final_cell_0491,beta,inDrop1,validation
D31-3_91,alpha,celseq2,validation
HP1504101T2D_A5,alpha,smartseq2,train
D72_25,activated_stellate,celseq,train
D3en1_73,acinar,celseq,train
D28-1_67,acinar,celseq2,train
D17All1_71,beta,celseq,validation
D28-4_26,gamma,celseq2,train
human2_lib3.final_cell_0365,alpha,inDrop2,train
human3_lib1.final_cell_0442,alpha,inDrop3,train
D31-8_48,beta,celseq2,test
human4_lib3.final_cell_0087,alpha,inDrop4,train
HP1526901T2D_K11,gamma,smartseq2,validation
human4_lib3.final_cell_0276,alpha,inDrop4,train
Sample_1348,alpha,smarter,train
HP1525301T2D_A5,alpha,smartseq2,validation
human1_lib3.final_cell_0159,beta,inDrop1,train
D3en4_91,alpha,celseq,train
human2_lib1.final_cell_0374,alpha,inDrop2,train
Sample_1114,alpha,smarter,validation
human1_lib3.final_cell_0584,epsilon,inDrop1,train
D31-3_31,beta,celseq2,train
D29-2_24,beta,celseq2,train
HP1507101_F17,alpha,smartseq2,train
human3_lib4.final_cell_0146,acinar,inDrop3,train
7th-C69_S39,alpha,fluidigmc1,train
human1_lib3.final_cell_0166,beta,inDrop1,train
HP1506401_M19,acinar,smartseq2,train
human2_lib1.final_cell_0035,delta,inDrop2,train
AZ_E8,alpha,smartseq2,validation
human1_lib1.final_cell_0526,endothelial,inDrop1,train
D30-1_6,delta,celseq2,validation
human1_lib3.final_cell_0235,ductal,inDrop1,validation
D172444_30,alpha,celseq,train
D30-8_76,alpha,celseq2,train
HP1507101_C4,alpha,smartseq2,validation
human1_lib3.final_cell_0222,beta,inDrop1,train
human1_lib3.final_cell_0695,gamma,inDrop1,train
Sample_536,alpha,smarter,train
human1_lib3.final_cell_0286,beta,inDrop1,train
D28-4_85,acinar,celseq2,test
HP1502401_O22,alpha,smartseq2,test
human1_lib3.final_cell_0192,beta,inDrop1,train
Sample_714,beta,smarter,train
D30-6_75,alpha,celseq2,train
HP1507101_P5,alpha,smartseq2,train
D17All1_9,ductal,celseq,train
human1_lib3.final_cell_0684,epsilon,inDrop1,validation
HP1507101_O5,alpha,smartseq2,test
human3_lib2.final_cell_0231,alpha,inDrop3,train
D29-7_35,gamma,celseq2,train
human2_lib2.final_cell_0124,alpha,inDrop2,test
human4_lib1.final_cell_0188,beta,inDrop4,test
D30-8_1,alpha,celseq2,test
HP1506401_J14,acinar,smartseq2,train
human1_lib1.final_cell_0428,mast,inDrop1,train
human1_lib3.final_cell_0685,activated_stellate,inDrop1,train
human4_lib3.final_cell_0584,beta,inDrop4,validation
HP1506401_E21,alpha,smartseq2,validation
human3_lib4.final_cell_0460,alpha,inDrop3,train
human3_lib1.final_cell_0856,beta,inDrop3,train
human1_lib3.final_cell_0172,beta,inDrop1,train
human1_lib2.final_cell_0298,alpha,inDrop1,train
human4_lib1.final_cell_0445,beta,inDrop4,train
human3_lib4.final_cell_0153,alpha,inDrop3,train
human1_lib3.final_cell_0039,beta,inDrop1,validation
human2_lib3.final_cell_0341,ductal,inDrop2,test
human3_lib4.final_cell_0323,beta,inDrop3,train
human1_lib3.final_cell_0313,activated_stellate,inDrop1,train
human3_lib3.final_cell_0016,acinar,inDrop3,train
Sample_1154,alpha,smarter,train
D30-6_22,alpha,celseq2,train
D29-5_30,beta,celseq2,train
human2_lib2.final_cell_0248,beta,inDrop2,train
human4_lib1.final_cell_0456,beta,inDrop4,train
human1_lib2.final_cell_0588,beta,inDrop1,test
HP1525301T2D_N7,alpha,smartseq2,train
human1_lib3.final_cell_0141,delta,inDrop1,test
HP1526901T2D_P11,beta,smartseq2,test
D28-2_39,acinar,celseq2,train
D31-5_88,alpha,celseq2,test
D28-3_15,alpha,celseq2,train
human3_lib4.final_cell_0128,acinar,inDrop3,test
Sample_881,beta,smarter,test
Sample_1266,alpha,smarter,train
human2_lib1.final_cell_0378,quiescent_stellate,inDrop2,train
HP1508501T2D_E7,ductal,smartseq2,train
human3_lib4.final_cell_0533,acinar,inDrop3,test
HP1502401_F18,gamma,smartseq2,train
D30-7_5,alpha,celseq2,train
D31-6_46,delta,celseq2,train
D172444_76,delta,celseq,train
Sample_385,alpha,smarter,validation
D30-8_18,activated_stellate,celseq2,test
human3_lib4.final_cell_0305,alpha,inDrop3,test
D29-8_56,alpha,celseq2,validation
human2_lib3.final_cell_0104,alpha,inDrop2,test
human3_lib1.final_cell_0109,acinar,inDrop3,train
human1_lib3.final_cell_0500,gamma,inDrop1,train
D3en2_24,ductal,celseq,test
human3_lib4.final_cell_0682,alpha,inDrop3,train
D28-1_87,acinar,celseq2,train
D30-6_81,alpha,celseq2,validation
HP1526901T2D_M22,gamma,smartseq2,train
human4_lib3.final_cell_0300,beta,inDrop4,train
human3_lib1.final_cell_0679,alpha,inDrop3,test
human1_lib2.final_cell_0511,alpha,inDrop1,validation
HP1526901T2D_F16,ductal,smartseq2,train
D31-6_71,gamma,celseq2,train
HP1509101_A24,ductal,smartseq2,train
Sample_1518,delta,smarter,validation
Sample_1412,alpha,smarter,train
human3_lib2.final_cell_0106,beta,inDrop3,train
human3_lib4.final_cell_0536,activated_stellate,inDrop3,train
human4_lib3.final_cell_0421,ductal,inDrop4,train
human4_lib1.final_cell_0499,beta,inDrop4,train
HP1504901_I19,activated_stellate,smartseq2,train
9th-C15_S22,alpha,fluidigmc1,train
human1_lib3.final_cell_0402,delta,inDrop1,train
human3_lib4.final_cell_0411,ductal,inDrop3,train
4th-C80_S65,alpha,fluidigmc1,train
Sample_1125,alpha,smarter,train
D30-7_41,alpha,celseq2,train
Sample_1458,alpha,smarter,validation
HP1508501T2D_L9,ductal,smartseq2,train
human1_lib3.final_cell_0572,gamma,inDrop1,train
human1_lib2.final_cell_0362,delta,inDrop1,train
human3_lib1.final_cell_0225,ductal,inDrop3,train
human4_lib1.final_cell_0007,ductal,inDrop4,train
D28-3_29,ductal,celseq2,train
human4_lib3.final_cell_0054,ductal,inDrop4,validation
D172444_79,alpha,celseq,train
human3_lib1.final_cell_0238,acinar,inDrop3,validation
human2_lib3.final_cell_0261,beta,inDrop2,train
D73_46,ductal,celseq,train
D74_2,beta,celseq,train
Sample_164,beta,smarter,test
human1_lib3.final_cell_0311,gamma,inDrop1,train
D17All2_64,ductal,celseq,train
human1_lib3.final_cell_0552,endothelial,inDrop1,train
human3_lib1.final_cell_0264,acinar,inDrop3,train
human4_lib1.final_cell_0214,alpha,inDrop4,train
human3_lib3.final_cell_0913,endothelial,inDrop3,test
Sample_461,alpha,smarter,train
human3_lib3.final_cell_0213,endothelial,inDrop3,validation
Sample_269,alpha,smarter,train
Sample_737,beta,smarter,train
human3_lib4.final_cell_0490,quiescent_stellate,inDrop3,train
human3_lib3.final_cell_0046,acinar,inDrop3,train
human3_lib3.final_cell_0129,acinar,inDrop3,train
D73_9,beta,celseq,train
D31-3_10,beta,celseq2,train
human4_lib1.final_cell_0495,activated_stellate,inDrop4,validation
D28-6_87,beta,celseq2,test
human2_lib2.final_cell_0097,beta,inDrop2,test
human3_lib3.final_cell_0170,acinar,inDrop3,train
HP1526901T2D_I17,acinar,smartseq2,train
human4_lib1.final_cell_0381,beta,inDrop4,train
human3_lib4.final_cell_0565,ductal,inDrop3,validation
D28-5_56,activated_stellate,celseq2,train
human3_lib1.final_cell_0044,acinar,inDrop3,train
HP1502401_J8,alpha,smartseq2,train
human2_lib2.final_cell_0205,ductal,inDrop2,train
Sample_19,beta,smarter,train
human3_lib2.final_cell_0141,ductal,inDrop3,validation
Sample_1215,alpha,smarter,train
human4_lib3.final_cell_0505,beta,inDrop4,train
human3_lib2.final_cell_0453,acinar,inDrop3,test
Sample_1466,alpha,smarter,test
human3_lib4.final_cell_0572,endothelial,inDrop3,train
Sample_912,beta,smarter,train
D29-8_49,beta,celseq2,train
D29-7_55,alpha,celseq2,train
D29-6_19,alpha,celseq2,test
human2_lib2.final_cell_0035,ductal,inDrop2,train
HP1502401_A6,beta,smartseq2,validation
human1_lib2.final_cell_0162,beta,inDrop1,train
human4_lib3.final_cell_0605,beta,inDrop4,validation
human3_lib1.final_cell_0727,alpha,inDrop3,train
human3_lib2.final_cell_0596,gamma,inDrop3,train
D72_53,ductal,celseq,train
human2_lib3.final_cell_0198,ductal,inDrop2,train
human3_lib4.final_cell_0582,alpha,inDrop3,test
human3_lib2.final_cell_0840,alpha,inDrop3,train
human3_lib2.final_cell_0121,gamma,inDrop3,train
human1_lib2.final_cell_0221,beta,inDrop1,validation
Sample_1371,alpha,smarter,validation
D29-2_70,beta,celseq2,train
HP1508501T2D_M10,activated_stellate,smartseq2,test
human1_lib3.final_cell_0441,beta,inDrop1,train
D17All1_53,ductal,celseq,train
Sample_827,beta,smarter,train
human3_lib3.final_cell_0480,alpha,inDrop3,train
HP1507101_C7,beta,smartseq2,train
human3_lib1.final_cell_0660,acinar,inDrop3,test
human2_lib2.final_cell_0191,ductal,inDrop2,train
D31-6_56,alpha,celseq2,test
HP1525301T2D_D11,alpha,smartseq2,train
D31-8_56,activated_stellate,celseq2,train
human1_lib1.final_cell_0137,beta,inDrop1,train
10th_C96_S117,alpha,fluidigmc1,train
D17All2_24,alpha,celseq,train
HP1504101T2D_G24,alpha,smartseq2,validation
human1_lib2.final_cell_0172,beta,inDrop1,train
D29-4_90,delta,celseq2,train
HP1526901T2D_E23,ductal,smartseq2,train
human3_lib2.final_cell_0729,activated_stellate,inDrop3,test
human2_lib1.final_cell_0092,beta,inDrop2,train
D29-7_8,gamma,celseq2,train
human3_lib3.final_cell_0158,alpha,inDrop3,train
human3_lib2.final_cell_0665,beta,inDrop3,train
human2_lib3.final_cell_0184,alpha,inDrop2,train
Sample_866,beta,smarter,train
human3_lib1.final_cell_0569,alpha,inDrop3,train
human3_lib3.final_cell_0433,endothelial,inDrop3,train
human3_lib3.final_cell_0596,endothelial,inDrop3,train
D31-5_94,beta,celseq2,train
HP1525301T2D_D21,activated_stellate,smartseq2,validation
human2_lib1.final_cell_0040,macrophage,inDrop2,train
HP1506401_O12,acinar,smartseq2,validation
human2_lib1.final_cell_0104,delta,inDrop2,train
HP1504901_J13,ductal,smartseq2,train
HP1509101_O24,delta,smartseq2,train
HP1504901_E16,beta,smartseq2,train
HP1502401_G11,gamma,smartseq2,train
human3_lib1.final_cell_0172,acinar,inDrop3,train
D29-5_37,beta,celseq2,train
human3_lib1.final_cell_0180,beta,inDrop3,validation
human3_lib3.final_cell_0253,beta,inDrop3,train
D29-4_65,alpha,celseq2,train
human4_lib3.final_cell_0342,ductal,inDrop4,train
D1713_70,acinar,celseq,test
human1_lib3.final_cell_0340,gamma,inDrop1,train
D30-2_45,acinar,celseq2,validation
Sample_712,beta,smarter,validation
D31-8_43,beta,celseq2,train
human2_lib2.final_cell_0505,alpha,inDrop2,validation
human3_lib2.final_cell_0695,ductal,inDrop3,train
human1_lib2.final_cell_0174,alpha,inDrop1,train
human1_lib3.final_cell_0726,quiescent_stellate,inDrop1,validation
HP1506401_K21,beta,smartseq2,train
human3_lib1.final_cell_0062,acinar,inDrop3,train
human2_lib1.final_cell_0128,beta,inDrop2,validation
human2_lib3.final_cell_0337,alpha,inDrop2,train
Sample_1055,alpha,smarter,train
human3_lib4.final_cell_0016,acinar,inDrop3,train
D29-6_79,beta,celseq2,train
human3_lib2.final_cell_0673,mast,inDrop3,train
human3_lib2.final_cell_0436,ductal,inDrop3,validation
Sample_1492,alpha,smarter,validation
human1_lib2.final_cell_0497,epsilon,inDrop1,test
human2_lib3.final_cell_0497,alpha,inDrop2,train
human2_lib3.final_cell_0156,ductal,inDrop2,train
human3_lib4.final_cell_0896,beta,inDrop3,validation
human3_lib1.final_cell_0406,delta,inDrop3,train
D1713_95,beta,celseq,test
human4_lib3.final_cell_0063,ductal,inDrop4,train
human1_lib2.final_cell_0493,quiescent_stellate,inDrop1,train
human1_lib2.final_cell_0449,beta,inDrop1,validation
HP1507101_D3,beta,smartseq2,validation
D17All2_45,alpha,celseq,train
3rd-C47_S35,gamma,fluidigmc1,test
D28-8_74,alpha,celseq2,validation
D17TGFB_11,alpha,celseq,test
human3_lib3.final_cell_0172,ductal,inDrop3,train
D30-3_73,alpha,celseq2,train
human2_lib2.final_cell_0109,delta,inDrop2,test
human2_lib2.final_cell_0463,ductal,inDrop2,train
Sample_1000,alpha,smarter,train
human3_lib2.final_cell_0624,beta,inDrop3,validation
D31-1_84,ductal,celseq2,validation
HP1508501T2D_C24,ductal,smartseq2,train
D30-6_50,alpha,celseq2,train
human3_lib1.final_cell_0588,acinar,inDrop3,train
HP1502401_N7,delta,smartseq2,train
human4_lib1.final_cell_0171,alpha,inDrop4,train
Sample_140,beta,smarter,train
1st-61_S27,beta,fluidigmc1,validation
human3_lib3.final_cell_0666,alpha,inDrop3,train
human2_lib2.final_cell_0323,activated_stellate,inDrop2,validation
human3_lib1.final_cell_0676,ductal,inDrop3,test
Sample_851,beta,smarter,train
human4_lib3.final_cell_0611,ductal,inDrop4,train
human3_lib4.final_cell_0669,alpha,inDrop3,test
human1_lib3.final_cell_0020,acinar,inDrop1,train
D2ex_76,acinar,celseq,train
human3_lib2.final_cell_0873,activated_stellate,inDrop3,train
human4_lib1.final_cell_0402,ductal,inDrop4,train
human4_lib3.final_cell_0321,alpha,inDrop4,train
human1_lib1.final_cell_0247,beta,inDrop1,train
human3_lib4.final_cell_0831,alpha,inDrop3,train
HP1526901T2D_A6,acinar,smartseq2,train
human3_lib3.final_cell_0024,acinar,inDrop3,train
human3_lib4.final_cell_0336,alpha,inDrop3,test
human1_lib3.final_cell_0061,delta,inDrop1,train
human4_lib3.final_cell_0566,gamma,inDrop4,train
D31-5_11,alpha,celseq2,train
D29-1_36,beta,celseq2,train
human2_lib2.final_cell_0571,activated_stellate,inDrop2,train
HP1525301T2D_M15,ductal,smartseq2,train
human1_lib1.final_cell_0414,alpha,inDrop1,train
human2_lib3.final_cell_0384,alpha,inDrop2,test
human4_lib1.final_cell_0259,alpha,inDrop4,test
12th-C71_S171,alpha,fluidigmc1,train
human3_lib4.final_cell_0031,acinar,inDrop3,train
12th-C51_S217,beta,fluidigmc1,train
D73_57,ductal,celseq,train
human1_lib2.final_cell_0555,quiescent_stellate,inDrop1,train
8th-C44_S155,beta,fluidigmc1,train
human1_lib3.final_cell_0655,alpha,inDrop1,train
human1_lib3.final_cell_0491,beta,inDrop1,train
human4_lib1.final_cell_0068,alpha,inDrop4,train
human3_lib3.final_cell_0580,alpha,inDrop3,train
human3_lib3.final_cell_0838,alpha,inDrop3,train
D73_36,alpha,celseq,train
human3_lib1.final_cell_0795,beta,inDrop3,test
Sample_835,beta,smarter,train
human2_lib2.final_cell_0004,alpha,inDrop2,validation
D31-1_69,alpha,celseq2,train
D10631_15,acinar,celseq,test
HP1526901T2D_O4,ductal,smartseq2,train
human2_lib2.final_cell_0256,alpha,inDrop2,train
HP1525301T2D_O24,ductal,smartseq2,train
human3_lib3.final_cell_0929,beta,inDrop3,train
D3en4_74,ductal,celseq,train
HP1504101T2D_H14,gamma,smartseq2,train
human3_lib1.final_cell_0787,quiescent_stellate,inDrop3,train
human1_lib1.final_cell_0066,acinar,inDrop1,train
human4_lib1.final_cell_0044,ductal,inDrop4,train
human1_lib2.final_cell_0453,beta,inDrop1,train
human3_lib3.final_cell_0740,alpha,inDrop3,validation
human2_lib3.final_cell_0111,ductal,inDrop2,train
D30-1_16,alpha,celseq2,train
D29-7_46,alpha,celseq2,test
human1_lib1.final_cell_0167,beta,inDrop1,train
human1_lib1.final_cell_0543,alpha,inDrop1,validation
D73_29,ductal,celseq,test
human3_lib3.final_cell_0848,alpha,inDrop3,test
human3_lib4.final_cell_0337,beta,inDrop3,train
human2_lib2.final_cell_0552,alpha,inDrop2,validation
human3_lib2.final_cell_0688,alpha,inDrop3,train
D172444_77,alpha,celseq,train
HP1506401_H16,acinar,smartseq2,train
human2_lib2.final_cell_0119,activated_stellate,inDrop2,test
human3_lib3.final_cell_0301,acinar,inDrop3,test
human3_lib3.final_cell_0259,beta,inDrop3,train
D30-8_14,beta,celseq2,train
human3_lib4.final_cell_0346,beta,inDrop3,validation
human1_lib2.final_cell_0007,acinar,inDrop1,validation
human2_lib2.final_cell_0375,activated_stellate,inDrop2,train
human2_lib1.final_cell_0449,beta,inDrop2,validation
4th-C43_S85,alpha,fluidigmc1,train
HP1526901T2D_P10,beta,smartseq2,train
D30-7_22,beta,celseq2,train
HP1502401_K9,alpha,smartseq2,train
human2_lib2.final_cell_0380,alpha,inDrop2,train
human1_lib3.final_cell_0037,beta,inDrop1,train
D30-5_76,delta,celseq2,train
human1_lib1.final_cell_0368,beta,inDrop1,train
Sample_967,alpha,smarter,validation
human1_lib1.final_cell_0212,alpha,inDrop1,train
HP1504901_A10,delta,smartseq2,train
D31-4_89,alpha,celseq2,train
human1_lib2.final_cell_0418,endothelial,inDrop1,train
human3_lib3.final_cell_0616,alpha,inDrop3,test
D30-1_67,beta,celseq2,validation
human4_lib1.final_cell_0378,beta,inDrop4,train
HP1504901_B23,gamma,smartseq2,train
human2_lib2.final_cell_0383,ductal,inDrop2,train
human3_lib3.final_cell_0507,beta,inDrop3,train
human3_lib1.final_cell_0379,delta,inDrop3,validation
HP1509101_J19,beta,smartseq2,train
human4_lib3.final_cell_0486,ductal,inDrop4,train
D3en1_41,acinar,celseq,train
Sample_1352,alpha,smarter,validation
human3_lib4.final_cell_0676,alpha,inDrop3,test
human2_lib2.final_cell_0408,gamma,inDrop2,validation
HP1506401_H2,ductal,smartseq2,train
HP1526901T2D_B12,alpha,smartseq2,test
human3_lib3.final_cell_0054,beta,inDrop3,test
human1_lib3.final_cell_0029,ductal,inDrop1,train
human1_lib3.final_cell_0609,beta,inDrop1,train
human4_lib1.final_cell_0245,beta,inDrop4,test
human2_lib1.final_cell_0372,gamma,inDrop2,train
human2_lib2.final_cell_0304,alpha,inDrop2,train
human3_lib3.final_cell_0869,beta,inDrop3,validation
D28-8_28,ductal,celseq2,train
human2_lib2.final_cell_0143,alpha,inDrop2,train
human3_lib3.final_cell_0491,ductal,inDrop3,train
D72_77,delta,celseq,train
human1_lib3.final_cell_0042,delta,inDrop1,train
HP1525301T2D_P17,alpha,smartseq2,test
human3_lib1.final_cell_0207,alpha,inDrop3,train
HP1506401_I10,acinar,smartseq2,train
human4_lib3.final_cell_0106,ductal,inDrop4,train
human2_lib2.final_cell_0392,beta,inDrop2,test
D172444_58,alpha,celseq,train
D30-8_3,delta,celseq2,train
human1_lib2.final_cell_0558,beta,inDrop1,validation
human1_lib3.final_cell_0665,delta,inDrop1,train
human3_lib1.final_cell_0378,alpha,inDrop3,test
4th-C79_S66,alpha,fluidigmc1,validation
HP1506401_O23,alpha,smartseq2,train
Sample_274,alpha,smarter,train
D29-5_92,alpha,celseq2,train
human3_lib4.final_cell_0659,alpha,inDrop3,train
human1_lib1.final_cell_0013,delta,inDrop1,train
human1_lib1.final_cell_0268,beta,inDrop1,train
human3_lib1.final_cell_0723,alpha,inDrop3,test
human4_lib3.final_cell_0549,ductal,inDrop4,train
Sample_121,beta,smarter,train
D17All2_71,ductal,celseq,train
D31-5_48,acinar,celseq2,train
6th-C91_S84,beta,fluidigmc1,train
HP1525301T2D_M9,ductal,smartseq2,validation
HP1504901_B20,gamma,smartseq2,train
D29-1_51,alpha,celseq2,train
HP1509101_G8,gamma,smartseq2,train
human3_lib2.final_cell_0227,ductal,inDrop3,train
HP1506401_B16,acinar,smartseq2,train
human3_lib1.final_cell_0357,beta,inDrop3,validation
human3_lib2.final_cell_0606,ductal,inDrop3,train
human2_lib3.final_cell_0458,alpha,inDrop2,train
HP1509101_J6,alpha,smartseq2,validation
human2_lib1.final_cell_0145,beta,inDrop2,train
HP1526901T2D_N15,alpha,smartseq2,train
HP1504901_B15,alpha,smartseq2,train
human1_lib2.final_cell_0391,beta,inDrop1,train
D29-3_73,quiescent_stellate,celseq2,train
1st-C8_S10,alpha,fluidigmc1,train
D30-7_89,delta,celseq2,train
human1_lib3.final_cell_0306,beta,inDrop1,train
human2_lib1.final_cell_0276,ductal,inDrop2,train
Sample_921,beta,smarter,train
human4_lib1.final_cell_0538,beta,inDrop4,train
5th-C18_S96,beta,fluidigmc1,train
human2_lib1.final_cell_0250,alpha,inDrop2,test
D17TGFB_77,activated_stellate,celseq,train
HP1509101_H7,delta,smartseq2,train
human3_lib4.final_cell_0473,beta,inDrop3,train
Sample_1579,gamma,smarter,train
human1_lib2.final_cell_0226,gamma,inDrop1,validation
Sample_978,alpha,smarter,train
D29-2_60,beta,celseq2,train
Sample_1417,alpha,smarter,train
D31-7_15,gamma,celseq2,train
D30-5_45,acinar,celseq2,validation
D31-5_2,alpha,celseq2,test
human1_lib3.final_cell_0148,beta,inDrop1,test
Sample_1360,alpha,smarter,validation
human1_lib2.final_cell_0078,delta,inDrop1,train
human3_lib2.final_cell_0869,endothelial,inDrop3,train
Sample_1404,alpha,smarter,train
D17All2_35,beta,celseq,validation
human1_lib3.final_cell_0634,beta,inDrop1,test
3rd-C4_S25,beta,fluidigmc1,train
human1_lib3.final_cell_0720,endothelial,inDrop1,train
human2_lib1.final_cell_0274,beta,inDrop2,train
human3_lib3.final_cell_0670,beta,inDrop3,validation
human4_lib3.final_cell_0693,beta,inDrop4,test
human4_lib3.final_cell_0349,gamma,inDrop4,test
HP1506401_I1,gamma,smartseq2,train
D31-3_29,alpha,celseq2,train
D28-1_17,alpha,celseq2,train
D31-5_73,ductal,celseq2,train
human1_lib1.final_cell_0187,alpha,inDrop1,train
human1_lib2.final_cell_0119,beta,inDrop1,train
HP1506401_A9,acinar,smartseq2,train
HP1525301T2D_C3,ductal,smartseq2,train
human1_lib2.final_cell_0387,delta,inDrop1,train
D29-1_42,delta,celseq2,train
HP1504101T2D_H7,schwann,smartseq2,train
human3_lib3.final_cell_0078,acinar,inDrop3,train
human3_lib1.final_cell_0373,acinar,inDrop3,test
human1_lib1.final_cell_0166,beta,inDrop1,test
human3_lib1.final_cell_0290,quiescent_stellate,inDrop3,validation
D17All2_2,beta,celseq,train
D71_9,beta,celseq,train
human4_lib3.final_cell_0305,beta,inDrop4,test
12th-C10_S155,beta,fluidigmc1,train
D30-6_7,alpha,celseq2,train
D28-7_38,delta,celseq2,train
human3_lib1.final_cell_0446,beta,inDrop3,test
human3_lib1.final_cell_0503,alpha,inDrop3,train
Sample_1372,alpha,smarter,train
D101_89,beta,celseq,train
HP1509101_D21,ductal,smartseq2,train
human2_lib3.final_cell_0241,alpha,inDrop2,validation
human3_lib3.final_cell_0787,ductal,inDrop3,validation
HP1506401_A13,ductal,smartseq2,train
human1_lib1.final_cell_0501,beta,inDrop1,train
Sample_1063,alpha,smarter,train
HP1525301T2D_H11,ductal,smartseq2,train
D30-4_33,beta,celseq2,train
D30-6_40,acinar,celseq2,train
human2_lib3.final_cell_0461,alpha,inDrop2,test
Sample_446,alpha,smarter,train
D28-5_75,ductal,celseq2,train
human4_lib3.final_cell_0013,ductal,inDrop4,train
D28-6_40,quiescent_stellate,celseq2,validation
human1_lib1.final_cell_0516,gamma,inDrop1,train
HP1526901T2D_G9,gamma,smartseq2,train
human4_lib1.final_cell_0273,ductal,inDrop4,train
HP1502401_J14,alpha,smartseq2,test
12th-C59_S169,beta,fluidigmc1,train
human2_lib1.final_cell_0367,alpha,inDrop2,train
2nd-C37_S73,beta,fluidigmc1,train
human3_lib4.final_cell_0353,delta,inDrop3,train
7th-C11_S18,alpha,fluidigmc1,train
HP1508501T2D_N15,ductal,smartseq2,train
D29-3_77,alpha,celseq2,test
human2_lib2.final_cell_0238,beta,inDrop2,train
human3_lib1.final_cell_0563,gamma,inDrop3,train
Sample_409,alpha,smarter,train
human4_lib3.final_cell_0453,ductal,inDrop4,train
D30-5_71,alpha,celseq2,validation
human1_lib1.final_cell_0451,beta,inDrop1,train
D31-1_11,acinar,celseq2,train
3rd-C23_S94,alpha,fluidigmc1,train
human3_lib1.final_cell_0385,acinar,inDrop3,train
HP1507101_F18,alpha,smartseq2,train
HP1502401_J21,alpha,smartseq2,train
HP1504101T2D_J5,gamma,smartseq2,train
Sample_1144,alpha,smarter,validation
HP1506401_H19,gamma,smartseq2,test
10th_C30_S107,alpha,fluidigmc1,train
Sample_718,beta,smarter,train
D17All2_23,ductal,celseq,train
human2_lib1.final_cell_0099,alpha,inDrop2,test
HP1507101_E3,alpha,smartseq2,train
human3_lib3.final_cell_0089,acinar,inDrop3,train
HP1507101_A5,delta,smartseq2,train
human1_lib3.final_cell_0523,endothelial,inDrop1,test
D30-8_62,beta,celseq2,train
human4_lib1.final_cell_0441,alpha,inDrop4,train
human3_lib2.final_cell_0733,beta,inDrop3,validation
human3_lib2.final_cell_0699,beta,inDrop3,train
HP1525301T2D_B21,ductal,smartseq2,train
human4_lib3.final_cell_0083,delta,inDrop4,train
human3_lib3.final_cell_0704,alpha,inDrop3,train
D172444_75,alpha,celseq,train
D172444_25,alpha,celseq,validation
human2_lib2.final_cell_0557,alpha,inDrop2,train
human3_lib2.final_cell_0830,beta,inDrop3,validation
HP1525301T2D_G10,ductal,smartseq2,train
human2_lib3.final_cell_0262,alpha,inDrop2,train
D28-4_88,beta,celseq2,test
human2_lib3.final_cell_0275,beta,inDrop2,train
HP1506401_N15,acinar,smartseq2,train
human3_lib4.final_cell_0847,endothelial,inDrop3,validation
human3_lib4.final_cell_0782,gamma,inDrop3,train
D29-6_55,gamma,celseq2,test
human3_lib4.final_cell_0397,alpha,inDrop3,test
human3_lib4.final_cell_0521,quiescent_stellate,inDrop3,validation
human2_lib2.final_cell_0062,beta,inDrop2,train
HP1526901T2D_A7,alpha,smartseq2,validation
human1_lib1.final_cell_0442,beta,inDrop1,test
human4_lib3.final_cell_0665,beta,inDrop4,train
D31-2_45,alpha,celseq2,train
2nd-C39_S75,alpha,fluidigmc1,validation
human2_lib1.final_cell_0368,beta,inDrop2,train
Sample_819,beta,smarter,train
D29-2_75,alpha,celseq2,validation
human4_lib1.final_cell_0218,beta,inDrop4,validation
7th-C77_S51,beta,fluidigmc1,train
D30-5_13,alpha,celseq2,train
HP1509101_H9,alpha,smartseq2,train
Sample_1273,alpha,smarter,validation
human1_lib1.final_cell_0052,beta,inDrop1,train
Sample_1230,alpha,smarter,train
human3_lib1.final_cell_0130,delta,inDrop3,test
3rd-C67_S69,alpha,fluidigmc1,train
human1_lib2.final_cell_0173,beta,inDrop1,validation
human1_lib2.final_cell_0591,alpha,inDrop1,validation
HP1508501T2D_C4,beta,smartseq2,train
human3_lib4.final_cell_0057,acinar,inDrop3,test
human3_lib4.final_cell_0347,beta,inDrop3,test
D74_65,beta,celseq,train
human1_lib3.final_cell_0139,activated_stellate,inDrop1,validation
human3_lib4.final_cell_0054,acinar,inDrop3,train
human2_lib1.final_cell_0164,alpha,inDrop2,train
human3_lib1.final_cell_0547,beta,inDrop3,train
human4_lib3.final_cell_0042,beta,inDrop4,train
human3_lib2.final_cell_0850,beta,inDrop3,train
human2_lib1.final_cell_0212,alpha,inDrop2,train
human2_lib2.final_cell_0418,alpha,inDrop2,train
HP1504101T2D_I11,delta,smartseq2,train
human2_lib2.final_cell_0076,ductal,inDrop2,test
D1713_32,ductal,celseq,train
human3_lib4.final_cell_0419,alpha,inDrop3,train
human1_lib2.final_cell_0144,beta,inDrop1,train
human3_lib1.final_cell_0047,acinar,inDrop3,validation
human3_lib2.final_cell_0266,acinar,inDrop3,validation
human3_lib1.final_cell_0781,beta,inDrop3,train
HP1507101_I23,alpha,smartseq2,test
D29-4_80,alpha,celseq2,train
HP1506401_A6,acinar,smartseq2,test
human3_lib3.final_cell_0855,macrophage,inDrop3,train
HP1507101_D1,alpha,smartseq2,test
human1_lib2.final_cell_0307,beta,inDrop1,train
human4_lib3.final_cell_0538,alpha,inDrop4,validation
human1_lib1.final_cell_0175,beta,inDrop1,train
human3_lib1.final_cell_0714,beta,inDrop3,test
HP1504101T2D_B12,gamma,smartseq2,train
human3_lib4.final_cell_0732,acinar,inDrop3,validation
HP1504101T2D_F5,alpha,smartseq2,train
human1_lib1.final_cell_0119,delta,inDrop1,train
D30-6_34,ductal,celseq2,train
human4_lib3.final_cell_0414,beta,inDrop4,train
human3_lib1.final_cell_0573,alpha,inDrop3,train
human2_lib2.final_cell_0435,beta,inDrop2,train
human2_lib1.final_cell_0110,alpha,inDrop2,train
human3_lib3.final_cell_0282,beta,inDrop3,train
D17TGFB_49,acinar,celseq,train
human2_lib2.final_cell_0177,ductal,inDrop2,validation
human3_lib2.final_cell_0310,alpha,inDrop3,validation
human1_lib1.final_cell_0553,macrophage,inDrop1,validation
HP1502401_A17,alpha,smartseq2,validation
human1_lib2.final_cell_0121,beta,inDrop1,train
human2_lib3.final_cell_0362,alpha,inDrop2,test
human4_lib3.final_cell_0160,ductal,inDrop4,train
human3_lib3.final_cell_0460,alpha,inDrop3,validation
5th-C64_S99,beta,fluidigmc1,validation
human2_lib2.final_cell_0110,ductal,inDrop2,train
D73_25,ductal,celseq,train
13th_C79_S174,alpha,fluidigmc1,train
human1_lib3.final_cell_0499,endothelial,inDrop1,validation
human1_lib1.final_cell_0510,activated_stellate,inDrop1,train
HP1506401_B23,ductal,smartseq2,train
human1_lib1.final_cell_0277,gamma,inDrop1,train
HP1508501T2D_K21,alpha,smartseq2,train
Sample_466,alpha,smarter,train
Sample_249,alpha,smarter,train
human2_lib3.final_cell_0038,alpha,inDrop2,train
human4_lib3.final_cell_0410,delta,inDrop4,train
human3_lib1.final_cell_0096,acinar,inDrop3,train
human1_lib1.final_cell_0386,beta,inDrop1,train
AZ_B1,delta,smartseq2,train
human2_lib2.final_cell_0023,delta,inDrop2,train
human2_lib1.final_cell_0211,delta,inDrop2,train
human2_lib2.final_cell_0151,delta,inDrop2,train
human2_lib2.final_cell_0262,beta,inDrop2,train
human4_lib3.final_cell_0022,ductal,inDrop4,train
human3_lib4.final_cell_0711,alpha,inDrop3,test
human1_lib3.final_cell_0291,ductal,inDrop1,test
human3_lib1.final_cell_0496,ductal,inDrop3,train
human2_lib1.final_cell_0448,alpha,inDrop2,test
human3_lib4.final_cell_0360,alpha,inDrop3,train
Sample_1041,alpha,smarter,train
human4_lib1.final_cell_0146,alpha,inDrop4,train
D3ex_5,acinar,celseq,train
D29-6_64,alpha,celseq2,test
human2_lib3.final_cell_0166,activated_stellate,inDrop2,train
HP1509101_H14,alpha,smartseq2,train
D71_82,beta,celseq,validation
human4_lib3.final_cell_0202,beta,inDrop4,train
Sample_1264,alpha,smarter,train
D31-3_92,beta,celseq2,train
human3_lib1.final_cell_0152,alpha,inDrop3,train
D3en1_69,beta,celseq,train
human4_lib1.final_cell_0184,alpha,inDrop4,train
HP1525301T2D_I16,ductal,smartseq2,train
human3_lib2.final_cell_0187,ductal,inDrop3,train
human3_lib4.final_cell_0656,alpha,inDrop3,train
D29-6_44,delta,celseq2,validation
Sample_1073,alpha,smarter,validation
D30-4_32,alpha,celseq2,train
Sample_1064,alpha,smarter,test
HP1504901_H11,alpha,smartseq2,train
D101_29,ductal,celseq,validation
D28-7_86,endothelial,celseq2,test
human1_lib2.final_cell_0623,alpha,inDrop1,validation
9th-C86_S67,beta,fluidigmc1,train
D29-6_46,delta,celseq2,validation
human3_lib3.final_cell_0445,beta,inDrop3,train
HP1504901_F14,epsilon,smartseq2,train
human3_lib2.final_cell_0297,ductal,inDrop3,train
human1_lib3.final_cell_0305,delta,inDrop1,train
HP1508501T2D_L7,alpha,smartseq2,train
human1_lib3.final_cell_0652,beta,inDrop1,train
human3_lib4.final_cell_0853,quiescent_stellate,inDrop3,train
human2_lib2.final_cell_0020,delta,inDrop2,train
human3_lib1.final_cell_0784,quiescent_stellate,inDrop3,test
human4_lib3.final_cell_0373,beta,inDrop4,test
human3_lib1.final_cell_0470,activated_stellate,inDrop3,train
11th-C36_S67,alpha,fluidigmc1,train
human2_lib1.final_cell_0126,beta,inDrop2,train
human2_lib1.final_cell_0254,beta,inDrop2,validation
D1713_26,delta,celseq,train
human3_lib1.final_cell_0572,acinar,inDrop3,train
D73_50,ductal,celseq,validation
human2_lib3.final_cell_0048,delta,inDrop2,test
human1_lib1.final_cell_0295,beta,inDrop1,train
D74_32,alpha,celseq,train
Sample_1474,alpha,smarter,train
human4_lib3.final_cell_0542,beta,inDrop4,train
D29-3_23,beta,celseq2,train
human3_lib1.final_cell_0661,acinar,inDrop3,test
human1_lib3.final_cell_0607,beta,inDrop1,train
HP1508501T2D_J21,alpha,smartseq2,train
HP1504901_L3,gamma,smartseq2,train
D30-7_33,activated_stellate,celseq2,train
human2_lib1.final_cell_0549,quiescent_stellate,inDrop2,train
human1_lib1.final_cell_0231,beta,inDrop1,train
human4_lib3.final_cell_0587,ductal,inDrop4,test
D2ex_33,ductal,celseq,train
human3_lib4.final_cell_0553,alpha,inDrop3,train
human3_lib3.final_cell_0799,alpha,inDrop3,train
HP1506401_P9,ductal,smartseq2,train
D17TGFB_33,acinar,celseq,train
human2_lib2.final_cell_0518,alpha,inDrop2,train
human1_lib3.final_cell_0211,beta,inDrop1,train
D28-1_13,ductal,celseq2,train
human3_lib2.final_cell_0111,alpha,inDrop3,train
human2_lib2.final_cell_0423,alpha,inDrop2,train
D29-7_44,alpha,celseq2,train
3rd-C35_S23,quiescent_stellate,fluidigmc1,validation
8th-C34_S141,alpha,fluidigmc1,train
D17All2_10,beta,celseq,train
D28-7_18,ductal,celseq2,train
HP1504101T2D_J9,gamma,smartseq2,train
D28-2_18,acinar,celseq2,train
human3_lib4.final_cell_0186,alpha,inDrop3,train
human3_lib1.final_cell_0444,alpha,inDrop3,train
human1_lib2.final_cell_0624,beta,inDrop1,train
human1_lib3.final_cell_0353,quiescent_stellate,inDrop1,train
human3_lib4.final_cell_0382,alpha,inDrop3,test
HP1507101_D11,alpha,smartseq2,validation
human3_lib2.final_cell_0440,alpha,inDrop3,train
D3en4_8,acinar,celseq,train
human1_lib1.final_cell_0413,acinar,inDrop1,train
HP1506401_K22,gamma,smartseq2,validation
human3_lib4.final_cell_0301,beta,inDrop3,train
human3_lib1.final_cell_0310,delta,inDrop3,train
human2_lib3.final_cell_0422,ductal,inDrop2,train
D31-5_80,beta,celseq2,train
D31-2_20,ductal,celseq2,train
D28-1_75,alpha,celseq2,validation
D101_25,alpha,celseq,train
human3_lib2.final_cell_0415,alpha,inDrop3,test
human3_lib1.final_cell_0055,acinar,inDrop3,train
HP1504101T2D_B18,gamma,smartseq2,train
human1_lib3.final_cell_0157,beta,inDrop1,validation
Sample_521,alpha,smarter,test
human3_lib4.final_cell_0894,ductal,inDrop3,train
HP1504101T2D_G4,gamma,smartseq2,train
HP1508501T2D_C21,ductal,smartseq2,train
D17All1_74,alpha,celseq,train
human1_lib1.final_cell_0484,gamma,inDrop1,train
3rd-C96_S79,beta,fluidigmc1,train
human1_lib3.final_cell_0539,acinar,inDrop1,train
D30-1_9,alpha,celseq2,test
HP1526901T2D_N9,alpha,smartseq2,train
D30-8_70,alpha,celseq2,train
D28-8_31,ductal,celseq2,train
human3_lib1.final_cell_0136,delta,inDrop3,validation
human2_lib1.final_cell_0086,ductal,inDrop2,train
human4_lib3.final_cell_0185,ductal,inDrop4,train
5th-C12_S90,beta,fluidigmc1,train
Sample_9,beta,smarter,train
D30-5_12,delta,celseq2,train
D31-8_69,delta,celseq2,train
D28-8_1,ductal,celseq2,train
HP1508501T2D_C20,alpha,smartseq2,train
HP1526901T2D_E2,beta,smartseq2,train
Sample_740,beta,smarter,validation
D172444_35,alpha,celseq,train
human4_lib1.final_cell_0081,beta,inDrop4,train
human3_lib1.final_cell_0210,beta,inDrop3,validation
human4_lib1.final_cell_0483,alpha,inDrop4,train
human2_lib3.final_cell_0418,ductal,inDrop2,train
human4_lib1.final_cell_0179,gamma,inDrop4,train
human3_lib2.final_cell_0580,macrophage,inDrop3,train
HP1526901T2D_M14,ductal,smartseq2,test
Sample_519,alpha,smarter,test
HP1509101_P12,delta,smartseq2,train
human1_lib1.final_cell_0064,ductal,inDrop1,train
human3_lib3.final_cell_0230,ductal,inDrop3,train
human3_lib4.final_cell_0329,beta,inDrop3,test
HP1526901T2D_G19,gamma,smartseq2,train
11th-C41_S60,beta,fluidigmc1,train
human3_lib1.final_cell_0761,activated_stellate,inDrop3,train
HP1502401_N15,alpha,smartseq2,test
human4_lib1.final_cell_0100,beta,inDrop4,validation
human3_lib1.final_cell_0186,alpha,inDrop3,train
human1_lib3.final_cell_0183,ductal,inDrop1,train
human3_lib3.final_cell_0750,alpha,inDrop3,train
D72_84,beta,celseq,validation
human1_lib2.final_cell_0272,schwann,inDrop1,train
D17TGFB_95,alpha,celseq,train
D17All1_47,ductal,celseq,test
D28-8_16,activated_stellate,celseq2,train
D28-2_53,acinar,celseq2,train
human3_lib4.final_cell_0201,beta,inDrop3,test
human1_lib2.final_cell_0488,endothelial,inDrop1,train
human3_lib1.final_cell_0461,alpha,inDrop3,train
D1713_86,ductal,celseq,train
3rd-C57_S5,alpha,fluidigmc1,train
human3_lib1.final_cell_0447,acinar,inDrop3,train
human2_lib2.final_cell_0091,beta,inDrop2,train
D30-8_40,delta,celseq2,validation
human2_lib1.final_cell_0261,ductal,inDrop2,train
Sample_1551,gamma,smarter,validation
D17All2_39,alpha,celseq,train
human3_lib4.final_cell_0495,alpha,inDrop3,validation
AZ_D2,beta,smartseq2,train
human3_lib2.final_cell_0355,beta,inDrop3,validation
D2ex_92,acinar,celseq,train
human3_lib3.final_cell_0120,acinar,inDrop3,validation
HP1509101_K19,ductal,smartseq2,train
human4_lib3.final_cell_0203,gamma,inDrop4,train
HP1507101_J14,alpha,smartseq2,train
D17All1_44,ductal,celseq,train
human2_lib3.final_cell_0436,beta,inDrop2,test
human3_lib4.final_cell_0775,ductal,inDrop3,train
human3_lib1.final_cell_0222,alpha,inDrop3,validation
human1_lib1.final_cell_0098,delta,inDrop1,train
Sample_957,alpha,smarter,validation
human1_lib3.final_cell_0348,beta,inDrop1,train
human4_lib1.final_cell_0249,delta,inDrop4,train
human4_lib3.final_cell_0003,delta,inDrop4,train
Sample_1209,alpha,smarter,train
D17TGFB_41,acinar,celseq,validation
human2_lib1.final_cell_0410,schwann,inDrop2,train
D17All2_58,ductal,celseq,train
11th-C39_S21,gamma,fluidigmc1,train
Sample_76,beta,smarter,train
D29-6_42,alpha,celseq2,validation
human1_lib3.final_cell_0171,acinar,inDrop1,train
Sample_941,beta,smarter,validation
Sample_808,beta,smarter,train
human1_lib2.final_cell_0521,beta,inDrop1,train
human1_lib3.final_cell_0462,beta,inDrop1,train
human3_lib3.final_cell_0472,alpha,inDrop3,test
human3_lib1.final_cell_0690,alpha,inDrop3,test
human3_lib3.final_cell_0641,acinar,inDrop3,train
human2_lib2.final_cell_0066,beta,inDrop2,validation
human3_lib3.final_cell_0657,alpha,inDrop3,train
human4_lib3.final_cell_0688,beta,inDrop4,test
human1_lib3.final_cell_0399,beta,inDrop1,train
human3_lib1.final_cell_0255,acinar,inDrop3,train
D71_69,ductal,celseq,train
human3_lib3.final_cell_0241,acinar,inDrop3,validation
D102_78,alpha,celseq,train
D73_48,acinar,celseq,train
human1_lib3.final_cell_0512,beta,inDrop1,train
HP1525301T2D_C15,ductal,smartseq2,train
HP1506401_M5,beta,smartseq2,train
HP1525301T2D_P9,alpha,smartseq2,train
human1_lib1.final_cell_0345,alpha,inDrop1,train
AZ_C3,ductal,smartseq2,validation
Sample_309,alpha,smarter,test
human3_lib4.final_cell_0290,alpha,inDrop3,train
human3_lib3.final_cell_0826,alpha,inDrop3,test
Sample_239,alpha,smarter,train
D30-7_25,alpha,celseq2,validation
human3_lib2.final_cell_0173,alpha,inDrop3,test
HP1502401_A2,delta,smartseq2,train
HP1502401_B11,gamma,smartseq2,test
D31-7_11,acinar,celseq2,validation
HP1509101_B9,ductal,smartseq2,train
D17TGFB_15,alpha,celseq,train
D2ex_46,acinar,celseq,train
D30-6_4,alpha,celseq2,train
human4_lib1.final_cell_0528,ductal,inDrop4,train
human4_lib3.final_cell_0684,beta,inDrop4,validation
human3_lib3.final_cell_0553,beta,inDrop3,train
human3_lib1.final_cell_0612,alpha,inDrop3,train
Sample_676,beta,smarter,validation
HP1502401_J24,ductal,smartseq2,train
human1_lib2.final_cell_0232,endothelial,inDrop1,train
HP1502401_L17,alpha,smartseq2,train
D31-2_89,alpha,celseq2,train
human1_lib1.final_cell_0087,delta,inDrop1,train
D31-8_15,gamma,celseq2,train
human4_lib3.final_cell_0546,alpha,inDrop4,test
human3_lib1.final_cell_0168,acinar,inDrop3,validation
D29-8_76,alpha,celseq2,test
human3_lib2.final_cell_0810,alpha,inDrop3,validation
human2_lib1.final_cell_0194,ductal,inDrop2,train
human2_lib3.final_cell_0092,ductal,inDrop2,validation
human1_lib3.final_cell_0518,alpha,inDrop1,train
10th_C16_S105,alpha,fluidigmc1,train
Sample_193,beta,smarter,train
HP1502401_G14,beta,smartseq2,train
human2_lib3.final_cell_0044,activated_stellate,inDrop2,train
7th-C56_S15,delta,fluidigmc1,train
human4_lib1.final_cell_0474,beta,inDrop4,train
human3_lib3.final_cell_0506,alpha,inDrop3,train
D31-7_76,beta,celseq2,train
human3_lib4.final_cell_0498,alpha,inDrop3,train
human3_lib3.final_cell_0575,alpha,inDrop3,validation
Sample_942,beta,smarter,train
D30-2_44,beta,celseq2,train
human3_lib2.final_cell_0500,alpha,inDrop3,train
HP1504901_N23,gamma,smartseq2,train
D31-4_47,alpha,celseq2,train
D31-5_50,alpha,celseq2,test
D29-6_4,gamma,celseq2,train
D31-6_47,beta,celseq2,test
D28-7_75,acinar,celseq2,validation
human3_lib1.final_cell_0633,endothelial,inDrop3,train
D28-8_27,alpha,celseq2,train
human3_lib1.final_cell_0854,beta,inDrop3,test
D31-1_43,alpha,celseq2,train
HP1507101_I20,alpha,smartseq2,validation
human4_lib1.final_cell_0502,beta,inDrop4,validation
human2_lib2.final_cell_0011,delta,inDrop2,train
7th-C40_S70,macrophage,fluidigmc1,validation
human1_lib3.final_cell_0410,beta,inDrop1,train
Sample_1556,gamma,smarter,test
D31-4_35,ductal,celseq2,train
human2_lib2.final_cell_0157,ductal,inDrop2,test
HP1525301T2D_K2,ductal,smartseq2,train
D29-1_46,alpha,celseq2,test
human1_lib2.final_cell_0061,beta,inDrop1,train
HP1504101T2D_L13,gamma,smartseq2,test
human3_lib4.final_cell_0827,beta,inDrop3,validation
D31-2_79,delta,celseq2,train
HP1526901T2D_P9,beta,smartseq2,train
4th-C69_S42,alpha,fluidigmc1,test
human3_lib3.final_cell_0106,acinar,inDrop3,train
human3_lib1.final_cell_0695,alpha,inDrop3,validation
D31-5_63,alpha,celseq2,train
D29-1_12,gamma,celseq2,test
D1713_15,acinar,celseq,train
human2_lib1.final_cell_0431,ductal,inDrop2,train
human2_lib2.final_cell_0242,delta,inDrop2,validation
human1_lib2.final_cell_0249,delta,inDrop1,train
5th-C41_S113,ductal,fluidigmc1,test
human3_lib1.final_cell_0408,beta,inDrop3,train
HP1507101_L13,alpha,smartseq2,test
D172444_29,alpha,celseq,validation
D30-5_27,alpha,celseq2,train
human1_lib3.final_cell_0633,beta,inDrop1,test
Sample_16,beta,smarter,train
11th-C5_S54,alpha,fluidigmc1,train
human2_lib3.final_cell_0468,ductal,inDrop2,train
D28-3_4,acinar,celseq2,train
human3_lib4.final_cell_0631,beta,inDrop3,train
D2ex_78,beta,celseq,train
D31-4_57,ductal,celseq2,train
D2ex_88,ductal,celseq,train
human1_lib2.final_cell_0509,beta,inDrop1,validation
D2ex_39,beta,celseq,validation
human1_lib1.final_cell_0250,endothelial,inDrop1,train
human3_lib4.final_cell_0285,beta,inDrop3,validation
9th-C25_S45,beta,fluidigmc1,train
Sample_857,beta,smarter,train
9th-C38_S64,beta,fluidigmc1,validation
human2_lib2.final_cell_0366,beta,inDrop2,test
Sample_132,beta,smarter,test
human4_lib1.final_cell_0084,beta,inDrop4,test
Sample_1220,alpha,smarter,train
human1_lib2.final_cell_0296,alpha,inDrop1,train
human3_lib3.final_cell_0876,acinar,inDrop3,train
5th-C69_S107,alpha,fluidigmc1,train
D101_52,acinar,celseq,validation
D102_11,beta,celseq,train
human3_lib4.final_cell_0716,beta,inDrop3,validation
human4_lib3.final_cell_0694,alpha,inDrop4,train
human3_lib4.final_cell_0884,alpha,inDrop3,validation
human1_lib3.final_cell_0209,delta,inDrop1,train
HP1504101T2D_I22,alpha,smartseq2,validation
human2_lib2.final_cell_0255,beta,inDrop2,train
D29-8_83,delta,celseq2,train
D28-3_69,alpha,celseq2,train
human1_lib3.final_cell_0713,beta,inDrop1,train
human3_lib3.final_cell_0429,beta,inDrop3,validation
Sample_1326,alpha,smarter,test
human4_lib1.final_cell_0113,beta,inDrop4,test
D31-1_4,alpha,celseq2,test
human4_lib3.final_cell_0313,beta,inDrop4,test
D31-4_71,ductal,celseq2,train
13th_C57_S171,beta,fluidigmc1,test
D29-6_39,beta,celseq2,train
human2_lib1.final_cell_0036,delta,inDrop2,validation
human3_lib2.final_cell_0671,acinar,inDrop3,test
human2_lib3.final_cell_0408,gamma,inDrop2,test
human4_lib1.final_cell_0162,alpha,inDrop4,train
human1_lib1.final_cell_0129,delta,inDrop1,train
D31-7_91,beta,celseq2,train
human1_lib1.final_cell_0489,quiescent_stellate,inDrop1,train
human3_lib1.final_cell_0382,ductal,inDrop3,validation
D31-5_23,delta,celseq2,train
D29-6_50,beta,celseq2,test
HP1504101T2D_L5,alpha,smartseq2,test
D30-4_47,alpha,celseq2,train
HP1508501T2D_F20,alpha,smartseq2,train
human4_lib3.final_cell_0519,beta,inDrop4,train
human3_lib4.final_cell_0108,acinar,inDrop3,train
human4_lib1.final_cell_0486,beta,inDrop4,train
D74_33,beta,celseq,train
D28-2_75,acinar,celseq2,validation
human3_lib1.final_cell_0692,alpha,inDrop3,train
human3_lib3.final_cell_0819,mast,inDrop3,validation
D31-8_53,acinar,celseq2,validation
human1_lib2.final_cell_0317,beta,inDrop1,train
human3_lib3.final_cell_0166,acinar,inDrop3,train
7th-C60_S22,beta,fluidigmc1,train
human4_lib1.final_cell_0560,alpha,inDrop4,train
human3_lib1.final_cell_0221,alpha,inDrop3,train
human4_lib1.final_cell_0105,beta,inDrop4,train
human3_lib4.final_cell_0575,acinar,inDrop3,test
human4_lib3.final_cell_0346,delta,inDrop4,test
human3_lib3.final_cell_0222,alpha,inDrop3,train
D71_41,ductal,celseq,train
D29-3_37,beta,celseq2,train
Sample_1589,gamma,smarter,train
human3_lib2.final_cell_0160,acinar,inDrop3,train
human3_lib1.final_cell_0542,alpha,inDrop3,train
human3_lib2.final_cell_0447,alpha,inDrop3,train
human3_lib4.final_cell_0871,beta,inDrop3,validation
HP1525301T2D_A13,ductal,smartseq2,test
HP1506401_P21,ductal,smartseq2,train
human3_lib3.final_cell_0561,alpha,inDrop3,train
Sample_157,beta,smarter,train
D31-2_27,beta,celseq2,test
HP1507101_D17,alpha,smartseq2,train
HP1507101_B20,gamma,smartseq2,train
Sample_706,beta,smarter,train
human3_lib4.final_cell_0358,acinar,inDrop3,train
human3_lib4.final_cell_0897,alpha,inDrop3,train
human3_lib3.final_cell_0392,ductal,inDrop3,validation
human3_lib2.final_cell_0854,alpha,inDrop3,train
D74_83,beta,celseq,train
human3_lib3.final_cell_0303,delta,inDrop3,train
HP1507101_H4,beta,smartseq2,validation
HP1508501T2D_G2,ductal,smartseq2,train
human4_lib3.final_cell_0112,beta,inDrop4,train
human1_lib2.final_cell_0428,gamma,inDrop1,train
D72_65,ductal,celseq,train
human3_lib2.final_cell_0274,ductal,inDrop3,test
Sample_513,alpha,smarter,train
human1_lib1.final_cell_0138,alpha,inDrop1,train
human2_lib1.final_cell_0082,ductal,inDrop2,test
D28-5_62,acinar,celseq2,train
human2_lib3.final_cell_0254,ductal,inDrop2,validation
D29-7_60,gamma,celseq2,train
human3_lib2.final_cell_0544,endothelial,inDrop3,train
D17All1_31,ductal,celseq,test
Sample_713,beta,smarter,train
human1_lib2.final_cell_0099,delta,inDrop1,train
D30-8_83,alpha,celseq2,validation
AZ_D6,beta,smartseq2,test
Sample_443,alpha,smarter,validation
human1_lib2.final_cell_0477,beta,inDrop1,validation
human3_lib1.final_cell_0589,alpha,inDrop3,train
human2_lib3.final_cell_0370,delta,inDrop2,train
D31-1_70,acinar,celseq2,validation
human2_lib2.final_cell_0260,delta,inDrop2,train
human1_lib2.final_cell_0489,beta,inDrop1,train
human3_lib2.final_cell_0289,ductal,inDrop3,test
human4_lib1.final_cell_0006,ductal,inDrop4,train
human3_lib4.final_cell_0045,alpha,inDrop3,test
human1_lib2.final_cell_0399,alpha,inDrop1,test
human2_lib2.final_cell_0070,beta,inDrop2,train
human4_lib3.final_cell_0377,beta,inDrop4,train
human1_lib1.final_cell_0474,beta,inDrop1,train
Sample_83,beta,smarter,train
D30-7_56,beta,celseq2,train
D29-6_82,alpha,celseq2,test
human3_lib4.final_cell_0607,alpha,inDrop3,train
D31-2_87,acinar,celseq2,train
HP1504901_H5,beta,smartseq2,validation
human2_lib2.final_cell_0308,activated_stellate,inDrop2,train
human4_lib3.final_cell_0011,ductal,inDrop4,train
human3_lib4.final_cell_0030,delta,inDrop3,validation
D30-1_90,alpha,celseq2,train
human2_lib1.final_cell_0258,alpha,inDrop2,validation
D30-8_92,alpha,celseq2,validation
D29-3_15,gamma,celseq2,test
human3_lib3.final_cell_0677,ductal,inDrop3,train
D29-1_37,alpha,celseq2,test
D29-5_21,beta,celseq2,train
HP1526901T2D_D1,alpha,smartseq2,train
D31-4_32,alpha,celseq2,validation
human3_lib4.final_cell_0688,alpha,inDrop3,validation
D29-4_5,alpha,celseq2,test
human2_lib3.final_cell_0292,endothelial,inDrop2,train
Sample_131,beta,smarter,train
D31-4_78,delta,celseq2,train
Sample_1362,alpha,smarter,test
D29-4_17,delta,celseq2,train
D31-3_67,delta,celseq2,train
human1_lib3.final_cell_0223,endothelial,inDrop1,train
human4_lib3.final_cell_0475,ductal,inDrop4,train
D2ex_10,acinar,celseq,validation
human3_lib3.final_cell_0557,alpha,inDrop3,train
human1_lib2.final_cell_0561,alpha,inDrop1,train
human2_lib2.final_cell_0125,beta,inDrop2,train
human4_lib3.final_cell_0520,alpha,inDrop4,train
D31-5_30,beta,celseq2,train
human3_lib2.final_cell_0001,acinar,inDrop3,validation
human2_lib2.final_cell_0049,beta,inDrop2,train
human3_lib1.final_cell_0630,ductal,inDrop3,test
HP1526901T2D_A3,alpha,smartseq2,test
D31-3_18,alpha,celseq2,train
D29-4_81,delta,celseq2,train
Sample_786,beta,smarter,validation
Sample_949,alpha,smarter,train
human1_lib3.final_cell_0006,acinar,inDrop1,train
human2_lib3.final_cell_0113,alpha,inDrop2,validation
human4_lib3.final_cell_0572,beta,inDrop4,validation
D30-1_91,acinar,celseq2,train
D29-6_16,beta,celseq2,train
human1_lib3.final_cell_0069,beta,inDrop1,train
13th_C27_S151,acinar,fluidigmc1,train
HP1506401_L14,beta,smartseq2,validation
Sample_284,alpha,smarter,train
D30-1_22,activated_stellate,celseq2,train
HP1525301T2D_N12,ductal,smartseq2,train
human3_lib3.final_cell_0651,acinar,inDrop3,validation
HP1506401_L11,acinar,smartseq2,train
D1713_43,ductal,celseq,train
human2_lib2.final_cell_0201,activated_stellate,inDrop2,train
human3_lib1.final_cell_0011,acinar,inDrop3,validation
Sample_968,alpha,smarter,train
human4_lib1.final_cell_0510,beta,inDrop4,train
human2_lib2.final_cell_0203,beta,inDrop2,train
HP1504901_D15,alpha,smartseq2,train
human1_lib3.final_cell_0314,beta,inDrop1,train
human4_lib1.final_cell_0047,beta,inDrop4,train
Sample_347,alpha,smarter,validation
human1_lib1.final_cell_0432,quiescent_stellate,inDrop1,test
HP1507101_J23,alpha,smartseq2,validation
human2_lib3.final_cell_0206,alpha,inDrop2,train
human4_lib1.final_cell_0190,alpha,inDrop4,train
human3_lib4.final_cell_0385,beta,inDrop3,train
human3_lib2.final_cell_0700,alpha,inDrop3,validation
human4_lib1.final_cell_0043,alpha,inDrop4,test
human3_lib1.final_cell_0108,acinar,inDrop3,train
human1_lib2.final_cell_0433,beta,inDrop1,validation
HP1526901T2D_I7,alpha,smartseq2,validation
HP1504101T2D_I24,alpha,smartseq2,test
D30-4_7,ductal,celseq2,validation
Sample_1451,alpha,smarter,validation
human4_lib1.final_cell_0262,beta,inDrop4,train
D31-4_69,ductal,celseq2,test
human3_lib4.final_cell_0534,ductal,inDrop3,train
D31-4_75,beta,celseq2,validation
human2_lib1.final_cell_0130,alpha,inDrop2,train
HP1507101_D18,alpha,smartseq2,train
human3_lib3.final_cell_0918,beta,inDrop3,train
D29-8_87,beta,celseq2,validation
D3en4_48,acinar,celseq,train
human3_lib3.final_cell_0289,acinar,inDrop3,train
human1_lib3.final_cell_0041,delta,inDrop1,train
Sample_1201,alpha,smarter,train
D30-2_67,alpha,celseq2,train
human3_lib2.final_cell_0642,alpha,inDrop3,validation
human3_lib2.final_cell_0373,endothelial,inDrop3,test
D28-8_15,alpha,celseq2,test
D29-8_13,delta,celseq2,validation
Sample_1527,delta,smarter,train
human2_lib3.final_cell_0399,gamma,inDrop2,test
Sample_1006,alpha,smarter,train
HP1525301T2D_C21,ductal,smartseq2,train
D29-2_5,beta,celseq2,train
Sample_1447,alpha,smarter,train
human3_lib4.final_cell_0412,ductal,inDrop3,test
human3_lib2.final_cell_0794,activated_stellate,inDrop3,test
human4_lib3.final_cell_0625,beta,inDrop4,train
HP1509101_P1,beta,smartseq2,train
human2_lib2.final_cell_0178,delta,inDrop2,train
human3_lib3.final_cell_0529,gamma,inDrop3,train
Sample_1443,alpha,smarter,train
human4_lib1.final_cell_0575,gamma,inDrop4,train
D31-3_28,alpha,celseq2,train
human3_lib3.final_cell_0141,beta,inDrop3,train
D31-3_65,ductal,celseq2,train
human2_lib1.final_cell_0445,alpha,inDrop2,train
HP1508501T2D_A13,alpha,smartseq2,train
human3_lib4.final_cell_0234,acinar,inDrop3,train
human1_lib3.final_cell_0582,quiescent_stellate,inDrop1,train
human3_lib3.final_cell_0477,delta,inDrop3,validation
human1_lib1.final_cell_0012,acinar,inDrop1,test
Sample_441,alpha,smarter,train
human3_lib1.final_cell_0477,alpha,inDrop3,train
human4_lib1.final_cell_0342,beta,inDrop4,test
Sample_1523,delta,smarter,train
human1_lib2.final_cell_0156,beta,inDrop1,train
D30-4_81,acinar,celseq2,train
HP1526901T2D_E22,ductal,smartseq2,train
human2_lib1.final_cell_0132,alpha,inDrop2,validation
human3_lib1.final_cell_0698,acinar,inDrop3,train
human3_lib2.final_cell_0523,beta,inDrop3,train
human4_lib3.final_cell_0345,gamma,inDrop4,test
D17All2_61,delta,celseq,test
human2_lib1.final_cell_0033,alpha,inDrop2,test
D31-2_46,beta,celseq2,train
human2_lib2.final_cell_0417,alpha,inDrop2,train
human4_lib1.final_cell_0127,ductal,inDrop4,validation
human2_lib2.final_cell_0416,beta,inDrop2,validation
human1_lib2.final_cell_0142,beta,inDrop1,train
human4_lib1.final_cell_0480,alpha,inDrop4,train
D30-2_55,delta,celseq2,train
human3_lib3.final_cell_0005,acinar,inDrop3,train
human3_lib1.final_cell_0600,alpha,inDrop3,train
HP1502401_H21,ductal,smartseq2,train
5th-C74_S110,alpha,fluidigmc1,train
human1_lib1.final_cell_0424,beta,inDrop1,train
D30-4_80,delta,celseq2,train
human3_lib4.final_cell_0555,acinar,inDrop3,validation
human3_lib4.final_cell_0715,ductal,inDrop3,train
human2_lib3.final_cell_0123,delta,inDrop2,train
human1_lib2.final_cell_0031,delta,inDrop1,validation
Sample_885,beta,smarter,train
human4_lib1.final_cell_0042,beta,inDrop4,test
human4_lib3.final_cell_0223,beta,inDrop4,train
Sample_668,beta,smarter,validation
human3_lib4.final_cell_0237,quiescent_stellate,inDrop3,train
human3_lib1.final_cell_0298,delta,inDrop3,train
Sample_1136,alpha,smarter,train
human1_lib3.final_cell_0297,beta,inDrop1,train
HP1504901_L13,alpha,smartseq2,validation
Sample_1267,alpha,smarter,train
human3_lib2.final_cell_0757,activated_stellate,inDrop3,train
HP1504101T2D_N16,gamma,smartseq2,test
human3_lib4.final_cell_0445,acinar,inDrop3,train
Sample_558,alpha,smarter,validation
human3_lib1.final_cell_0799,alpha,inDrop3,train
D71_62,beta,celseq,train
HP1526901T2D_N18,gamma,smartseq2,train
D31-2_5,delta,celseq2,test
human3_lib1.final_cell_0260,beta,inDrop3,train
D30-4_30,activated_stellate,celseq2,test
D29-1_86,gamma,celseq2,test
human3_lib1.final_cell_0278,beta,inDrop3,train
human3_lib3.final_cell_0736,acinar,inDrop3,train
human3_lib2.final_cell_0328,alpha,inDrop3,test
D31-1_15,delta,celseq2,train
human1_lib2.final_cell_0106,ductal,inDrop1,train
human2_lib1.final_cell_0201,beta,inDrop2,train
D2ex_3,acinar,celseq,train
D3en1_75,ductal,celseq,train
human3_lib4.final_cell_0651,alpha,inDrop3,validation
D31-2_14,alpha,celseq2,validation
HP1526901T2D_N16,delta,smartseq2,test
D102_50,delta,celseq,train
human1_lib3.final_cell_0580,beta,inDrop1,train
D74_77,beta,celseq,validation
human1_lib3.final_cell_0637,quiescent_stellate,inDrop1,test
D29-2_94,alpha,celseq2,train
human3_lib2.final_cell_0454,beta,inDrop3,train
HP1504101T2D_C15,alpha,smartseq2,train
D3en2_37,acinar,celseq,train
human2_lib3.final_cell_0146,alpha,inDrop2,test
human2_lib2.final_cell_0285,beta,inDrop2,train
human2_lib3.final_cell_0326,alpha,inDrop2,train
human3_lib3.final_cell_0279,beta,inDrop3,train
human3_lib4.final_cell_0103,acinar,inDrop3,train
Sample_34,beta,smarter,train
HP1504101T2D_A23,alpha,smartseq2,train
D29-7_32,alpha,celseq2,train
human4_lib3.final_cell_0655,delta,inDrop4,train
human3_lib2.final_cell_0189,delta,inDrop3,train
human2_lib1.final_cell_0523,activated_stellate,inDrop2,train
human1_lib3.final_cell_0532,epsilon,inDrop1,test
D31-5_67,alpha,celseq2,train
human1_lib1.final_cell_0097,beta,inDrop1,train
human3_lib2.final_cell_0639,alpha,inDrop3,train
human3_lib2.final_cell_0526,ductal,inDrop3,train
D28-6_2,acinar,celseq2,validation
human1_lib2.final_cell_0389,ductal,inDrop1,train
human3_lib3.final_cell_0385,acinar,inDrop3,test
Sample_1563,gamma,smarter,train
human3_lib3.final_cell_0364,beta,inDrop3,test
human3_lib1.final_cell_0591,beta,inDrop3,train
HP1507101_B4,alpha,smartseq2,test
human3_lib1.final_cell_0736,ductal,inDrop3,train
HP1504101T2D_J24,alpha,smartseq2,train
human4_lib1.final_cell_0590,ductal,inDrop4,train
HP1526901T2D_B10,beta,smartseq2,train
HP1507101_J21,alpha,smartseq2,train
Sample_1284,alpha,smarter,test
human3_lib3.final_cell_0144,acinar,inDrop3,train
human3_lib4.final_cell_0601,acinar,inDrop3,train
D31-6_85,beta,celseq2,train
human3_lib3.final_cell_0135,acinar,inDrop3,train
HP1507101_H17,beta,smartseq2,test
human1_lib1.final_cell_0459,quiescent_stellate,inDrop1,train
D28-4_28,acinar,celseq2,train
D31-6_53,acinar,celseq2,train
D73_5,ductal,celseq,test
5th-C56_S95,acinar,fluidigmc1,train
Sample_756,beta,smarter,train
D29-3_53,alpha,celseq2,train
D29-7_62,beta,celseq2,train
D28-4_3,delta,celseq2,train
HP1508501T2D_C2,ductal,smartseq2,train
human4_lib3.final_cell_0089,beta,inDrop4,train
human2_lib1.final_cell_0360,alpha,inDrop2,train
human4_lib3.final_cell_0690,beta,inDrop4,train
human3_lib2.final_cell_0505,alpha,inDrop3,train
Sample_276,alpha,smarter,train
human3_lib4.final_cell_0632,beta,inDrop3,train
D28-8_6,acinar,celseq2,train
human3_lib2.final_cell_0284,beta,inDrop3,train
HP1504101T2D_C18,beta,smartseq2,train
human2_lib1.final_cell_0127,alpha,inDrop2,train
HP1509101_O9,alpha,smartseq2,test
human2_lib2.final_cell_0568,activated_stellate,inDrop2,validation
HP1525301T2D_M2,activated_stellate,smartseq2,train
human3_lib4.final_cell_0072,acinar,inDrop3,train
6th-C45_S81,alpha,fluidigmc1,validation
1st-C64_S79,beta,fluidigmc1,train
human1_lib3.final_cell_0510,endothelial,inDrop1,validation
human4_lib1.final_cell_0449,gamma,inDrop4,validation
human4_lib1.final_cell_0452,ductal,inDrop4,train
human3_lib3.final_cell_0653,beta,inDrop3,train
HP1525301T2D_N6,ductal,smartseq2,train
human3_lib2.final_cell_0042,acinar,inDrop3,train
human2_lib1.final_cell_0039,alpha,inDrop2,train
human2_lib2.final_cell_0001,delta,inDrop2,train
D73_61,beta,celseq,train
human2_lib2.final_cell_0104,activated_stellate,inDrop2,train
human3_lib1.final_cell_0642,acinar,inDrop3,train
HP1507101_M12,alpha,smartseq2,test
Sample_845,beta,smarter,train
human2_lib3.final_cell_0186,alpha,inDrop2,train
D28-7_64,acinar,celseq2,train
human4_lib1.final_cell_0374,beta,inDrop4,train
HP1507101_B16,alpha,smartseq2,validation
human3_lib3.final_cell_0734,activated_stellate,inDrop3,train
human1_lib1.final_cell_0306,delta,inDrop1,train
Sample_729,beta,smarter,validation
12th-C29_S150,alpha,fluidigmc1,validation
human3_lib3.final_cell_0037,acinar,inDrop3,train
Sample_732,beta,smarter,train
D30-4_14,delta,celseq2,train
human1_lib2.final_cell_0515,alpha,inDrop1,validation
12th-C35_S151,beta,fluidigmc1,train
human2_lib1.final_cell_0541,endothelial,inDrop2,train
human3_lib1.final_cell_0518,alpha,inDrop3,train
human4_lib1.final_cell_0158,ductal,inDrop4,train
D28-4_22,ductal,celseq2,train
human3_lib4.final_cell_0813,beta,inDrop3,train
human4_lib3.final_cell_0574,macrophage,inDrop4,train
human2_lib2.final_cell_0307,alpha,inDrop2,train
3rd-C59_S91,beta,fluidigmc1,validation
HP1506401_G8,gamma,smartseq2,train
D31-5_3,beta,celseq2,validation
human1_lib1.final_cell_0114,beta,inDrop1,train
D71_6,ductal,celseq,train
human2_lib2.final_cell_0148,alpha,inDrop2,train
human3_lib2.final_cell_0469,acinar,inDrop3,train
human3_lib3.final_cell_0006,acinar,inDrop3,train
4th-C78_S58,endothelial,fluidigmc1,train
HP1509101_A7,alpha,smartseq2,train
human3_lib3.final_cell_0250,ductal,inDrop3,validation
D30-7_30,activated_stellate,celseq2,validation
HP1507101_A13,beta,smartseq2,train
human3_lib2.final_cell_0444,alpha,inDrop3,train
HP1507101_E7,alpha,smartseq2,validation
human4_lib1.final_cell_0291,beta,inDrop4,train
D28-8_85,beta,celseq2,train
D31-7_56,ductal,celseq2,train
D73_85,beta,celseq,test
human3_lib4.final_cell_0314,ductal,inDrop3,train
4th-C87_S76,delta,fluidigmc1,validation
HP1509101_A8,ductal,smartseq2,train
human3_lib3.final_cell_0349,beta,inDrop3,train
human3_lib4.final_cell_0476,beta,inDrop3,train
human1_lib2.final_cell_0040,delta,inDrop1,train
human3_lib2.final_cell_0730,alpha,inDrop3,train
human4_lib3.final_cell_0692,beta,inDrop4,validation
Sample_985,alpha,smarter,train
HP1525301T2D_H16,ductal,smartseq2,train
human1_lib2.final_cell_0285,beta,inDrop1,train
human3_lib4.final_cell_0655,acinar,inDrop3,train
human3_lib1.final_cell_0613,quiescent_stellate,inDrop3,train
human4_lib3.final_cell_0670,schwann,inDrop4,train
human3_lib1.final_cell_0085,acinar,inDrop3,train
Sample_1234,alpha,smarter,validation
HP1506401_O4,ductal,smartseq2,test
human1_lib3.final_cell_0558,quiescent_stellate,inDrop1,validation
human4_lib3.final_cell_0436,gamma,inDrop4,test
HP1508501T2D_P12,ductal,smartseq2,test
human4_lib1.final_cell_0567,beta,inDrop4,train
human3_lib4.final_cell_0593,activated_stellate,inDrop3,train
human3_lib1.final_cell_0361,activated_stellate,inDrop3,train
human3_lib4.final_cell_0391,ductal,inDrop3,train
human2_lib3.final_cell_0410,delta,inDrop2,train
Sample_736,beta,smarter,test
human1_lib2.final_cell_0108,beta,inDrop1,train
D30-6_16,alpha,celseq2,train
HP1508501T2D_M18,acinar,smartseq2,train
human4_lib1.final_cell_0436,beta,inDrop4,train
HP1507101_F1,alpha,smartseq2,train
HP1507101_O13,alpha,smartseq2,train
13th_C51_S170,delta,fluidigmc1,train
HP1504101T2D_M15,alpha,smartseq2,train
human1_lib3.final_cell_0531,beta,inDrop1,train
human4_lib3.final_cell_0164,alpha,inDrop4,validation
D30-1_1,acinar,celseq2,train
HP1502401_M6,delta,smartseq2,validation
human4_lib3.final_cell_0671,alpha,inDrop4,validation
human1_lib1.final_cell_0322,alpha,inDrop1,train
human3_lib4.final_cell_0507,ductal,inDrop3,train
human3_lib2.final_cell_0061,acinar,inDrop3,train
Sample_830,beta,smarter,train
human1_lib2.final_cell_0075,beta,inDrop1,train
Sample_471,alpha,smarter,train
HP1504901_G9,alpha,smartseq2,train
HP1504101T2D_J18,alpha,smartseq2,train
human3_lib3.final_cell_0628,ductal,inDrop3,test
Sample_1462,alpha,smarter,validation
human3_lib1.final_cell_0332,alpha,inDrop3,train
D28-6_4,acinar,celseq2,test
human2_lib3.final_cell_0177,alpha,inDrop2,train
HP1504901_J9,gamma,smartseq2,test
Sample_1361,alpha,smarter,validation
human3_lib3.final_cell_0896,t_cell,inDrop3,train
human2_lib1.final_cell_0354,beta,inDrop2,train
human3_lib2.final_cell_0059,acinar,inDrop3,train
human1_lib3.final_cell_0502,beta,inDrop1,train
human3_lib4.final_cell_0417,alpha,inDrop3,train
Sample_773,beta,smarter,train
11th-C56_S32,activated_stellate,fluidigmc1,train
human1_lib3.final_cell_0126,beta,inDrop1,test
HP1504901_J19,alpha,smartseq2,train
human3_lib3.final_cell_0186,acinar,inDrop3,train
human3_lib2.final_cell_0225,delta,inDrop3,train
human3_lib4.final_cell_0443,ductal,inDrop3,train
human3_lib4.final_cell_0677,alpha,inDrop3,test
human3_lib2.final_cell_0360,alpha,inDrop3,train
D74_60,ductal,celseq,train
D30-4_10,activated_stellate,celseq2,train
HP1507101_O1,alpha,smartseq2,train
D30-2_75,delta,celseq2,train
12th-C56_S211,ductal,fluidigmc1,train
10th_C57_S81,alpha,fluidigmc1,validation
HP1525301T2D_F4,alpha,smartseq2,train
D3ex_36,acinar,celseq,train
Sample_170,beta,smarter,test
Sample_101,beta,smarter,test
HP1525301T2D_G22,alpha,smartseq2,train
human2_lib2.final_cell_0480,alpha,inDrop2,train
HP1502401_H10,alpha,smartseq2,train
human2_lib2.final_cell_0182,beta,inDrop2,test
human3_lib3.final_cell_0600,alpha,inDrop3,train
Sample_995,alpha,smarter,train
human4_lib3.final_cell_0664,ductal,inDrop4,train
human2_lib1.final_cell_0511,ductal,inDrop2,train
D31-5_38,beta,celseq2,test
D30-4_35,activated_stellate,celseq2,train
D28-3_18,gamma,celseq2,train
D30-8_37,acinar,celseq2,train
Sample_704,beta,smarter,train
10th_C45_S66,alpha,fluidigmc1,train
human1_lib1.final_cell_0147,beta,inDrop1,train
Sample_522,alpha,smarter,train
D17All1_36,acinar,celseq,train
human3_lib2.final_cell_0849,alpha,inDrop3,validation
HP1504901_A5,gamma,smartseq2,train
human3_lib2.final_cell_0749,beta,inDrop3,train
HP1507101_B15,alpha,smartseq2,train
HP1526901T2D_M20,ductal,smartseq2,train
human3_lib3.final_cell_0138,beta,inDrop3,train
Sample_792,beta,smarter,test
human1_lib2.final_cell_0468,delta,inDrop1,train
human4_lib3.final_cell_0286,ductal,inDrop4,train
D30-6_56,beta,celseq2,validation
HP1526901T2D_H24,beta,smartseq2,test
D29-7_21,delta,celseq2,train
human3_lib3.final_cell_0854,beta,inDrop3,train
D31-8_16,gamma,celseq2,test
Sample_888,beta,smarter,train
HP1506401_C15,beta,smartseq2,train
human2_lib3.final_cell_0349,endothelial,inDrop2,train
Sample_674,beta,smarter,validation
human3_lib3.final_cell_0739,alpha,inDrop3,train
D30-5_37,alpha,celseq2,train
human2_lib1.final_cell_0510,alpha,inDrop2,train
human2_lib1.final_cell_0249,beta,inDrop2,train
human4_lib1.final_cell_0453,delta,inDrop4,train
HP1502401_K20,alpha,smartseq2,train
D72_96,beta,celseq,train
human3_lib3.final_cell_0020,acinar,inDrop3,train
human2_lib1.final_cell_0441,alpha,inDrop2,train
HP1509101_J8,alpha,smartseq2,test
human1_lib3.final_cell_0238,alpha,inDrop1,train
human4_lib3.final_cell_0629,alpha,inDrop4,validation
HP1525301T2D_K11,ductal,smartseq2,test
human3_lib1.final_cell_0350,alpha,inDrop3,train
human1_lib1.final_cell_0054,beta,inDrop1,train
Sample_1282,alpha,smarter,train
human4_lib3.final_cell_0415,beta,inDrop4,train
D31-4_92,beta,celseq2,train
Sample_47,beta,smarter,train
human1_lib1.final_cell_0382,acinar,inDrop1,train
human2_lib2.final_cell_0234,macrophage,inDrop2,train
human3_lib2.final_cell_0377,alpha,inDrop3,test
human1_lib3.final_cell_0386,acinar,inDrop1,validation
human1_lib3.final_cell_0110,delta,inDrop1,test
human3_lib2.final_cell_0429,endothelial,inDrop3,validation
HP1507101_A4,alpha,smartseq2,test
human3_lib3.final_cell_0540,ductal,inDrop3,train
D31-3_89,acinar,celseq2,train
human3_lib1.final_cell_0693,alpha,inDrop3,train
human4_lib3.final_cell_0626,beta,inDrop4,train
human2_lib3.final_cell_0320,beta,inDrop2,train
5th-C6_S84,alpha,fluidigmc1,train
D101_51,acinar,celseq,train
D30-2_41,acinar,celseq2,test
HP1502401_B8,delta,smartseq2,train
HP1502401_N16,ductal,smartseq2,train
human1_lib1.final_cell_0473,beta,inDrop1,train
human2_lib3.final_cell_0343,alpha,inDrop2,train
D29-1_54,ductal,celseq2,train
human2_lib1.final_cell_0388,beta,inDrop2,test
human4_lib3.final_cell_0012,beta,inDrop4,validation
Sample_510,alpha,smarter,train
HP1508501T2D_N21,acinar,smartseq2,train
D2ex_38,ductal,celseq,train
human1_lib1.final_cell_0385,alpha,inDrop1,train
human2_lib3.final_cell_0229,ductal,inDrop2,train
human3_lib2.final_cell_0701,quiescent_stellate,inDrop3,validation
human1_lib3.final_cell_0575,endothelial,inDrop1,validation
human4_lib1.final_cell_0447,activated_stellate,inDrop4,test
HP1506401_P1,ductal,smartseq2,train
human3_lib1.final_cell_0302,acinar,inDrop3,train
D17All2_68,beta,celseq,train
human1_lib2.final_cell_0313,endothelial,inDrop1,train
human3_lib4.final_cell_0710,ductal,inDrop3,train
Sample_270,alpha,smarter,train
human1_lib2.final_cell_0208,beta,inDrop1,train
D31-3_64,acinar,celseq2,train
human1_lib3.final_cell_0513,beta,inDrop1,train
Sample_658,beta,smarter,train
human1_lib2.final_cell_0322,beta,inDrop1,train
D29-5_55,beta,celseq2,test
human3_lib3.final_cell_0127,alpha,inDrop3,train
human3_lib1.final_cell_0333,beta,inDrop3,train
HP1508501T2D_B15,alpha,smartseq2,train
human1_lib1.final_cell_0123,epsilon,inDrop1,train
Sample_377,alpha,smarter,train
human3_lib3.final_cell_0574,beta,inDrop3,test
human1_lib2.final_cell_0578,endothelial,inDrop1,train
human3_lib1.final_cell_0681,alpha,inDrop3,train
human3_lib4.final_cell_0842,endothelial,inDrop3,train
HP1526901T2D_C24,delta,smartseq2,test
HP1507101_F5,alpha,smartseq2,train
human3_lib1.final_cell_0818,alpha,inDrop3,train
human2_lib3.final_cell_0197,beta,inDrop2,train
HP1506401_C7,acinar,smartseq2,train
D74_63,ductal,celseq,validation
HP1525301T2D_K15,alpha,smartseq2,train
human3_lib2.final_cell_0772,alpha,inDrop3,train
D17TGFB_40,alpha,celseq,train
Sample_1383,alpha,smarter,train
D102_17,delta,celseq,validation
HP1506401_K19,ductal,smartseq2,train
human1_lib2.final_cell_0053,beta,inDrop1,train
human2_lib3.final_cell_0142,alpha,inDrop2,train
human3_lib4.final_cell_0662,acinar,inDrop3,train
D30-7_60,alpha,celseq2,test
11th-C2_S8,activated_stellate,fluidigmc1,train
D29-6_29,alpha,celseq2,train
HP1507101_P12,alpha,smartseq2,train
D31-2_63,alpha,celseq2,train
human1_lib3.final_cell_0185,alpha,inDrop1,test
D29-1_13,alpha,celseq2,train
human1_lib2.final_cell_0192,beta,inDrop1,train
D31-2_69,acinar,celseq2,validation
human1_lib3.final_cell_0279,ductal,inDrop1,test
Sample_1565,gamma,smarter,train
human3_lib2.final_cell_0783,alpha,inDrop3,train
Sample_1493,alpha,smarter,validation
human3_lib2.final_cell_0391,ductal,inDrop3,train
HP1525301T2D_P21,ductal,smartseq2,train
D30-6_44,acinar,celseq2,test
D71_56,ductal,celseq,train
Sample_1553,gamma,smarter,train
HP1507101_A20,alpha,smartseq2,train
Sample_1127,alpha,smarter,train
D2ex_41,acinar,celseq,train
human2_lib2.final_cell_0411,beta,inDrop2,train
human2_lib2.final_cell_0056,beta,inDrop2,test
HP1508501T2D_B23,alpha,smartseq2,train
human4_lib1.final_cell_0147,ductal,inDrop4,validation
Sample_492,alpha,smarter,train
Sample_1387,alpha,smarter,train
human3_lib2.final_cell_0768,beta,inDrop3,train
D31-5_87,alpha,celseq2,train
human4_lib3.final_cell_0268,beta,inDrop4,train
human3_lib2.final_cell_0249,beta,inDrop3,test
human1_lib3.final_cell_0162,beta,inDrop1,train
D73_86,delta,celseq,test
HP1506401_J19,beta,smartseq2,train
human4_lib1.final_cell_0012,ductal,inDrop4,train
Sample_1090,alpha,smarter,train
HP1525301T2D_I7,alpha,smartseq2,train
HP1504901_J17,alpha,smartseq2,train
human3_lib3.final_cell_0426,alpha,inDrop3,train
human3_lib4.final_cell_0611,acinar,inDrop3,train
Sample_265,alpha,smarter,test
human1_lib3.final_cell_0486,beta,inDrop1,train
human3_lib2.final_cell_0643,acinar,inDrop3,train
human3_lib3.final_cell_0389,beta,inDrop3,train
HP1526901T2D_O24,beta,smartseq2,train
AZ_B10,delta,smartseq2,train
human2_lib3.final_cell_0356,ductal,inDrop2,train
human3_lib1.final_cell_0462,ductal,inDrop3,validation
D29-8_54,delta,celseq2,train
Sample_129,beta,smarter,train
human3_lib1.final_cell_0697,endothelial,inDrop3,test
human1_lib3.final_cell_0315,alpha,inDrop1,train
human2_lib1.final_cell_0414,gamma,inDrop2,test
human4_lib3.final_cell_0024,beta,inDrop4,train
Sample_903,beta,smarter,validation
Sample_1298,alpha,smarter,test
human2_lib1.final_cell_0113,ductal,inDrop2,train
human3_lib2.final_cell_0728,acinar,inDrop3,test
D28-3_85,acinar,celseq2,validation
human4_lib3.final_cell_0499,delta,inDrop4,train
human3_lib2.final_cell_0762,acinar,inDrop3,validation
D30-8_94,activated_stellate,celseq2,train
Sample_1018,alpha,smarter,train
HP1509101_F23,endothelial,smartseq2,train
human1_lib2.final_cell_0181,beta,inDrop1,test
D29-1_92,beta,celseq2,train
human3_lib4.final_cell_0005,acinar,inDrop3,train
human3_lib2.final_cell_0707,alpha,inDrop3,test
human4_lib1.final_cell_0511,alpha,inDrop4,train
human1_lib3.final_cell_0017,delta,inDrop1,train
human1_lib3.final_cell_0669,beta,inDrop1,train
human2_lib1.final_cell_0001,delta,inDrop2,train
human1_lib2.final_cell_0305,beta,inDrop1,train
human1_lib1.final_cell_0265,gamma,inDrop1,train
D31-7_69,beta,celseq2,train
human3_lib2.final_cell_0030,beta,inDrop3,train
human1_lib1.final_cell_0199,beta,inDrop1,validation
D30-3_50,alpha,celseq2,train
human1_lib3.final_cell_0433,beta,inDrop1,train
human3_lib4.final_cell_0570,beta,inDrop3,train
7th-C66_S33,beta,fluidigmc1,train
D74_47,ductal,celseq,train
HP1509101_D10,activated_stellate,smartseq2,train
human4_lib1.final_cell_0346,ductal,inDrop4,train
human1_lib1.final_cell_0286,beta,inDrop1,test
human2_lib1.final_cell_0362,ductal,inDrop2,train
HP1509101_J15,alpha,smartseq2,train
HP1506401_O16,acinar,smartseq2,train
Sample_1187,alpha,smarter,test
D29-7_2,beta,celseq2,train
human2_lib3.final_cell_0240,activated_stellate,inDrop2,train
HP1502401_O2,alpha,smartseq2,train
human3_lib1.final_cell_0672,ductal,inDrop3,train
human3_lib2.final_cell_0296,alpha,inDrop3,validation
13th_C16_S193,beta,fluidigmc1,validation
human2_lib2.final_cell_0439,beta,inDrop2,validation
D3en2_45,acinar,celseq,train
HP1508501T2D_D3,alpha,smartseq2,train
human3_lib1.final_cell_0020,acinar,inDrop3,train
human4_lib1.final_cell_0106,delta,inDrop4,train
human3_lib3.final_cell_0791,alpha,inDrop3,test
human1_lib1.final_cell_0393,beta,inDrop1,test
human3_lib2.final_cell_0616,acinar,inDrop3,validation
human2_lib3.final_cell_0441,alpha,inDrop2,train
human2_lib2.final_cell_0108,beta,inDrop2,train
HP1526901T2D_K18,alpha,smartseq2,train
2nd-C7_S15,beta,fluidigmc1,train
HP1502401_D4,ductal,smartseq2,train
human2_lib2.final_cell_0096,alpha,inDrop2,train
D31-1_90,ductal,celseq2,train
Sample_206,beta,smarter,train
D30-5_15,activated_stellate,celseq2,train
human4_lib3.final_cell_0441,ductal,inDrop4,train
human3_lib3.final_cell_0629,beta,inDrop3,train
human3_lib4.final_cell_0604,beta,inDrop3,test
D1713_22,ductal,celseq,train
human2_lib2.final_cell_0545,alpha,inDrop2,test
human4_lib3.final_cell_0078,beta,inDrop4,train
D71_2,acinar,celseq,train
D29-5_11,alpha,celseq2,train
HP1526901T2D_D12,ductal,smartseq2,validation
D30-2_22,delta,celseq2,train
human1_lib1.final_cell_0409,beta,inDrop1,train
human4_lib3.final_cell_0604,endothelial,inDrop4,train
human3_lib4.final_cell_0795,quiescent_stellate,inDrop3,validation
human4_lib1.final_cell_0026,beta,inDrop4,train
human2_lib2.final_cell_0113,beta,inDrop2,train
human2_lib1.final_cell_0306,alpha,inDrop2,test
HP1526901T2D_C3,beta,smartseq2,train
D29-2_52,alpha,celseq2,train
human3_lib3.final_cell_0357,alpha,inDrop3,train
human4_lib3.final_cell_0336,ductal,inDrop4,train
human2_lib2.final_cell_0501,ductal,inDrop2,validation
human4_lib3.final_cell_0619,beta,inDrop4,train
human2_lib3.final_cell_0133,beta,inDrop2,train
human4_lib3.final_cell_0463,beta,inDrop4,train
Sample_401,alpha,smarter,train
D31-8_58,ductal,celseq2,train
human3_lib1.final_cell_0179,acinar,inDrop3,train
human3_lib2.final_cell_0521,alpha,inDrop3,validation
11th-C16_S64,activated_stellate,fluidigmc1,validation
human1_lib1.final_cell_0565,endothelial,inDrop1,train
human3_lib4.final_cell_0622,acinar,inDrop3,train
human1_lib1.final_cell_0529,beta,inDrop1,test
human3_lib1.final_cell_0276,activated_stellate,inDrop3,validation
HP1504901_L14,alpha,smartseq2,train
1st-C32_S14,beta,fluidigmc1,validation
D29-8_62,delta,celseq2,validation
HP1507101_G20,alpha,smartseq2,train
human3_lib1.final_cell_0607,alpha,inDrop3,train
human3_lib3.final_cell_0912,beta,inDrop3,train
HP1508501T2D_J22,ductal,smartseq2,validation
D17TGFB_48,alpha,celseq,test
HP1509101_B8,alpha,smartseq2,train
human4_lib3.final_cell_0610,beta,inDrop4,validation
Sample_691,beta,smarter,train
human1_lib1.final_cell_0016,activated_stellate,inDrop1,train
D28-7_66,alpha,celseq2,train
human3_lib3.final_cell_0220,acinar,inDrop3,train
D2ex_5,ductal,celseq,train
human1_lib3.final_cell_0444,quiescent_stellate,inDrop1,test
D31-7_45,beta,celseq2,train
human3_lib2.final_cell_0016,delta,inDrop3,validation
human1_lib2.final_cell_0370,delta,inDrop1,test
human4_lib3.final_cell_0308,activated_stellate,inDrop4,validation
HP1504101T2D_G16,gamma,smartseq2,train
human4_lib1.final_cell_0200,delta,inDrop4,train
human3_lib4.final_cell_0816,beta,inDrop3,train
D29-4_3,gamma,celseq2,validation
D28-1_52,ductal,celseq2,train
HP1508501T2D_I16,alpha,smartseq2,train
human4_lib1.final_cell_0579,macrophage,inDrop4,test
D17All1_16,ductal,celseq,train
human4_lib3.final_cell_0335,ductal,inDrop4,test
D29-6_28,beta,celseq2,train
human1_lib2.final_cell_0559,endothelial,inDrop1,train
D30-7_18,alpha,celseq2,train
human3_lib2.final_cell_0511,beta,inDrop3,validation
D31-3_14,acinar,celseq2,train
HP1506401_E9,alpha,smartseq2,train
5th-C90_S115,beta,fluidigmc1,train
7th-C52_S9,beta,fluidigmc1,train
human1_lib1.final_cell_0402,beta,inDrop1,test
human4_lib1.final_cell_0102,beta,inDrop4,train
human3_lib1.final_cell_0551,ductal,inDrop3,train
human3_lib1.final_cell_0842,quiescent_stellate,inDrop3,train
human1_lib3.final_cell_0096,delta,inDrop1,train
D31-6_19,beta,celseq2,validation
HP1507101_H11,alpha,smartseq2,test
D71_34,acinar,celseq,train
D30-5_50,ductal,celseq2,test
Sample_945,beta,smarter,test
1st-C78_S85,alpha,fluidigmc1,validation
D30-7_13,delta,celseq2,train
Sample_728,beta,smarter,train
human4_lib3.final_cell_0580,beta,inDrop4,train
D101_13,delta,celseq,validation
human3_lib2.final_cell_0747,alpha,inDrop3,test
human2_lib2.final_cell_0008,alpha,inDrop2,train
Sample_1185,alpha,smarter,train
HP1506401_B17,ductal,smartseq2,train
HP1506401_E18,acinar,smartseq2,train
D72_66,ductal,celseq,train
human3_lib4.final_cell_0885,beta,inDrop3,train
Sample_1212,alpha,smarter,train
human3_lib3.final_cell_0763,alpha,inDrop3,test
human2_lib2.final_cell_0261,alpha,inDrop2,train
human3_lib2.final_cell_0809,beta,inDrop3,train
D29-8_34,beta,celseq2,train
human2_lib1.final_cell_0458,alpha,inDrop2,train
human3_lib2.final_cell_0481,acinar,inDrop3,train
human1_lib3.final_cell_0638,quiescent_stellate,inDrop1,train
human3_lib3.final_cell_0014,acinar,inDrop3,test
Sample_1231,alpha,smarter,train
Sample_440,alpha,smarter,train
human2_lib3.final_cell_0502,beta,inDrop2,train
human3_lib3.final_cell_0405,alpha,inDrop3,train
12th-C11_S147,alpha,fluidigmc1,train
human3_lib2.final_cell_0745,alpha,inDrop3,train
human2_lib3.final_cell_0464,alpha,inDrop2,validation
human3_lib3.final_cell_0610,acinar,inDrop3,test
D102_79,ductal,celseq,train
human3_lib3.final_cell_0690,beta,inDrop3,train
D31-4_93,acinar,celseq2,test
D28-2_26,ductal,celseq2,test
human2_lib3.final_cell_0414,beta,inDrop2,validation
human1_lib3.final_cell_0226,alpha,inDrop1,train
D28-6_86,beta,celseq2,train
D30-3_89,beta,celseq2,train
human2_lib3.final_cell_0083,alpha,inDrop2,train
human1_lib2.final_cell_0166,delta,inDrop1,train
human1_lib2.final_cell_0009,acinar,inDrop1,train
D31-3_42,delta,celseq2,validation
human3_lib4.final_cell_0737,quiescent_stellate,inDrop3,train
HP1504901_N2,alpha,smartseq2,test
Sample_1228,alpha,smarter,train
human1_lib2.final_cell_0498,delta,inDrop1,train
human3_lib1.final_cell_0163,beta,inDrop3,train
D29-1_32,alpha,celseq2,train
HP1526901T2D_M8,ductal,smartseq2,train
D3en4_64,ductal,celseq,test
human3_lib3.final_cell_0297,beta,inDrop3,test
D102_25,beta,celseq,train
D31-1_83,ductal,celseq2,train
human1_lib3.final_cell_0132,beta,inDrop1,train
Sample_1572,gamma,smarter,test
human3_lib2.final_cell_0787,alpha,inDrop3,train
D31-8_28,delta,celseq2,train
HP1504901_B9,delta,smartseq2,train
D31-8_36,gamma,celseq2,train
human1_lib3.final_cell_0448,ductal,inDrop1,train
1st-C21_S4,alpha,fluidigmc1,validation
human3_lib1.final_cell_0481,alpha,inDrop3,train
HP1526901T2D_P8,mast,smartseq2,train
D30-8_11,alpha,celseq2,test
human1_lib2.final_cell_0482,alpha,inDrop1,train
D29-1_55,alpha,celseq2,train
human1_lib2.final_cell_0535,activated_stellate,inDrop1,train
human1_lib2.final_cell_0360,macrophage,inDrop1,validation
human3_lib4.final_cell_0825,ductal,inDrop3,test
D30-8_32,delta,celseq2,train
D29-1_15,gamma,celseq2,test
human3_lib1.final_cell_0362,acinar,inDrop3,train
human2_lib2.final_cell_0344,beta,inDrop2,train
AZ_A12,delta,smartseq2,train
D28-6_73,acinar,celseq2,validation
D31-8_67,gamma,celseq2,train
Sample_692,beta,smarter,train
human2_lib3.final_cell_0076,macrophage,inDrop2,test
human3_lib1.final_cell_0271,delta,inDrop3,train
human2_lib1.final_cell_0428,alpha,inDrop2,train
human1_lib1.final_cell_0177,acinar,inDrop1,train
human4_lib1.final_cell_0252,ductal,inDrop4,validation
human3_lib1.final_cell_0843,alpha,inDrop3,train
D17TGFB_42,alpha,celseq,test
3rd-C9_S5,alpha,fluidigmc1,train
human4_lib3.final_cell_0663,beta,inDrop4,test
human3_lib3.final_cell_0850,beta,inDrop3,train
human2_lib3.final_cell_0403,alpha,inDrop2,train
HP1506401_F17,alpha,smartseq2,validation
D31-1_66,alpha,celseq2,test
human4_lib3.final_cell_0127,alpha,inDrop4,train
HP1526901T2D_I14,alpha,smartseq2,train
Sample_787,beta,smarter,train
human1_lib3.final_cell_0071,beta,inDrop1,train
human1_lib3.final_cell_0391,alpha,inDrop1,train
human1_lib3.final_cell_0590,endothelial,inDrop1,test
human3_lib3.final_cell_0878,beta,inDrop3,test
D31-1_33,delta,celseq2,train
human3_lib4.final_cell_0100,ductal,inDrop3,test
D31-6_44,ductal,celseq2,train
HP1525301T2D_G9,ductal,smartseq2,test
Sample_1191,alpha,smarter,validation
human3_lib1.final_cell_0580,acinar,inDrop3,test
human3_lib4.final_cell_0618,beta,inDrop3,train
human3_lib2.final_cell_0097,acinar,inDrop3,train
human3_lib4.final_cell_0647,acinar,inDrop3,validation
human2_lib2.final_cell_0385,alpha,inDrop2,train
human3_lib3.final_cell_0183,alpha,inDrop3,train
D31-8_86,alpha,celseq2,train
D28-5_51,activated_stellate,celseq2,test
human3_lib3.final_cell_0069,acinar,inDrop3,test
human3_lib3.final_cell_0623,alpha,inDrop3,test
HP1504101T2D_L14,acinar,smartseq2,train
human1_lib2.final_cell_0126,acinar,inDrop1,train
HP1504101T2D_I1,alpha,smartseq2,validation
Sample_608,delta,smarter,validation
D101_35,beta,celseq,train
D17All1_64,alpha,celseq,test
D28-3_61,delta,celseq2,train
human3_lib3.final_cell_0182,activated_stellate,inDrop3,train
human2_lib1.final_cell_0090,beta,inDrop2,train
human1_lib3.final_cell_0225,beta,inDrop1,train
Sample_723,beta,smarter,train
human2_lib1.final_cell_0317,ductal,inDrop2,test
human2_lib1.final_cell_0419,alpha,inDrop2,test
D29-2_35,alpha,celseq2,validation
human1_lib3.final_cell_0114,delta,inDrop1,test
D31-7_61,alpha,celseq2,train
human3_lib2.final_cell_0410,alpha,inDrop3,train
Sample_1440,alpha,smarter,validation
2nd-C57_S18,alpha,fluidigmc1,train
HP1526901T2D_L24,delta,smartseq2,train
human3_lib1.final_cell_0150,acinar,inDrop3,validation
human2_lib2.final_cell_0520,gamma,inDrop2,train
AZ_E7,beta,smartseq2,validation
human3_lib4.final_cell_0105,beta,inDrop3,train
human3_lib2.final_cell_0347,beta,inDrop3,train
human2_lib2.final_cell_0453,gamma,inDrop2,train
Sample_1581,gamma,smarter,validation
human2_lib3.final_cell_0437,beta,inDrop2,train
human4_lib3.final_cell_0556,ductal,inDrop4,test
human3_lib2.final_cell_0205,alpha,inDrop3,train
human1_lib2.final_cell_0255,beta,inDrop1,train
Sample_335,alpha,smarter,train
4th-C70_S46,ductal,fluidigmc1,train
D28-2_16,ductal,celseq2,test
human4_lib3.final_cell_0004,beta,inDrop4,test
HP1504101T2D_N19,alpha,smartseq2,train
HP1502401_M15,alpha,smartseq2,train
D74_40,delta,celseq,train
D31-8_11,acinar,celseq2,validation
Sample_296,alpha,smarter,train
Sample_1343,alpha,smarter,train
HP1508501T2D_H13,ductal,smartseq2,test
D29-7_20,ductal,celseq2,train
Sample_554,alpha,smarter,train
HP1506401_N7,gamma,smartseq2,train
human2_lib3.final_cell_0028,ductal,inDrop2,train
9th-C61_S25,ductal,fluidigmc1,test
human4_lib1.final_cell_0519,alpha,inDrop4,train
HP1509101_G19,alpha,smartseq2,train
Sample_742,beta,smarter,test
D31-5_61,beta,celseq2,train
human3_lib2.final_cell_0230,beta,inDrop3,validation
human4_lib1.final_cell_0552,beta,inDrop4,train
human3_lib1.final_cell_0539,alpha,inDrop3,validation
human4_lib1.final_cell_0137,ductal,inDrop4,test
human2_lib2.final_cell_0591,beta,inDrop2,train
D31-5_21,alpha,celseq2,train
D3en4_65,ductal,celseq,train
D31-1_22,acinar,celseq2,train
human2_lib1.final_cell_0096,gamma,inDrop2,validation
human1_lib1.final_cell_0085,activated_stellate,inDrop1,test
HP1507101_O23,delta,smartseq2,train
D30-8_24,acinar,celseq2,train
human2_lib1.final_cell_0366,beta,inDrop2,train
D28-7_52,acinar,celseq2,test
human3_lib2.final_cell_0253,ductal,inDrop3,train
human4_lib3.final_cell_0178,ductal,inDrop4,train
human1_lib1.final_cell_0324,alpha,inDrop1,test
HP1504101T2D_F12,alpha,smartseq2,train
D30-5_63,alpha,celseq2,test
HP1504101T2D_M8,epsilon,smartseq2,train
human1_lib3.final_cell_0221,beta,inDrop1,train
human4_lib1.final_cell_0152,alpha,inDrop4,train
D17All2_13,beta,celseq,train
human2_lib1.final_cell_0275,delta,inDrop2,train
human1_lib3.final_cell_0663,beta,inDrop1,train
human1_lib1.final_cell_0509,endothelial,inDrop1,train
human3_lib1.final_cell_0078,acinar,inDrop3,train
human3_lib1.final_cell_0686,quiescent_stellate,inDrop3,train
human3_lib1.final_cell_0749,quiescent_stellate,inDrop3,train
human4_lib3.final_cell_0180,beta,inDrop4,validation
human3_lib1.final_cell_0610,beta,inDrop3,test
HP1526901T2D_O13,beta,smartseq2,train
HP1504101T2D_B6,beta,smartseq2,train
human3_lib1.final_cell_0824,endothelial,inDrop3,train
HP1507101_K20,activated_stellate,smartseq2,validation
human3_lib2.final_cell_0572,alpha,inDrop3,train
human3_lib3.final_cell_0064,acinar,inDrop3,validation
D30-2_34,alpha,celseq2,train
D31-7_6,alpha,celseq2,test
D29-5_69,beta,celseq2,test
human1_lib3.final_cell_0409,acinar,inDrop1,validation
HP1506401_G9,beta,smartseq2,train
D30-4_42,ductal,celseq2,test
Sample_212,alpha,smarter,train
D30-3_43,delta,celseq2,test
human3_lib3.final_cell_0834,alpha,inDrop3,train
human1_lib2.final_cell_0573,beta,inDrop1,test
human3_lib2.final_cell_0463,alpha,inDrop3,train
human4_lib1.final_cell_0347,delta,inDrop4,train
human3_lib4.final_cell_0856,alpha,inDrop3,train
HP1504901_D2,alpha,smartseq2,train
human2_lib3.final_cell_0391,alpha,inDrop2,train
human1_lib1.final_cell_0455,quiescent_stellate,inDrop1,test
human1_lib3.final_cell_0255,activated_stellate,inDrop1,test
Sample_976,alpha,smarter,train
human3_lib4.final_cell_0313,beta,inDrop3,validation
human4_lib3.final_cell_0146,ductal,inDrop4,train
human1_lib3.final_cell_0205,ductal,inDrop1,train
human3_lib1.final_cell_0031,acinar,inDrop3,validation
HP1506401_O6,gamma,smartseq2,validation
human2_lib3.final_cell_0559,gamma,inDrop2,train
human3_lib1.final_cell_0578,ductal,inDrop3,test
human2_lib2.final_cell_0531,gamma,inDrop2,validation
HP1504101T2D_M10,alpha,smartseq2,test
human2_lib2.final_cell_0530,ductal,inDrop2,train
human2_lib3.final_cell_0460,ductal,inDrop2,train
D31-5_51,ductal,celseq2,train
human3_lib3.final_cell_0090,acinar,inDrop3,validation
human1_lib2.final_cell_0402,ductal,inDrop1,train
human1_lib3.final_cell_0385,acinar,inDrop1,train
HP1526901T2D_E9,ductal,smartseq2,validation
human3_lib3.final_cell_0483,acinar,inDrop3,test
D29-2_68,gamma,celseq2,train
human1_lib3.final_cell_0730,beta,inDrop1,test
D29-6_60,alpha,celseq2,train
D2ex_90,ductal,celseq,train
human2_lib3.final_cell_0455,gamma,inDrop2,validation
HP1526901T2D_O21,alpha,smartseq2,train
human4_lib3.final_cell_0175,alpha,inDrop4,train
human3_lib2.final_cell_0305,alpha,inDrop3,validation
human1_lib3.final_cell_0514,alpha,inDrop1,test
human1_lib2.final_cell_0290,beta,inDrop1,train
human2_lib3.final_cell_0355,beta,inDrop2,train
HP1502401_L3,alpha,smartseq2,train
5th-C45_S123,acinar,fluidigmc1,validation
human2_lib1.final_cell_0321,ductal,inDrop2,train
D31-7_34,beta,celseq2,train
human1_lib3.final_cell_0524,alpha,inDrop1,train
D30-6_19,alpha,celseq2,train
Sample_1342,alpha,smarter,train
human1_lib3.final_cell_0347,beta,inDrop1,test
HP1526901T2D_P19,alpha,smartseq2,train
D29-1_40,beta,celseq2,train
HP1502401_I22,alpha,smartseq2,train
human1_lib3.final_cell_0436,alpha,inDrop1,validation
HP1509101_C21,ductal,smartseq2,train
10th_C42_S109,acinar,fluidigmc1,train
human3_lib3.final_cell_0139,acinar,inDrop3,train
HP1504101T2D_M9,alpha,smartseq2,train
Sample_1308,alpha,smarter,validation
human3_lib1.final_cell_0816,delta,inDrop3,train
human2_lib3.final_cell_0463,beta,inDrop2,train
human2_lib3.final_cell_0067,alpha,inDrop2,train
human3_lib1.final_cell_0813,alpha,inDrop3,train
7th-C72_S42,delta,fluidigmc1,train
Sample_1160,alpha,smarter,train
human2_lib2.final_cell_0472,gamma,inDrop2,test
Sample_663,beta,smarter,train
HP1508501T2D_D17,alpha,smartseq2,train
D31-4_15,gamma,celseq2,train
D73_65,ductal,celseq,test
human4_lib1.final_cell_0076,ductal,inDrop4,train
Sample_383,alpha,smarter,train
human3_lib3.final_cell_0352,alpha,inDrop3,train
Sample_169,beta,smarter,train
D31-6_94,alpha,celseq2,test
HP1504901_H1,alpha,smartseq2,validation
HP1507101_H22,alpha,smartseq2,train
HP1504901_G15,alpha,smartseq2,train
D172444_26,alpha,celseq,test
human2_lib2.final_cell_0022,beta,inDrop2,train
human4_lib1.final_cell_0004,ductal,inDrop4,train
human1_lib2.final_cell_0167,beta,inDrop1,validation
HP1506401_J7,ductal,smartseq2,train
human2_lib3.final_cell_0312,ductal,inDrop2,train
human4_lib3.final_cell_0242,alpha,inDrop4,train
D31-3_68,beta,celseq2,validation
HP1526901T2D_I10,delta,smartseq2,validation
human3_lib3.final_cell_0096,acinar,inDrop3,train
D28-3_41,beta,celseq2,test
human4_lib1.final_cell_0286,alpha,inDrop4,train
D31-2_77,ductal,celseq2,train
9th-C84_S60,epsilon,fluidigmc1,train
D29-1_94,beta,celseq2,train
D30-2_51,acinar,celseq2,train
HP1525301T2D_N16,ductal,smartseq2,validation
AZ_D5,delta,smartseq2,train
1st-C74_S37,alpha,fluidigmc1,train
HP1508501T2D_P8,alpha,smartseq2,validation
human1_lib3.final_cell_0493,beta,inDrop1,train
human3_lib3.final_cell_0079,acinar,inDrop3,test
HP1508501T2D_D21,alpha,smartseq2,train
human3_lib2.final_cell_0333,ductal,inDrop3,train
human3_lib2.final_cell_0170,beta,inDrop3,train
HP1506401_G11,delta,smartseq2,train
human3_lib4.final_cell_0209,alpha,inDrop3,train
D30-8_39,alpha,celseq2,validation
human3_lib2.final_cell_0531,alpha,inDrop3,train
human1_lib3.final_cell_0550,beta,inDrop1,train
D31-6_55,alpha,celseq2,train
human4_lib3.final_cell_0627,beta,inDrop4,test
human3_lib2.final_cell_0278,beta,inDrop3,train
HP1507101_L8,macrophage,smartseq2,test
human4_lib3.final_cell_0484,alpha,inDrop4,train
human3_lib4.final_cell_0587,alpha,inDrop3,validation
human3_lib3.final_cell_0362,delta,inDrop3,train
human4_lib3.final_cell_0687,beta,inDrop4,test
human4_lib1.final_cell_0142,alpha,inDrop4,train
human3_lib1.final_cell_0371,acinar,inDrop3,train
human3_lib1.final_cell_0682,activated_stellate,inDrop3,test
D17All2_92,gamma,celseq,train
human1_lib1.final_cell_0213,beta,inDrop1,test
human1_lib3.final_cell_0190,alpha,inDrop1,test
HP1506401_K1,beta,smartseq2,train
human3_lib3.final_cell_0581,quiescent_stellate,inDrop3,train
human4_lib1.final_cell_0562,alpha,inDrop4,train
HP1507101_I18,beta,smartseq2,test
D31-2_49,beta,celseq2,train
human4_lib3.final_cell_0525,alpha,inDrop4,train
human3_lib2.final_cell_0660,activated_stellate,inDrop3,test
human4_lib1.final_cell_0509,beta,inDrop4,test
human4_lib3.final_cell_0155,beta,inDrop4,train
HP1506401_N23,acinar,smartseq2,train
HP1502401_F24,beta,smartseq2,train
HP1508501T2D_J8,alpha,smartseq2,train
human4_lib3.final_cell_0467,beta,inDrop4,train
human2_lib3.final_cell_0253,beta,inDrop2,train
D31-8_13,beta,celseq2,test
D30-3_6,activated_stellate,celseq2,train
Sample_128,beta,smarter,train
human2_lib1.final_cell_0498,alpha,inDrop2,train
human3_lib3.final_cell_0436,alpha,inDrop3,validation
human3_lib4.final_cell_0396,ductal,inDrop3,train
D30-3_52,beta,celseq2,train
human4_lib3.final_cell_0184,alpha,inDrop4,train
human4_lib3.final_cell_0172,beta,inDrop4,train
human4_lib3.final_cell_0212,alpha,inDrop4,train
HP1508501T2D_K19,alpha,smartseq2,train
D31-3_25,acinar,celseq2,train
human4_lib3.final_cell_0646,alpha,inDrop4,train
HP1506401_E6,ductal,smartseq2,train
HP1507101_K4,alpha,smartseq2,train
human3_lib1.final_cell_0155,acinar,inDrop3,train
HP1504101T2D_I19,gamma,smartseq2,validation
HP1526901T2D_D10,gamma,smartseq2,train
human2_lib2.final_cell_0087,beta,inDrop2,train
6th-C87_S70,alpha,fluidigmc1,train
human1_lib3.final_cell_0426,alpha,inDrop1,train
human3_lib4.final_cell_0474,ductal,inDrop3,train
human4_lib3.final_cell_0080,delta,inDrop4,train
HP1504101T2D_H24,gamma,smartseq2,train
Sample_356,alpha,smarter,validation
D2ex_35,ductal,celseq,train
D29-5_67,alpha,celseq2,train
human2_lib2.final_cell_0179,alpha,inDrop2,train
human3_lib2.final_cell_0502,ductal,inDrop3,train
human1_lib3.final_cell_0330,alpha,inDrop1,train
human3_lib1.final_cell_0596,activated_stellate,inDrop3,train
human1_lib3.final_cell_0247,delta,inDrop1,train
human4_lib3.final_cell_0354,ductal,inDrop4,train
HP1525301T2D_M5,acinar,smartseq2,validation
D30-5_5,ductal,celseq2,train
human2_lib3.final_cell_0036,ductal,inDrop2,train
7th-C14_S24,alpha,fluidigmc1,train
human1_lib1.final_cell_0476,gamma,inDrop1,test
human2_lib3.final_cell_0378,ductal,inDrop2,train
human3_lib2.final_cell_0364,alpha,inDrop3,validation
HP1526901T2D_M7,alpha,smartseq2,train
HP1507101_B6,alpha,smartseq2,validation
Sample_125,beta,smarter,train
human1_lib1.final_cell_0485,quiescent_stellate,inDrop1,test
HP1525301T2D_E11,ductal,smartseq2,test
HP1526901T2D_P18,beta,smartseq2,train
human4_lib1.final_cell_0356,beta,inDrop4,train
human2_lib2.final_cell_0192,beta,inDrop2,train
human2_lib2.final_cell_0565,quiescent_stellate,inDrop2,test
human3_lib3.final_cell_0074,acinar,inDrop3,test
human3_lib1.final_cell_0212,acinar,inDrop3,train
human3_lib1.final_cell_0308,ductal,inDrop3,validation
D30-3_55,beta,celseq2,train
human2_lib1.final_cell_0242,beta,inDrop2,train
D3en1_88,ductal,celseq,train
human3_lib2.final_cell_0533,alpha,inDrop3,train
D172444_83,alpha,celseq,validation
human4_lib3.final_cell_0433,alpha,inDrop4,train
D71_84,beta,celseq,train
HP1502401_G22,beta,smartseq2,train
D73_3,alpha,celseq,test
Sample_111,beta,smarter,test
Sample_1226,alpha,smarter,train
human3_lib4.final_cell_0843,ductal,inDrop3,train
human4_lib1.final_cell_0165,alpha,inDrop4,train
Sample_1070,alpha,smarter,validation
D29-2_38,alpha,celseq2,train
Sample_302,alpha,smarter,train
human2_lib2.final_cell_0282,activated_stellate,inDrop2,train
human2_lib3.final_cell_0338,gamma,inDrop2,train
human2_lib1.final_cell_0459,alpha,inDrop2,train
Sample_1097,alpha,smarter,train
human3_lib3.final_cell_0888,beta,inDrop3,train
D31-8_37,ductal,celseq2,test
D29-7_49,acinar,celseq2,test
D73_32,alpha,celseq,train
D29-3_72,alpha,celseq2,train
D101_93,gamma,celseq,train
D29-2_50,beta,celseq2,validation
D28-5_25,activated_stellate,celseq2,train
human3_lib2.final_cell_0402,ductal,inDrop3,train
human2_lib2.final_cell_0100,alpha,inDrop2,train
D30-6_67,alpha,celseq2,train
Sample_744,beta,smarter,test
Sample_934,beta,smarter,test
D30-5_67,alpha,celseq2,test
Sample_643,gamma,smarter,train
HP1525301T2D_L22,alpha,smartseq2,train
human1_lib2.final_cell_0291,alpha,inDrop1,validation
human1_lib2.final_cell_0180,beta,inDrop1,test
human3_lib4.final_cell_0364,beta,inDrop3,train
human2_lib2.final_cell_0278,beta,inDrop2,test
human3_lib3.final_cell_0816,endothelial,inDrop3,test
human3_lib2.final_cell_0272,acinar,inDrop3,train
HP1509101_K21,alpha,smartseq2,train
human1_lib2.final_cell_0011,alpha,inDrop1,train
human1_lib3.final_cell_0388,beta,inDrop1,validation
D30-7_46,ductal,celseq2,train
Sample_1410,alpha,smarter,train
D31-6_64,alpha,celseq2,test
human3_lib1.final_cell_0311,alpha,inDrop3,train
human3_lib2.final_cell_0811,beta,inDrop3,validation
human3_lib4.final_cell_0615,acinar,inDrop3,train
human4_lib3.final_cell_0097,beta,inDrop4,train
Sample_99,beta,smarter,train
D29-5_73,acinar,celseq2,train
human1_lib3.final_cell_0667,beta,inDrop1,test
human3_lib1.final_cell_0791,beta,inDrop3,test
human3_lib4.final_cell_0040,beta,inDrop3,train
human1_lib3.final_cell_0227,beta,inDrop1,train
human4_lib1.final_cell_0331,gamma,inDrop4,train
Sample_1441,alpha,smarter,train
Sample_138,beta,smarter,train
Sample_92,beta,smarter,train
human1_lib3.final_cell_0601,acinar,inDrop1,train
D31-3_40,acinar,celseq2,train
human3_lib2.final_cell_0449,alpha,inDrop3,validation
human1_lib3.final_cell_0411,ductal,inDrop1,train
D31-7_84,beta,celseq2,test
HP1509101_B24,ductal,smartseq2,test
human2_lib1.final_cell_0185,gamma,inDrop2,test
D74_78,ductal,celseq,train
human1_lib2.final_cell_0080,beta,inDrop1,test
D29-5_32,delta,celseq2,train
human3_lib1.final_cell_0286,alpha,inDrop3,train
human4_lib3.final_cell_0697,activated_stellate,inDrop4,test
D30-6_47,beta,celseq2,train
HP1506401_K6,acinar,smartseq2,train
human3_lib1.final_cell_0872,quiescent_stellate,inDrop3,validation
D31-6_54,alpha,celseq2,test
HP1507101_N20,alpha,smartseq2,train
human3_lib3.final_cell_0198,acinar,inDrop3,train
human2_lib3.final_cell_0295,alpha,inDrop2,train
HP1526901T2D_G16,alpha,smartseq2,train
D30-3_88,alpha,celseq2,train
D29-4_22,alpha,celseq2,train
D31-5_41,ductal,celseq2,validation
Sample_690,beta,smarter,test
D30-6_90,gamma,celseq2,train
D172444_17,alpha,celseq,train
human4_lib3.final_cell_0138,ductal,inDrop4,validation
human3_lib2.final_cell_0388,beta,inDrop3,train
Sample_243,alpha,smarter,validation
human4_lib1.final_cell_0064,ductal,inDrop4,train
human2_lib3.final_cell_0417,endothelial,inDrop2,train
human2_lib2.final_cell_0510,ductal,inDrop2,train
human2_lib2.final_cell_0506,alpha,inDrop2,test
HP1507101_F8,alpha,smartseq2,validation
HP1504901_K22,beta,smartseq2,validation
HP1508501T2D_L23,ductal,smartseq2,train
D74_53,beta,celseq,validation
human3_lib1.final_cell_0747,activated_stellate,inDrop3,train
HP1525301T2D_H14,ductal,smartseq2,train
human2_lib1.final_cell_0359,alpha,inDrop2,train
human2_lib1.final_cell_0204,beta,inDrop2,train
human4_lib1.final_cell_0518,alpha,inDrop4,train
HP1525301T2D_C8,alpha,smartseq2,train
human1_lib2.final_cell_0367,alpha,inDrop1,train
Sample_1112,alpha,smarter,train
human3_lib2.final_cell_0023,acinar,inDrop3,train
human3_lib3.final_cell_0210,beta,inDrop3,test
D31-5_92,acinar,celseq2,train
human1_lib3.final_cell_0239,beta,inDrop1,validation
human4_lib1.final_cell_0369,alpha,inDrop4,train
human3_lib4.final_cell_0792,acinar,inDrop3,train
D2ex_70,acinar,celseq,train
human1_lib1.final_cell_0080,beta,inDrop1,train
human1_lib2.final_cell_0467,beta,inDrop1,train
6th-C59_S21,beta,fluidigmc1,train
human3_lib2.final_cell_0479,alpha,inDrop3,train
human3_lib2.final_cell_0389,alpha,inDrop3,train
4th-C92_S89,alpha,fluidigmc1,train
human4_lib1.final_cell_0193,beta,inDrop4,train
Sample_1095,alpha,smarter,train
human2_lib3.final_cell_0064,ductal,inDrop2,test
human3_lib1.final_cell_0868,beta,inDrop3,train
human3_lib1.final_cell_0330,acinar,inDrop3,validation
human3_lib1.final_cell_0793,ductal,inDrop3,test
HP1526901T2D_B9,beta,smartseq2,validation
D29-8_45,alpha,celseq2,train
human1_lib2.final_cell_0464,beta,inDrop1,train
D28-8_66,activated_stellate,celseq2,train
D17All1_83,beta,celseq,test
human3_lib3.final_cell_0325,alpha,inDrop3,train
Sample_774,beta,smarter,train
Sample_990,alpha,smarter,train
human1_lib1.final_cell_0342,ductal,inDrop1,train
human2_lib2.final_cell_0029,activated_stellate,inDrop2,validation
HP1508501T2D_A12,alpha,smartseq2,train
human1_lib1.final_cell_0513,quiescent_stellate,inDrop1,train
human3_lib1.final_cell_0137,beta,inDrop3,test
D17TGFB_59,acinar,celseq,validation
human4_lib3.final_cell_0541,alpha,inDrop4,train
human3_lib2.final_cell_0550,alpha,inDrop3,train
human1_lib1.final_cell_0292,beta,inDrop1,train
human4_lib3.final_cell_0578,alpha,inDrop4,train
human4_lib1.final_cell_0341,alpha,inDrop4,train
Sample_412,alpha,smarter,train
D30-1_82,alpha,celseq2,validation
HP1507101_J1,alpha,smartseq2,validation
11th-C51_S39,beta,fluidigmc1,train
human1_lib3.final_cell_0055,delta,inDrop1,train
D172444_88,alpha,celseq,test
Sample_778,beta,smarter,test
human1_lib2.final_cell_0045,ductal,inDrop1,train
AZ_F7,beta,smartseq2,train
human3_lib3.final_cell_0853,beta,inDrop3,train
human3_lib1.final_cell_0721,beta,inDrop3,train
human3_lib3.final_cell_0589,beta,inDrop3,validation
5th-C92_S124,alpha,fluidigmc1,train
human3_lib2.final_cell_0054,acinar,inDrop3,train
human3_lib4.final_cell_0307,ductal,inDrop3,train
human3_lib3.final_cell_0085,acinar,inDrop3,train
human3_lib3.final_cell_0658,alpha,inDrop3,train
human3_lib4.final_cell_0268,beta,inDrop3,validation
human3_lib1.final_cell_0191,alpha,inDrop3,test
D28-3_77,acinar,celseq2,train
human3_lib4.final_cell_0280,alpha,inDrop3,test
human3_lib3.final_cell_0242,alpha,inDrop3,train
11th-C68_S34,ductal,fluidigmc1,train
human2_lib2.final_cell_0349,alpha,inDrop2,train
D31-7_94,beta,celseq2,train
human2_lib1.final_cell_0283,endothelial,inDrop2,test
human4_lib1.final_cell_0540,ductal,inDrop4,train
D29-4_57,alpha,celseq2,validation
10th_C11_S96,beta,fluidigmc1,train
Sample_766,beta,smarter,train
HP1504901_I7,delta,smartseq2,train
3rd-C92_S86,beta,fluidigmc1,train
D29-4_25,alpha,celseq2,train
HP1504901_I3,alpha,smartseq2,train
D17All1_2,gamma,celseq,test
human1_lib3.final_cell_0488,beta,inDrop1,validation
HP1502401_L23,alpha,smartseq2,train
human3_lib1.final_cell_0511,alpha,inDrop3,train
D172444_28,alpha,celseq,train
D29-8_52,quiescent_stellate,celseq2,train
human1_lib2.final_cell_0135,beta,inDrop1,train
human3_lib1.final_cell_0762,alpha,inDrop3,train
human3_lib2.final_cell_0568,alpha,inDrop3,train
HP1509101_A3,alpha,smartseq2,train
human1_lib2.final_cell_0017,beta,inDrop1,train
human3_lib3.final_cell_0523,activated_stellate,inDrop3,train
D30-3_62,delta,celseq2,validation
12th-C69_S135,endothelial,fluidigmc1,validation
HP1506401_L3,acinar,smartseq2,train
human3_lib2.final_cell_0223,delta,inDrop3,train
human2_lib2.final_cell_0376,ductal,inDrop2,validation
human1_lib3.final_cell_0450,acinar,inDrop1,test
human3_lib2.final_cell_0490,beta,inDrop3,train
human2_lib2.final_cell_0325,beta,inDrop2,train
Sample_1519,delta,smarter,train
human3_lib4.final_cell_0854,alpha,inDrop3,train
human2_lib2.final_cell_0540,mast,inDrop2,train
HP1506401_I21,ductal,smartseq2,train
D17All1_12,beta,celseq,validation
HP1507101_E18,activated_stellate,smartseq2,validation
human4_lib3.final_cell_0147,alpha,inDrop4,train
human3_lib2.final_cell_0647,endothelial,inDrop3,test
human3_lib4.final_cell_0162,beta,inDrop3,validation
D30-7_35,ductal,celseq2,train
human3_lib3.final_cell_0092,acinar,inDrop3,validation
human1_lib1.final_cell_0282,beta,inDrop1,train
HP1504101T2D_F1,acinar,smartseq2,test
human2_lib2.final_cell_0149,delta,inDrop2,train
D31-4_24,alpha,celseq2,train
human3_lib2.final_cell_0441,activated_stellate,inDrop3,validation
human3_lib4.final_cell_0728,quiescent_stellate,inDrop3,validation
D30-2_31,alpha,celseq2,train
human1_lib2.final_cell_0161,beta,inDrop1,train
human2_lib1.final_cell_0329,alpha,inDrop2,validation
D30-7_91,acinar,celseq2,train
human1_lib2.final_cell_0337,gamma,inDrop1,train
13th_C46_S183,beta,fluidigmc1,train
human2_lib1.final_cell_0263,ductal,inDrop2,train
AZ_G2,beta,smartseq2,train
HP1504901_F6,alpha,smartseq2,train
D10631_56,ductal,celseq,validation
human3_lib4.final_cell_0327,activated_stellate,inDrop3,validation
D29-2_48,alpha,celseq2,test
D172444_49,alpha,celseq,train
human2_lib2.final_cell_0069,activated_stellate,inDrop2,train
human3_lib4.final_cell_0552,activated_stellate,inDrop3,train
human1_lib1.final_cell_0514,beta,inDrop1,train
human1_lib1.final_cell_0481,delta,inDrop1,validation
10th_C73_S84,ductal,fluidigmc1,train
human3_lib2.final_cell_0221,alpha,inDrop3,validation
human1_lib1.final_cell_0309,epsilon,inDrop1,test
D72_75,delta,celseq,test
human3_lib2.final_cell_0493,alpha,inDrop3,validation
D29-3_22,alpha,celseq2,train
HP1502401_D12,delta,smartseq2,test
human3_lib3.final_cell_0803,acinar,inDrop3,train
human1_lib3.final_cell_0018,beta,inDrop1,train
human4_lib3.final_cell_0151,beta,inDrop4,train
Sample_190,beta,smarter,train
D71_52,ductal,celseq,train
human3_lib3.final_cell_0875,alpha,inDrop3,validation
D31-6_34,ductal,celseq2,train
Sample_633,gamma,smarter,train
HP1508501T2D_I11,ductal,smartseq2,train
HP1504101T2D_M3,gamma,smartseq2,test
human1_lib2.final_cell_0531,beta,inDrop1,validation
HP1506401_J6,acinar,smartseq2,train
human3_lib3.final_cell_0615,alpha,inDrop3,train
Sample_448,alpha,smarter,train
human2_lib1.final_cell_0313,ductal,inDrop2,test
D17All2_59,ductal,celseq,train
D1713_82,ductal,celseq,train
D10631_29,alpha,celseq,train
human2_lib1.final_cell_0535,ductal,inDrop2,train
D31-8_73,beta,celseq2,validation
D28-7_41,acinar,celseq2,train
D30-7_80,beta,celseq2,train
human4_lib3.final_cell_0620,alpha,inDrop4,train
human3_lib1.final_cell_0412,beta,inDrop3,train
D31-6_7,delta,celseq2,train
HP1525301T2D_O23,ductal,smartseq2,train
human3_lib1.final_cell_0312,beta,inDrop3,train
Sample_1456,alpha,smarter,test
HP1506401_M4,acinar,smartseq2,train
D28-4_39,alpha,celseq2,train
human4_lib3.final_cell_0470,beta,inDrop4,train
human1_lib1.final_cell_0369,beta,inDrop1,validation
D172444_85,alpha,celseq,train
human3_lib2.final_cell_0079,acinar,inDrop3,train
D30-5_14,alpha,celseq2,train
human1_lib2.final_cell_0178,beta,inDrop1,train
human3_lib1.final_cell_0719,ductal,inDrop3,train
Sample_741,beta,smarter,train
9th-C11_S17,beta,fluidigmc1,validation
human2_lib1.final_cell_0221,alpha,inDrop2,train
7th-C17_S29,ductal,fluidigmc1,train
9th-C41_S70,beta,fluidigmc1,validation
human2_lib2.final_cell_0502,alpha,inDrop2,train
13th_C76_S216,alpha,fluidigmc1,test
human4_lib3.final_cell_0352,beta,inDrop4,test
Sample_931,beta,smarter,validation
HP1502401_N3,alpha,smartseq2,validation
human1_lib3.final_cell_0487,alpha,inDrop1,train
human3_lib2.final_cell_0096,acinar,inDrop3,test
human2_lib3.final_cell_0100,activated_stellate,inDrop2,train
human1_lib1.final_cell_0560,beta,inDrop1,train
human4_lib3.final_cell_0214,beta,inDrop4,validation
human4_lib3.final_cell_0591,gamma,inDrop4,train
human3_lib4.final_cell_0525,beta,inDrop3,train
human3_lib2.final_cell_0439,beta,inDrop3,test
D31-3_39,alpha,celseq2,train
HP1526901T2D_C23,ductal,smartseq2,train
D28-1_74,gamma,celseq2,train
Sample_834,beta,smarter,validation
Sample_910,beta,smarter,train
human1_lib2.final_cell_0171,beta,inDrop1,test
D31-3_59,activated_stellate,celseq2,train
D31-5_76,alpha,celseq2,train
D3en2_58,alpha,celseq,train
human4_lib3.final_cell_0424,ductal,inDrop4,train
D29-2_78,gamma,celseq2,train
human3_lib3.final_cell_0573,alpha,inDrop3,train
human3_lib4.final_cell_0433,alpha,inDrop3,validation
HP1504101T2D_K20,alpha,smartseq2,test
human2_lib3.final_cell_0003,delta,inDrop2,train
human4_lib3.final_cell_0176,beta,inDrop4,train
human3_lib2.final_cell_0122,ductal,inDrop3,train
human2_lib1.final_cell_0297,ductal,inDrop2,validation
human1_lib2.final_cell_0154,beta,inDrop1,train
HP1508501T2D_M4,alpha,smartseq2,train
HP1507101_M18,alpha,smartseq2,validation
human1_lib2.final_cell_0548,beta,inDrop1,train
human1_lib1.final_cell_0037,beta,inDrop1,train
human3_lib4.final_cell_0663,beta,inDrop3,train
human3_lib2.final_cell_0038,acinar,inDrop3,train
7th-C31_S53,beta,fluidigmc1,train
human1_lib1.final_cell_0131,alpha,inDrop1,test
human1_lib2.final_cell_0553,beta,inDrop1,train
HP1509101_D5,alpha,smartseq2,validation
human3_lib3.final_cell_0181,beta,inDrop3,test
human2_lib3.final_cell_0454,alpha,inDrop2,train
HP1504901_B21,alpha,smartseq2,validation
human2_lib3.final_cell_0536,alpha,inDrop2,train
human3_lib3.final_cell_0118,acinar,inDrop3,train
human1_lib2.final_cell_0197,beta,inDrop1,train
Sample_559,alpha,smarter,validation
D3en3_6,ductal,celseq,train
HP1525301T2D_F3,acinar,smartseq2,validation
human2_lib3.final_cell_0183,activated_stellate,inDrop2,train
D31-7_92,gamma,celseq2,train
human4_lib3.final_cell_0464,gamma,inDrop4,train
human3_lib2.final_cell_0867,beta,inDrop3,train
human2_lib3.final_cell_0033,delta,inDrop2,test
HP1504101T2D_H17,alpha,smartseq2,train
D29-1_70,beta,celseq2,train
human2_lib1.final_cell_0443,gamma,inDrop2,validation
human2_lib2.final_cell_0492,alpha,inDrop2,train
9th-C96_S81,endothelial,fluidigmc1,validation
12th-C81_S207,alpha,fluidigmc1,test
human3_lib4.final_cell_0603,endothelial,inDrop3,test
D30-3_78,beta,celseq2,train
HP1504101T2D_F10,alpha,smartseq2,train
Sample_746,beta,smarter,train
human2_lib2.final_cell_0387,gamma,inDrop2,train
HP1504101T2D_C20,alpha,smartseq2,train
human4_lib1.final_cell_0547,alpha,inDrop4,validation
Sample_1463,alpha,smarter,train
D30-7_24,acinar,celseq2,train
D3en4_39,acinar,celseq,test
Sample_1039,alpha,smarter,train
D31-6_30,alpha,celseq2,train
human2_lib1.final_cell_0467,ductal,inDrop2,train
HP1526901T2D_C14,ductal,smartseq2,train
human3_lib1.final_cell_0760,endothelial,inDrop3,train
human3_lib4.final_cell_0879,alpha,inDrop3,train
HP1507101_L3,alpha,smartseq2,test
human3_lib2.final_cell_0586,acinar,inDrop3,train
human4_lib1.final_cell_0290,beta,inDrop4,test
human4_lib3.final_cell_0059,activated_stellate,inDrop4,test
human1_lib1.final_cell_0508,beta,inDrop1,train
human1_lib2.final_cell_0002,delta,inDrop1,train
D17All1_54,delta,celseq,test
human3_lib1.final_cell_0459,beta,inDrop3,train
HP1525301T2D_J21,ductal,smartseq2,train
human1_lib3.final_cell_0007,acinar,inDrop1,train
human3_lib3.final_cell_0809,acinar,inDrop3,train
human3_lib2.final_cell_0067,acinar,inDrop3,train
human1_lib3.final_cell_0295,beta,inDrop1,validation
human3_lib4.final_cell_0338,alpha,inDrop3,train
human3_lib3.final_cell_0895,acinar,inDrop3,validation
human4_lib3.final_cell_0325,ductal,inDrop4,train
D28-7_15,ductal,celseq2,train
HP1507101_O19,beta,smartseq2,train
D31-2_84,ductal,celseq2,train
human1_lib1.final_cell_0408,endothelial,inDrop1,train
HP1507101_N17,ductal,smartseq2,train
HP1526901T2D_K14,alpha,smartseq2,train
HP1502401_G10,alpha,smartseq2,train
human2_lib1.final_cell_0142,alpha,inDrop2,train
D28-4_30,alpha,celseq2,train
D30-7_32,delta,celseq2,train
3rd-C21_S11,alpha,fluidigmc1,validation
human3_lib4.final_cell_0317,ductal,inDrop3,train
human3_lib2.final_cell_0366,beta,inDrop3,train
human1_lib1.final_cell_0050,beta,inDrop1,train
Sample_1096,alpha,smarter,train
human3_lib4.final_cell_0752,gamma,inDrop3,train
human1_lib3.final_cell_0339,beta,inDrop1,train
human3_lib1.final_cell_0624,alpha,inDrop3,test
human2_lib2.final_cell_0051,alpha,inDrop2,test
D31-8_30,ductal,celseq2,train
D71_36,beta,celseq,train
human4_lib3.final_cell_0650,ductal,inDrop4,train
HP1504901_N8,beta,smartseq2,train
HP1507101_I22,alpha,smartseq2,train
human3_lib3.final_cell_0304,beta,inDrop3,test
D30-4_40,alpha,celseq2,train
human3_lib4.final_cell_0198,acinar,inDrop3,train
HP1526901T2D_E18,alpha,smartseq2,validation
HP1525301T2D_I15,ductal,smartseq2,test
human3_lib3.final_cell_0598,alpha,inDrop3,test
HP1508501T2D_L8,ductal,smartseq2,train
human3_lib2.final_cell_0420,alpha,inDrop3,validation
human3_lib1.final_cell_0295,alpha,inDrop3,train
human2_lib1.final_cell_0361,gamma,inDrop2,train
D73_60,ductal,celseq,train
Sample_1366,alpha,smarter,train
HP1504101T2D_P24,gamma,smartseq2,train
human3_lib4.final_cell_0645,beta,inDrop3,train
D30-1_71,alpha,celseq2,test
human2_lib2.final_cell_0142,beta,inDrop2,test
human2_lib1.final_cell_0048,alpha,inDrop2,validation
HP1504101T2D_P4,delta,smartseq2,train
D29-5_23,beta,celseq2,train
D17TGFB_92,acinar,celseq,train
human3_lib3.final_cell_0457,alpha,inDrop3,train
human3_lib1.final_cell_0181,acinar,inDrop3,train
human3_lib2.final_cell_0755,alpha,inDrop3,train
human2_lib1.final_cell_0406,activated_stellate,inDrop2,train
human3_lib4.final_cell_0814,beta,inDrop3,test
Sample_821,beta,smarter,train
human3_lib4.final_cell_0855,beta,inDrop3,train
D74_1,beta,celseq,validation
human4_lib3.final_cell_0050,delta,inDrop4,validation
HP1526901T2D_D17,beta,smartseq2,train
human4_lib3.final_cell_0455,beta,inDrop4,train
human3_lib1.final_cell_0490,alpha,inDrop3,validation
HP1508501T2D_H12,mast,smartseq2,train
HP1509101_G23,alpha,smartseq2,validation
HP1508501T2D_E19,alpha,smartseq2,validation
human1_lib1.final_cell_0420,endothelial,inDrop1,train
Sample_997,alpha,smarter,test
human1_lib1.final_cell_0315,beta,inDrop1,train
human3_lib3.final_cell_0177,acinar,inDrop3,train
human2_lib3.final_cell_0482,alpha,inDrop2,validation
HP1507101_M10,activated_stellate,smartseq2,train
human1_lib1.final_cell_0146,delta,inDrop1,train
D172444_80,delta,celseq,train
human3_lib1.final_cell_0359,delta,inDrop3,train
human3_lib4.final_cell_0880,alpha,inDrop3,train
Sample_573,alpha,smarter,validation
D17TGFB_35,alpha,celseq,train
human3_lib3.final_cell_0344,alpha,inDrop3,train
human2_lib1.final_cell_0547,ductal,inDrop2,validation
human1_lib1.final_cell_0266,beta,inDrop1,train
human4_lib3.final_cell_0669,beta,inDrop4,validation
human3_lib2.final_cell_0258,alpha,inDrop3,train
human1_lib1.final_cell_0181,beta,inDrop1,test
D17All1_46,alpha,celseq,train
human3_lib1.final_cell_0297,alpha,inDrop3,train
Sample_1145,alpha,smarter,train
Sample_310,alpha,smarter,train
Sample_304,alpha,smarter,train
human3_lib4.final_cell_0708,alpha,inDrop3,validation
human1_lib1.final_cell_0006,acinar,inDrop1,train
Sample_315,alpha,smarter,test
D29-6_8,alpha,celseq2,train
Sample_1473,alpha,smarter,train
Sample_818,beta,smarter,train
D30-6_79,beta,celseq2,train
D30-4_86,alpha,celseq2,train
human1_lib2.final_cell_0092,alpha,inDrop1,train
Sample_1141,alpha,smarter,train
human3_lib2.final_cell_0482,alpha,inDrop3,train
Sample_618,gamma,smarter,train
D31-4_74,beta,celseq2,train
human3_lib1.final_cell_0585,alpha,inDrop3,train
human4_lib1.final_cell_0267,delta,inDrop4,validation
human3_lib4.final_cell_0003,acinar,inDrop3,validation
human3_lib4.final_cell_0800,beta,inDrop3,train
human3_lib1.final_cell_0114,delta,inDrop3,test
human2_lib1.final_cell_0119,beta,inDrop2,validation
human3_lib2.final_cell_0255,alpha,inDrop3,test
human2_lib1.final_cell_0224,beta,inDrop2,train
11th-C62_S33,alpha,fluidigmc1,test
12th-C24_S141,beta,fluidigmc1,train
Sample_1439,alpha,smarter,validation
human3_lib2.final_cell_0244,beta,inDrop3,train
D31-2_4,schwann,celseq2,train
human3_lib4.final_cell_0273,alpha,inDrop3,test
HP1509101_I6,ductal,smartseq2,train
human3_lib1.final_cell_0836,beta,inDrop3,train
human3_lib3.final_cell_0273,alpha,inDrop3,train
human1_lib2.final_cell_0320,beta,inDrop1,train
human4_lib3.final_cell_0329,alpha,inDrop4,train
Sample_607,delta,smarter,train
HP1526901T2D_A8,alpha,smartseq2,test
human3_lib4.final_cell_0748,acinar,inDrop3,validation
HP1502401_D7,beta,smartseq2,test
human1_lib2.final_cell_0618,endothelial,inDrop1,validation
D28-1_30,alpha,celseq2,train
D31-1_64,alpha,celseq2,train
HP1507101_N12,alpha,smartseq2,train
Sample_216,alpha,smarter,validation
human3_lib2.final_cell_0667,beta,inDrop3,train
human4_lib1.final_cell_0228,alpha,inDrop4,train
human2_lib2.final_cell_0485,beta,inDrop2,train
D29-7_41,beta,celseq2,test
human2_lib1.final_cell_0288,beta,inDrop2,train
human3_lib4.final_cell_0138,beta,inDrop3,train
human3_lib2.final_cell_0267,acinar,inDrop3,train
human4_lib3.final_cell_0065,beta,inDrop4,train
human3_lib4.final_cell_0803,alpha,inDrop3,train
D31-4_28,delta,celseq2,train
D31-4_79,acinar,celseq2,train
D29-4_63,beta,celseq2,train
human1_lib1.final_cell_0140,delta,inDrop1,test
human1_lib2.final_cell_0201,beta,inDrop1,train
human3_lib1.final_cell_0732,acinar,inDrop3,train
human3_lib4.final_cell_0271,ductal,inDrop3,validation
human3_lib3.final_cell_0741,beta,inDrop3,train
D17All2_80,alpha,celseq,test
human4_lib1.final_cell_0271,ductal,inDrop4,validation
human3_lib4.final_cell_0627,alpha,inDrop3,train
1st-C90_S91,beta,fluidigmc1,train
Sample_841,beta,smarter,train
HP1507101_M22,gamma,smartseq2,train
Sample_1142,alpha,smarter,train
human3_lib3.final_cell_0587,alpha,inDrop3,train
HP1507101_E2,alpha,smartseq2,train
D30-6_76,beta,celseq2,train
human1_lib3.final_cell_0163,acinar,inDrop1,train
human2_lib3.final_cell_0330,gamma,inDrop2,validation
human2_lib1.final_cell_0355,delta,inDrop2,train
HP1507101_D9,activated_stellate,smartseq2,validation
HP1506401_P3,alpha,smartseq2,validation
human3_lib4.final_cell_0750,alpha,inDrop3,validation
human2_lib1.final_cell_0158,alpha,inDrop2,test
human2_lib3.final_cell_0371,ductal,inDrop2,train
human3_lib3.final_cell_0606,alpha,inDrop3,train
human1_lib3.final_cell_0660,alpha,inDrop1,train
human3_lib4.final_cell_0642,beta,inDrop3,validation
human2_lib1.final_cell_0470,gamma,inDrop2,train
HP1525301T2D_E1,alpha,smartseq2,test
human2_lib1.final_cell_0172,alpha,inDrop2,test
D28-4_40,acinar,celseq2,test
human1_lib3.final_cell_0589,endothelial,inDrop1,train
HP1508501T2D_E24,alpha,smartseq2,validation
human1_lib1.final_cell_0186,beta,inDrop1,train
HP1504101T2D_O12,beta,smartseq2,validation
HP1508501T2D_L10,activated_stellate,smartseq2,validation
human3_lib4.final_cell_0435,delta,inDrop3,test
human3_lib3.final_cell_0345,delta,inDrop3,test
human3_lib3.final_cell_0375,endothelial,inDrop3,train
human4_lib1.final_cell_0427,beta,inDrop4,train
human3_lib3.final_cell_0355,acinar,inDrop3,train
D28-1_55,acinar,celseq2,train
HP1506401_F14,gamma,smartseq2,train
HP1526901T2D_D14,gamma,smartseq2,train
human4_lib1.final_cell_0397,beta,inDrop4,train
D31-5_1,acinar,celseq2,test
human2_lib3.final_cell_0347,gamma,inDrop2,train
D73_24,ductal,celseq,train
AZ_G3,alpha,smartseq2,train
HP1526901T2D_A20,gamma,smartseq2,train
Sample_1334,alpha,smarter,test
human2_lib2.final_cell_0217,alpha,inDrop2,train
HP1526901T2D_F22,ductal,smartseq2,train
D29-4_18,alpha,celseq2,train
HP1508501T2D_G4,alpha,smartseq2,test
human3_lib1.final_cell_0743,ductal,inDrop3,train
D30-4_51,ductal,celseq2,train
HP1504101T2D_P9,gamma,smartseq2,train
human2_lib1.final_cell_0232,ductal,inDrop2,train
human1_lib2.final_cell_0495,beta,inDrop1,train
D28-3_50,alpha,celseq2,train
3rd-C82_S11,beta,fluidigmc1,test
human1_lib1.final_cell_0310,delta,inDrop1,validation
9th-C89_S72,beta,fluidigmc1,train
D28-5_38,acinar,celseq2,train
HP1502401_K3,alpha,smartseq2,train
human1_lib3.final_cell_0218,ductal,inDrop1,train
Sample_225,alpha,smarter,test
D31-4_23,alpha,celseq2,test
D28-3_37,beta,celseq2,train
human2_lib1.final_cell_0122,alpha,inDrop2,train
D3en1_48,acinar,celseq,train
human4_lib1.final_cell_0420,ductal,inDrop4,test
human1_lib3.final_cell_0127,beta,inDrop1,train
D31-2_91,activated_stellate,celseq2,train
5th-C59_S94,alpha,fluidigmc1,train
human3_lib2.final_cell_0800,acinar,inDrop3,train
human1_lib2.final_cell_0426,alpha,inDrop1,test
human3_lib2.final_cell_0190,alpha,inDrop3,train
HP1508501T2D_H11,delta,smartseq2,validation
human3_lib4.final_cell_0107,alpha,inDrop3,train
human3_lib2.final_cell_0532,beta,inDrop3,train
human3_lib4.final_cell_0549,acinar,inDrop3,test
HP1526901T2D_K3,beta,smartseq2,validation
HP1502401_E23,acinar,smartseq2,train
D28-3_88,macrophage,celseq2,train
Sample_1487,alpha,smarter,train
human4_lib1.final_cell_0046,beta,inDrop4,validation
human3_lib1.final_cell_0766,beta,inDrop3,train
D28-7_5,alpha,celseq2,validation
HP1506401_K4,ductal,smartseq2,train
HP1508501T2D_B5,alpha,smartseq2,train
D30-8_77,alpha,celseq2,test
HP1507101_B3,alpha,smartseq2,test
human2_lib1.final_cell_0010,ductal,inDrop2,test
human2_lib2.final_cell_0276,alpha,inDrop2,validation
human3_lib1.final_cell_0874,alpha,inDrop3,train
human3_lib2.final_cell_0654,alpha,inDrop3,train
AZ_C11,delta,smartseq2,train
Sample_1359,alpha,smarter,train
Sample_195,beta,smarter,validation
human1_lib1.final_cell_0461,acinar,inDrop1,train
human2_lib2.final_cell_0471,alpha,inDrop2,test
Sample_1233,alpha,smarter,train
2nd-C29_S56,alpha,fluidigmc1,train
D17All2_85,gamma,celseq,train
human2_lib3.final_cell_0411,alpha,inDrop2,test
human3_lib3.final_cell_0748,ductal,inDrop3,train
human2_lib2.final_cell_0327,beta,inDrop2,train
human3_lib2.final_cell_0630,ductal,inDrop3,train
D31-5_24,alpha,celseq2,train
human3_lib1.final_cell_0246,acinar,inDrop3,train
human2_lib1.final_cell_0464,alpha,inDrop2,test
human1_lib1.final_cell_0158,beta,inDrop1,test
human3_lib4.final_cell_0761,beta,inDrop3,train
human3_lib3.final_cell_0711,alpha,inDrop3,train
human3_lib3.final_cell_0466,beta,inDrop3,validation
7th-C20_S35,beta,fluidigmc1,validation
HP1506401_C24,acinar,smartseq2,validation
HP1506401_G18,ductal,smartseq2,train
human3_lib1.final_cell_0729,alpha,inDrop3,test
human1_lib1.final_cell_0431,gamma,inDrop1,test
human1_lib3.final_cell_0296,beta,inDrop1,train
human1_lib3.final_cell_0407,alpha,inDrop1,train
human2_lib1.final_cell_0026,alpha,inDrop2,train
human4_lib3.final_cell_0667,beta,inDrop4,train
human3_lib2.final_cell_0640,delta,inDrop3,train
human1_lib2.final_cell_0209,beta,inDrop1,train
HP1507101_L7,alpha,smartseq2,train
Sample_1557,gamma,smarter,train
HP1525301T2D_N4,ductal,smartseq2,train
Sample_361,alpha,smarter,train
HP1502401_O4,alpha,smartseq2,train
5th-C88_S117,acinar,fluidigmc1,validation
D1713_90,alpha,celseq,validation
7th-C73_S47,beta,fluidigmc1,test
human2_lib2.final_cell_0410,ductal,inDrop2,train
D73_78,ductal,celseq,train
D73_21,beta,celseq,train
human3_lib1.final_cell_0663,ductal,inDrop3,train
human3_lib2.final_cell_0513,alpha,inDrop3,train
human3_lib3.final_cell_0323,beta,inDrop3,validation
human1_lib3.final_cell_0298,delta,inDrop1,train
HP1526901T2D_L4,beta,smartseq2,test
human1_lib2.final_cell_0213,beta,inDrop1,validation
human3_lib4.final_cell_0166,alpha,inDrop3,train
human1_lib3.final_cell_0115,ductal,inDrop1,train
HP1526901T2D_H19,alpha,smartseq2,train
human4_lib1.final_cell_0030,activated_stellate,inDrop4,train
Sample_544,alpha,smarter,validation
human1_lib2.final_cell_0568,endothelial,inDrop1,train
human4_lib3.final_cell_0413,ductal,inDrop4,train
D29-2_55,mast,celseq2,validation
human2_lib1.final_cell_0143,activated_stellate,inDrop2,test
human3_lib4.final_cell_0548,acinar,inDrop3,train
human4_lib3.final_cell_0259,ductal,inDrop4,train
Sample_378,alpha,smarter,train
5th-C81_S115,acinar,fluidigmc1,train
human3_lib3.final_cell_0061,acinar,inDrop3,train
human3_lib4.final_cell_0294,alpha,inDrop3,test
human2_lib2.final_cell_0195,beta,inDrop2,test
human1_lib1.final_cell_0109,acinar,inDrop1,test
HP1506401_O7,acinar,smartseq2,validation
human3_lib3.final_cell_0396,acinar,inDrop3,train
HP1509101_L23,delta,smartseq2,train
D17All1_41,ductal,celseq,test
human3_lib1.final_cell_0167,beta,inDrop3,train
human2_lib1.final_cell_0059,alpha,inDrop2,validation
human3_lib2.final_cell_0578,alpha,inDrop3,train
human1_lib3.final_cell_0186,beta,inDrop1,train
human3_lib2.final_cell_0820,beta,inDrop3,train
human1_lib1.final_cell_0539,beta,inDrop1,train
human1_lib3.final_cell_0161,ductal,inDrop1,train
human3_lib4.final_cell_0097,beta,inDrop3,train
human2_lib2.final_cell_0474,alpha,inDrop2,validation
HP1508501T2D_F12,ductal,smartseq2,train
human3_lib1.final_cell_0134,beta,inDrop3,train
HP1502401_I4,alpha,smartseq2,train
HP1504101T2D_F20,gamma,smartseq2,train
HP1526901T2D_N8,alpha,smartseq2,train
D17All2_84,alpha,celseq,train
human3_lib2.final_cell_0812,alpha,inDrop3,train
human4_lib1.final_cell_0551,beta,inDrop4,test
HP1526901T2D_C19,gamma,smartseq2,train
human3_lib4.final_cell_0099,delta,inDrop3,train
human3_lib4.final_cell_0723,beta,inDrop3,test
human1_lib3.final_cell_0675,quiescent_stellate,inDrop1,train
human1_lib1.final_cell_0092,beta,inDrop1,train
Sample_228,alpha,smarter,train
human4_lib3.final_cell_0285,beta,inDrop4,train
Sample_1468,alpha,smarter,train
D30-8_10,alpha,celseq2,train
D29-6_91,alpha,celseq2,validation
10th_C19_S62,activated_stellate,fluidigmc1,train
D30-1_15,alpha,celseq2,train
HP1509101_L24,alpha,smartseq2,test
Sample_418,alpha,smarter,train
human2_lib2.final_cell_0465,beta,inDrop2,train
human3_lib2.final_cell_0648,beta,inDrop3,train
human3_lib3.final_cell_0056,acinar,inDrop3,validation
HP1508501T2D_L14,alpha,smartseq2,train
HP1525301T2D_P8,alpha,smartseq2,test
HP1502401_H12,beta,smartseq2,train
human2_lib3.final_cell_0151,beta,inDrop2,train
human2_lib3.final_cell_0215,beta,inDrop2,train
Sample_1594,gamma,smarter,train
human1_lib2.final_cell_0252,beta,inDrop1,train
human3_lib1.final_cell_0176,beta,inDrop3,train
human2_lib1.final_cell_0403,ductal,inDrop2,train
human1_lib3.final_cell_0068,delta,inDrop1,train
human4_lib3.final_cell_0412,beta,inDrop4,validation
HP1507101_I17,alpha,smartseq2,train
human3_lib4.final_cell_0159,beta,inDrop3,test
Sample_442,alpha,smarter,validation
D1713_68,acinar,celseq,test
human2_lib1.final_cell_0466,beta,inDrop2,train
Sample_275,alpha,smarter,train
human3_lib2.final_cell_0767,quiescent_stellate,inDrop3,train
6th-C29_S50,beta,fluidigmc1,test
human4_lib3.final_cell_0701,ductal,inDrop4,train
human2_lib3.final_cell_0101,alpha,inDrop2,validation
human3_lib4.final_cell_0318,acinar,inDrop3,validation
HP1525301T2D_I24,ductal,smartseq2,train
human3_lib4.final_cell_0784,alpha,inDrop3,train
human3_lib1.final_cell_0282,acinar,inDrop3,test
human1_lib1.final_cell_0447,beta,inDrop1,test
11th-C22_S65,beta,fluidigmc1,test
D30-7_92,alpha,celseq2,test
human2_lib2.final_cell_0464,alpha,inDrop2,train
human3_lib3.final_cell_0128,acinar,inDrop3,train
Sample_1332,alpha,smarter,test
HP1508501T2D_F11,gamma,smartseq2,train
human3_lib3.final_cell_0463,alpha,inDrop3,validation
D30-6_62,alpha,celseq2,train
AZ_E12,alpha,smartseq2,validation
2nd-C27_S51,beta,fluidigmc1,train
human3_lib2.final_cell_0722,alpha,inDrop3,train
Sample_97,beta,smarter,train
HP1525301T2D_I21,alpha,smartseq2,train
HP1526901T2D_K2,alpha,smartseq2,test
human3_lib3.final_cell_0148,beta,inDrop3,train
HP1502401_C16,alpha,smartseq2,train
human2_lib1.final_cell_0293,beta,inDrop2,test
human3_lib4.final_cell_0404,alpha,inDrop3,validation
human3_lib3.final_cell_0778,beta,inDrop3,test
human2_lib3.final_cell_0364,alpha,inDrop2,train
Sample_1158,alpha,smarter,train
D31-7_85,beta,celseq2,train
human2_lib2.final_cell_0188,alpha,inDrop2,train
human3_lib1.final_cell_0036,acinar,inDrop3,train
D29-4_73,beta,celseq2,validation
human3_lib3.final_cell_0603,acinar,inDrop3,train
D31-6_42,beta,celseq2,test
HP1504101T2D_M21,alpha,smartseq2,train
human4_lib1.final_cell_0234,beta,inDrop4,train
D30-2_19,alpha,celseq2,train
HP1508501T2D_H2,beta,smartseq2,validation
human1_lib1.final_cell_0537,endothelial,inDrop1,test
HP1526901T2D_O22,alpha,smartseq2,test
D29-8_33,alpha,celseq2,train
human2_lib2.final_cell_0176,alpha,inDrop2,test
human1_lib3.final_cell_0378,beta,inDrop1,test
D31-1_42,alpha,celseq2,train
human1_lib1.final_cell_0172,beta,inDrop1,train
human1_lib1.final_cell_0452,quiescent_stellate,inDrop1,validation
human1_lib2.final_cell_0295,beta,inDrop1,test
D29-2_13,alpha,celseq2,train
HP1507101_D5,alpha,smartseq2,train
human3_lib3.final_cell_0039,acinar,inDrop3,train
7th-C59_S21,beta,fluidigmc1,train
D29-5_57,alpha,celseq2,train
human3_lib3.final_cell_0212,alpha,inDrop3,train
HP1504101T2D_L7,alpha,smartseq2,train
human2_lib2.final_cell_0094,beta,inDrop2,train
Sample_628,gamma,smarter,test
D74_15,ductal,celseq,test
HP1506401_M3,acinar,smartseq2,train
D2ex_72,ductal,celseq,train
D172444_18,ductal,celseq,validation
HP1504901_F19,alpha,smartseq2,test
D28-2_79,macrophage,celseq2,validation
Sample_1257,alpha,smarter,train
human3_lib3.final_cell_0067,acinar,inDrop3,validation
HP1508501T2D_A19,gamma,smartseq2,train
D3en4_41,ductal,celseq,train
HP1507101_N6,beta,smartseq2,train
human3_lib1.final_cell_0540,ductal,inDrop3,validation
human4_lib1.final_cell_0057,delta,inDrop4,train
13th_C49_S155,ductal,fluidigmc1,train
D29-7_80,alpha,celseq2,train
D28-4_65,alpha,celseq2,train
D29-8_51,alpha,celseq2,train
human3_lib2.final_cell_0668,quiescent_stellate,inDrop3,train
HP1506401_P20,beta,smartseq2,train
HP1508501T2D_D5,alpha,smartseq2,train
human2_lib3.final_cell_0348,alpha,inDrop2,train
HP1504101T2D_J1,alpha,smartseq2,train
human3_lib2.final_cell_0165,delta,inDrop3,train
human1_lib1.final_cell_0014,delta,inDrop1,train
HP1507101_H21,alpha,smartseq2,test
Sample_548,alpha,smarter,test
Sample_846,beta,smarter,train
D101_95,alpha,celseq,train
human1_lib3.final_cell_0471,alpha,inDrop1,train
human2_lib1.final_cell_0492,alpha,inDrop2,train
human3_lib1.final_cell_0603,acinar,inDrop3,test
human4_lib3.final_cell_0482,alpha,inDrop4,train
human1_lib1.final_cell_0004,acinar,inDrop1,train
human2_lib3.final_cell_0381,alpha,inDrop2,train
HP1506401_A4,ductal,smartseq2,validation
Sample_1364,alpha,smarter,train
human2_lib2.final_cell_0245,alpha,inDrop2,train
D31-5_10,alpha,celseq2,validation
Sample_933,beta,smarter,test
Sample_151,beta,smarter,train
human2_lib1.final_cell_0298,beta,inDrop2,validation
human1_lib3.final_cell_0100,alpha,inDrop1,test
Sample_790,beta,smarter,test
human3_lib3.final_cell_0195,acinar,inDrop3,train
6th-C21_S33,alpha,fluidigmc1,test
human4_lib3.final_cell_0563,alpha,inDrop4,test
D31-1_45,acinar,celseq2,train
D29-4_92,beta,celseq2,test
D102_55,beta,celseq,train
HP1504101T2D_K4,alpha,smartseq2,train
3rd-C25_S15,beta,fluidigmc1,train
HP1506401_G16,acinar,smartseq2,train
HP1507101_F19,alpha,smartseq2,train
human3_lib2.final_cell_0641,alpha,inDrop3,train
human1_lib2.final_cell_0277,beta,inDrop1,train
D31-5_5,beta,celseq2,train
human3_lib3.final_cell_0795,acinar,inDrop3,train
human3_lib1.final_cell_0396,beta,inDrop3,test
human3_lib4.final_cell_0791,beta,inDrop3,train
human3_lib4.final_cell_0283,epsilon,inDrop3,train
D28-7_19,alpha,celseq2,validation
human1_lib3.final_cell_0349,beta,inDrop1,train
human4_lib1.final_cell_0114,delta,inDrop4,train
Sample_672,beta,smarter,validation
D29-4_48,gamma,celseq2,train
D31-5_82,activated_stellate,celseq2,test
human4_lib1.final_cell_0583,beta,inDrop4,train
Sample_861,beta,smarter,validation
HP1526901T2D_K21,gamma,smartseq2,train
human2_lib2.final_cell_0155,delta,inDrop2,train
AZ_E2,alpha,smartseq2,train
human3_lib3.final_cell_0511,alpha,inDrop3,train
Sample_1208,alpha,smarter,train
Sample_873,beta,smarter,validation
D29-6_24,alpha,celseq2,train
human1_lib1.final_cell_0007,beta,inDrop1,train
human3_lib2.final_cell_0074,acinar,inDrop3,train
D73_10,alpha,celseq,train
D71_27,ductal,celseq,train
human2_lib3.final_cell_0178,alpha,inDrop2,train
human1_lib3.final_cell_0122,beta,inDrop1,train
HP1507101_P3,alpha,smartseq2,train
human1_lib1.final_cell_0132,alpha,inDrop1,train
human1_lib1.final_cell_0111,beta,inDrop1,test
Sample_253,alpha,smarter,train
human4_lib1.final_cell_0591,alpha,inDrop4,train
HP1508501T2D_J4,alpha,smartseq2,train
6th-C82_S66,beta,fluidigmc1,train
human3_lib1.final_cell_0833,alpha,inDrop3,train
human4_lib1.final_cell_0318,delta,inDrop4,train
12th-C28_S142,alpha,fluidigmc1,test
D3en3_51,beta,celseq,train
human4_lib1.final_cell_0549,activated_stellate,inDrop4,train
human3_lib2.final_cell_0497,acinar,inDrop3,train
human1_lib1.final_cell_0027,beta,inDrop1,test
12th-C39_S201,alpha,fluidigmc1,validation
D31-4_85,beta,celseq2,train
3rd-C1_S39,delta,fluidigmc1,test
HP1525301T2D_G5,ductal,smartseq2,validation
HP1507101_O16,alpha,smartseq2,train
human2_lib3.final_cell_0405,beta,inDrop2,train
human3_lib3.final_cell_0171,alpha,inDrop3,train
human3_lib3.final_cell_0534,beta,inDrop3,test
HP1508501T2D_A15,alpha,smartseq2,train
human1_lib2.final_cell_0289,beta,inDrop1,train
human4_lib3.final_cell_0700,beta,inDrop4,train
D29-1_8,beta,celseq2,validation
HP1507101_L22,beta,smartseq2,train
human3_lib3.final_cell_0240,alpha,inDrop3,train
D29-5_47,delta,celseq2,train
HP1504901_D22,alpha,smartseq2,test
Sample_260,alpha,smarter,test
human3_lib2.final_cell_0354,beta,inDrop3,test
Sample_1057,alpha,smarter,train
HP1506401_B22,gamma,smartseq2,train
human3_lib3.final_cell_0522,ductal,inDrop3,train
Sample_1294,alpha,smarter,validation
HP1509101_K7,alpha,smartseq2,train
3rd-C58_S3,beta,fluidigmc1,train
human2_lib2.final_cell_0542,alpha,inDrop2,train
human3_lib3.final_cell_0121,beta,inDrop3,train
human2_lib2.final_cell_0092,alpha,inDrop2,test
human3_lib1.final_cell_0765,ductal,inDrop3,train
human1_lib3.final_cell_0335,beta,inDrop1,train
HP1502401_H6,delta,smartseq2,test
human3_lib3.final_cell_0812,alpha,inDrop3,validation
human2_lib2.final_cell_0572,alpha,inDrop2,train
human3_lib4.final_cell_0556,alpha,inDrop3,validation
human3_lib2.final_cell_0834,beta,inDrop3,train
human1_lib3.final_cell_0256,beta,inDrop1,validation
HP1506401_I24,ductal,smartseq2,train
D29-1_67,gamma,celseq2,validation
D17All2_90,beta,celseq,test
HP1508501T2D_J13,ductal,smartseq2,train
human3_lib2.final_cell_0320,ductal,inDrop3,train
human2_lib2.final_cell_0377,alpha,inDrop2,train
HP1506401_L1,ductal,smartseq2,train
D30-8_68,beta,celseq2,test
human3_lib1.final_cell_0493,alpha,inDrop3,train
HP1526901T2D_I24,gamma,smartseq2,validation
D17All1_33,delta,celseq,train
human3_lib3.final_cell_0165,beta,inDrop3,test
HP1525301T2D_P11,alpha,smartseq2,train
HP1507101_D8,alpha,smartseq2,test
human3_lib2.final_cell_0632,ductal,inDrop3,train
human2_lib2.final_cell_0002,alpha,inDrop2,train
D73_39,activated_stellate,celseq,train
D30-8_75,alpha,celseq2,train
human2_lib3.final_cell_0471,alpha,inDrop2,train
D31-8_74,beta,celseq2,train
human1_lib2.final_cell_0350,beta,inDrop1,train
D31-5_49,alpha,celseq2,test
human3_lib4.final_cell_0393,endothelial,inDrop3,train
HP1506401_L19,acinar,smartseq2,train
Sample_940,beta,smarter,train
D31-3_82,ductal,celseq2,train
D28-8_18,alpha,celseq2,train
HP1509101_L13,ductal,smartseq2,train
D30-5_75,alpha,celseq2,train
human3_lib2.final_cell_0341,ductal,inDrop3,train
human3_lib1.final_cell_0250,alpha,inDrop3,test
HP1504101T2D_J14,delta,smartseq2,test
Sample_1433,alpha,smarter,train
D101_7,acinar,celseq,train
Sample_234,alpha,smarter,train
human4_lib1.final_cell_0404,beta,inDrop4,train
HP1525301T2D_M6,ductal,smartseq2,train
HP1502401_L10,beta,smartseq2,validation
human3_lib2.final_cell_0116,acinar,inDrop3,train
human2_lib1.final_cell_0155,ductal,inDrop2,train
HP1506401_F2,acinar,smartseq2,train
D3en2_6,acinar,celseq,test
human4_lib3.final_cell_0579,beta,inDrop4,train
human3_lib2.final_cell_0651,activated_stellate,inDrop3,train
human4_lib3.final_cell_0294,gamma,inDrop4,validation
HP1508501T2D_I7,acinar,smartseq2,train
human1_lib2.final_cell_0304,alpha,inDrop1,train
D28-3_13,alpha,celseq2,train
human1_lib2.final_cell_0538,beta,inDrop1,train
human1_lib2.final_cell_0176,beta,inDrop1,train
D30-3_84,macrophage,celseq2,train
D30-2_9,ductal,celseq2,train
Sample_338,alpha,smarter,train
human1_lib3.final_cell_0319,delta,inDrop1,train
HP1502401_D18,ductal,smartseq2,train
D28-2_15,acinar,celseq2,train
human1_lib1.final_cell_0020,beta,inDrop1,train
human2_lib1.final_cell_0079,alpha,inDrop2,train
HP1504101T2D_C21,gamma,smartseq2,test
human4_lib1.final_cell_0488,gamma,inDrop4,test
human1_lib3.final_cell_0574,quiescent_stellate,inDrop1,train
D31-5_70,acinar,celseq2,train
HP1508501T2D_A3,alpha,smartseq2,train
human1_lib1.final_cell_0396,delta,inDrop1,validation
Sample_566,alpha,smarter,validation
human2_lib2.final_cell_0357,beta,inDrop2,train
human4_lib1.final_cell_0477,alpha,inDrop4,test
Sample_1167,alpha,smarter,test
human1_lib2.final_cell_0241,endothelial,inDrop1,train
human4_lib3.final_cell_0239,alpha,inDrop4,train
D29-4_4,gamma,celseq2,train
human4_lib3.final_cell_0375,alpha,inDrop4,test
human3_lib3.final_cell_0414,beta,inDrop3,train
D10631_38,acinar,celseq,train
human3_lib3.final_cell_0488,alpha,inDrop3,train
human3_lib4.final_cell_0596,alpha,inDrop3,train
D30-7_75,alpha,celseq2,train
human3_lib1.final_cell_0089,acinar,inDrop3,train
Sample_1049,alpha,smarter,train
D17TGFB_1,alpha,celseq,train
human3_lib2.final_cell_0744,alpha,inDrop3,train
human3_lib3.final_cell_0766,ductal,inDrop3,validation
D30-4_20,epsilon,celseq2,validation
human2_lib3.final_cell_0413,beta,inDrop2,validation
human4_lib1.final_cell_0154,alpha,inDrop4,train
HP1526901T2D_E10,gamma,smartseq2,train
human3_lib1.final_cell_0305,ductal,inDrop3,train
human2_lib2.final_cell_0268,alpha,inDrop2,train
HP1504901_G11,ductal,smartseq2,train
human3_lib1.final_cell_0717,alpha,inDrop3,train
human1_lib3.final_cell_0718,beta,inDrop1,train
human1_lib2.final_cell_0066,ductal,inDrop1,validation
human4_lib1.final_cell_0394,alpha,inDrop4,test
D10631_88,ductal,celseq,test
human3_lib2.final_cell_0595,alpha,inDrop3,validation
human3_lib4.final_cell_0454,alpha,inDrop3,validation
human3_lib4.final_cell_0007,acinar,inDrop3,train
human2_lib1.final_cell_0532,beta,inDrop2,test
D2ex_2,acinar,celseq,train
human2_lib1.final_cell_0349,alpha,inDrop2,train
HP1525301T2D_A7,delta,smartseq2,train
human1_lib3.final_cell_0203,alpha,inDrop1,train
D28-3_62,acinar,celseq2,train
human1_lib2.final_cell_0438,beta,inDrop1,train
D29-1_84,beta,celseq2,validation
human3_lib4.final_cell_0870,alpha,inDrop3,train
human2_lib2.final_cell_0220,ductal,inDrop2,train
D29-7_93,gamma,celseq2,train
human4_lib3.final_cell_0462,ductal,inDrop4,train
human2_lib3.final_cell_0089,beta,inDrop2,train
HP1508501T2D_C7,alpha,smartseq2,validation
HP1507101_M4,alpha,smartseq2,validation
human2_lib2.final_cell_0592,beta,inDrop2,train
HP1526901T2D_P7,beta,smartseq2,validation
human2_lib2.final_cell_0368,alpha,inDrop2,train
human1_lib3.final_cell_0437,beta,inDrop1,train
D29-4_49,alpha,celseq2,validation
HP1526901T2D_B6,delta,smartseq2,train
Sample_1344,alpha,smarter,train
human1_lib3.final_cell_0412,delta,inDrop1,train
human2_lib2.final_cell_0573,alpha,inDrop2,train
human4_lib1.final_cell_0337,delta,inDrop4,train
human3_lib4.final_cell_0754,beta,inDrop3,train
D30-5_92,alpha,celseq2,train
HP1502401_H7,alpha,smartseq2,train
HP1507101_J2,alpha,smartseq2,test
D29-6_70,beta,celseq2,train
human1_lib1.final_cell_0058,beta,inDrop1,validation
D2ex_67,ductal,celseq,train
human4_lib1.final_cell_0371,activated_stellate,inDrop4,train
human3_lib1.final_cell_0277,alpha,inDrop3,validation
human1_lib3.final_cell_0624,acinar,inDrop1,train
human2_lib2.final_cell_0111,alpha,inDrop2,train
human3_lib1.final_cell_0429,alpha,inDrop3,train
HP1504101T2D_A12,alpha,smartseq2,train
HP1509101_C12,alpha,smartseq2,test
Sample_451,alpha,smarter,test
HP1502401_F11,delta,smartseq2,train
HP1504101T2D_I17,alpha,smartseq2,test
D31-1_34,beta,celseq2,train
human1_lib3.final_cell_0027,beta,inDrop1,test
human3_lib4.final_cell_0148,acinar,inDrop3,train
D29-1_93,delta,celseq2,train
D31-1_7,acinar,celseq2,validation
human3_lib3.final_cell_0775,beta,inDrop3,validation
D1713_89,acinar,celseq,train
Sample_891,beta,smarter,train
human2_lib2.final_cell_0163,alpha,inDrop2,train
human1_lib3.final_cell_0146,activated_stellate,inDrop1,train
Sample_145,beta,smarter,validation
HP1509101_A20,alpha,smartseq2,train
human2_lib3.final_cell_0201,alpha,inDrop2,test
D17TGFB_19,ductal,celseq,train
Sample_969,alpha,smarter,train
4th-C50_S5,alpha,fluidigmc1,train
human3_lib1.final_cell_0231,activated_stellate,inDrop3,train
human3_lib4.final_cell_0629,alpha,inDrop3,train
D3en4_12,acinar,celseq,train
HP1509101_I21,alpha,smartseq2,validation
HP1509101_I24,alpha,smartseq2,train
human1_lib3.final_cell_0046,activated_stellate,inDrop1,train
D29-4_44,beta,celseq2,train
D29-5_20,beta,celseq2,train
Sample_528,alpha,smarter,train
human2_lib2.final_cell_0533,alpha,inDrop2,train
D31-6_23,schwann,celseq2,train
Sample_381,alpha,smarter,validation
D172444_32,alpha,celseq,train
human3_lib3.final_cell_0029,acinar,inDrop3,train
human2_lib3.final_cell_0397,beta,inDrop2,train
HP1508501T2D_G18,acinar,smartseq2,train
human1_lib1.final_cell_0223,beta,inDrop1,train
human2_lib2.final_cell_0297,alpha,inDrop2,train
human3_lib3.final_cell_0684,acinar,inDrop3,train
human4_lib1.final_cell_0458,gamma,inDrop4,test
human3_lib3.final_cell_0262,acinar,inDrop3,train
human1_lib1.final_cell_0034,delta,inDrop1,train
human3_lib1.final_cell_0018,acinar,inDrop3,train
human3_lib4.final_cell_0873,ductal,inDrop3,test
D29-3_42,alpha,celseq2,train
D28-4_1,macrophage,celseq2,train
human3_lib3.final_cell_0155,acinar,inDrop3,train
human4_lib1.final_cell_0564,ductal,inDrop4,train
human3_lib2.final_cell_0832,quiescent_stellate,inDrop3,train
human3_lib1.final_cell_0248,beta,inDrop3,validation
HP1509101_B10,alpha,smartseq2,train
D30-8_65,acinar,celseq2,train
human1_lib1.final_cell_0460,beta,inDrop1,validation
human2_lib2.final_cell_0294,alpha,inDrop2,train
D31-2_58,beta,celseq2,train
human3_lib4.final_cell_0436,alpha,inDrop3,test
human1_lib1.final_cell_0446,beta,inDrop1,train
human3_lib4.final_cell_0094,beta,inDrop3,train
D30-1_89,beta,celseq2,test
HP1508501T2D_N1,ductal,smartseq2,train
HP1509101_O16,alpha,smartseq2,train
human3_lib1.final_cell_0485,beta,inDrop3,train
HP1526901T2D_H9,ductal,smartseq2,train
human4_lib3.final_cell_0235,beta,inDrop4,train
HP1506401_F12,beta,smartseq2,train
HP1502401_D13,beta,smartseq2,test
human1_lib3.final_cell_0292,delta,inDrop1,test
human2_lib2.final_cell_0395,alpha,inDrop2,train
Sample_915,beta,smarter,train
HP1525301T2D_E13,alpha,smartseq2,test
D17TGFB_64,ductal,celseq,validation
human1_lib3.final_cell_0459,alpha,inDrop1,train
HP1504901_L18,gamma,smartseq2,train
human3_lib2.final_cell_0396,acinar,inDrop3,train
human2_lib2.final_cell_0420,ductal,inDrop2,validation
Sample_987,alpha,smarter,train
human3_lib3.final_cell_0545,alpha,inDrop3,train
D30-8_74,beta,celseq2,validation
HP1507101_I12,beta,smartseq2,train
AZ_A11,alpha,smartseq2,train
human4_lib3.final_cell_0123,ductal,inDrop4,validation
human2_lib1.final_cell_0347,ductal,inDrop2,validation
D30-7_38,activated_stellate,celseq2,train
human3_lib1.final_cell_0527,alpha,inDrop3,test
D28-1_37,acinar,celseq2,train
HP1508501T2D_N20,alpha,smartseq2,train
human1_lib1.final_cell_0033,delta,inDrop1,test
human1_lib3.final_cell_0125,beta,inDrop1,train
D29-3_7,beta,celseq2,train
human1_lib3.final_cell_0417,quiescent_stellate,inDrop1,test
human1_lib3.final_cell_0303,beta,inDrop1,validation
human3_lib2.final_cell_0342,beta,inDrop3,test
human3_lib3.final_cell_0652,alpha,inDrop3,train
HP1502401_L20,alpha,smartseq2,train
D17TGFB_9,acinar,celseq,validation
human4_lib1.final_cell_0239,ductal,inDrop4,train
human2_lib2.final_cell_0596,ductal,inDrop2,train
D30-7_87,alpha,celseq2,validation
human1_lib1.final_cell_0184,beta,inDrop1,train
HP1504901_D1,alpha,smartseq2,train
human3_lib4.final_cell_0567,alpha,inDrop3,train
human3_lib1.final_cell_0707,beta,inDrop3,train
human3_lib2.final_cell_0536,alpha,inDrop3,train
D172444_52,alpha,celseq,test
HP1525301T2D_H23,alpha,smartseq2,train
Sample_943,beta,smarter,train
human1_lib3.final_cell_0481,delta,inDrop1,train
D17All2_70,ductal,celseq,train
human3_lib1.final_cell_0349,acinar,inDrop3,train
human2_lib1.final_cell_0330,delta,inDrop2,train
8th-C2_S85,beta,fluidigmc1,test
human2_lib2.final_cell_0558,alpha,inDrop2,train
6th-C24_S37,delta,fluidigmc1,train
human1_lib2.final_cell_0439,alpha,inDrop1,train
4th-C56_S17,alpha,fluidigmc1,train
human4_lib1.final_cell_0178,ductal,inDrop4,train
HP1509101_N9,alpha,smartseq2,train
human3_lib1.final_cell_0635,ductal,inDrop3,train
human3_lib3.final_cell_0462,alpha,inDrop3,train
D31-3_63,acinar,celseq2,train
7th-C44_S76,mast,fluidigmc1,train
Sample_1058,alpha,smarter,train
human1_lib1.final_cell_0387,beta,inDrop1,test
Sample_629,gamma,smarter,train
human2_lib3.final_cell_0270,beta,inDrop2,train
human2_lib2.final_cell_0006,delta,inDrop2,train
human3_lib3.final_cell_0133,alpha,inDrop3,train
human2_lib2.final_cell_0467,beta,inDrop2,train
D29-1_6,alpha,celseq2,train
human3_lib4.final_cell_0111,acinar,inDrop3,test
human2_lib3.final_cell_0487,ductal,inDrop2,train
human3_lib3.final_cell_0322,ductal,inDrop3,train
human1_lib3.final_cell_0257,delta,inDrop1,train
human1_lib2.final_cell_0030,beta,inDrop1,train
human1_lib3.final_cell_0653,beta,inDrop1,test
human2_lib1.final_cell_0387,alpha,inDrop2,validation
D29-6_54,alpha,celseq2,validation
human4_lib1.final_cell_0050,alpha,inDrop4,train
human3_lib1.final_cell_0073,acinar,inDrop3,train
4th-C23_S44,alpha,fluidigmc1,train
human1_lib2.final_cell_0461,endothelial,inDrop1,train
human1_lib2.final_cell_0260,beta,inDrop1,train
human4_lib1.final_cell_0536,alpha,inDrop4,train
human4_lib3.final_cell_0408,alpha,inDrop4,test
human4_lib1.final_cell_0166,beta,inDrop4,train
Sample_358,alpha,smarter,test
HP1526901T2D_G2,delta,smartseq2,train
human3_lib2.final_cell_0712,quiescent_stellate,inDrop3,train
13th_C31_S137,alpha,fluidigmc1,train
human2_lib3.final_cell_0059,alpha,inDrop2,train
HP1504101T2D_P5,delta,smartseq2,train
HP1508501T2D_I13,ductal,smartseq2,validation
Sample_419,alpha,smarter,train
human1_lib2.final_cell_0487,endothelial,inDrop1,validation
human3_lib1.final_cell_0753,activated_stellate,inDrop3,validation
D30-4_38,ductal,celseq2,train
human3_lib3.final_cell_0450,delta,inDrop3,train
Sample_939,beta,smarter,train
human3_lib1.final_cell_0684,beta,inDrop3,train
HP1508501T2D_G13,ductal,smartseq2,test
human4_lib1.final_cell_0349,macrophage,inDrop4,train
HP1506401_F19,ductal,smartseq2,train
human3_lib2.final_cell_0298,acinar,inDrop3,train
D101_53,ductal,celseq,train
human3_lib3.final_cell_0832,beta,inDrop3,test
HP1507101_G8,alpha,smartseq2,train
human3_lib1.final_cell_0582,alpha,inDrop3,train
HP1506401_N17,ductal,smartseq2,validation
D30-1_42,ductal,celseq2,train
D30-5_33,alpha,celseq2,validation
Sample_1,beta,smarter,train
Sample_696,beta,smarter,train
D17All2_93,activated_stellate,celseq,train
HP1504101T2D_L2,alpha,smartseq2,train
6th-C63_S26,schwann,fluidigmc1,train
human3_lib4.final_cell_0089,alpha,inDrop3,train
HP1508501T2D_F18,alpha,smartseq2,validation
D31-1_36,alpha,celseq2,train
human4_lib3.final_cell_0442,activated_stellate,inDrop4,train
Sample_1179,alpha,smarter,train
human2_lib3.final_cell_0433,beta,inDrop2,train
human3_lib1.final_cell_0820,activated_stellate,inDrop3,train
human3_lib4.final_cell_0530,activated_stellate,inDrop3,train
D29-3_25,alpha,celseq2,train
human2_lib3.final_cell_0543,beta,inDrop2,test
human1_lib1.final_cell_0533,beta,inDrop1,train
HP1526901T2D_B5,ductal,smartseq2,train
D30-3_72,activated_stellate,celseq2,train
12th-C93_S209,beta,fluidigmc1,train
human3_lib4.final_cell_0461,alpha,inDrop3,validation
human1_lib2.final_cell_0212,ductal,inDrop1,train
D17All2_16,alpha,celseq,test
D29-3_33,alpha,celseq2,train
D28-3_25,acinar,celseq2,train
D30-4_71,beta,celseq2,train
10th_C78_S114,gamma,fluidigmc1,train
HP1502401_A4,alpha,smartseq2,train
D30-2_57,beta,celseq2,test
human2_lib3.final_cell_0558,alpha,inDrop2,train
HP1525301T2D_M14,beta,smartseq2,train
HP1509101_N21,beta,smartseq2,test
human1_lib2.final_cell_0316,beta,inDrop1,train
human3_lib3.final_cell_0196,alpha,inDrop3,validation
human1_lib1.final_cell_0561,endothelial,inDrop1,train
human1_lib2.final_cell_0602,beta,inDrop1,test
human4_lib1.final_cell_0354,activated_stellate,inDrop4,train
human3_lib4.final_cell_0304,alpha,inDrop3,test
D17TGFB_54,acinar,celseq,train
human1_lib2.final_cell_0368,beta,inDrop1,train
D30-2_62,alpha,celseq2,train
D172444_69,beta,celseq,train
human3_lib3.final_cell_0701,alpha,inDrop3,train
D31-7_49,alpha,celseq2,train
Sample_917,beta,smarter,train
Sample_1541,delta,smarter,validation
HP1507101_E6,alpha,smartseq2,train
human4_lib1.final_cell_0513,beta,inDrop4,test
human1_lib2.final_cell_0405,acinar,inDrop1,train
D30-1_84,alpha,celseq2,train
human3_lib2.final_cell_0795,alpha,inDrop3,train
D74_46,ductal,celseq,validation
human3_lib4.final_cell_0334,alpha,inDrop3,train
Sample_745,beta,smarter,train
human2_lib2.final_cell_0494,alpha,inDrop2,train
human1_lib2.final_cell_0536,beta,inDrop1,validation
human4_lib1.final_cell_0213,activated_stellate,inDrop4,train
human3_lib1.final_cell_0198,alpha,inDrop3,train
4th-C12_S19,alpha,fluidigmc1,train
D2ex_52,ductal,celseq,train
human4_lib1.final_cell_0500,beta,inDrop4,test
D30-8_89,alpha,celseq2,validation
HP1508501T2D_M1,mast,smartseq2,train
HP1504101T2D_E10,alpha,smartseq2,train
human1_lib2.final_cell_0411,beta,inDrop1,train
human3_lib1.final_cell_0004,acinar,inDrop3,train
human2_lib1.final_cell_0434,ductal,inDrop2,train
D28-5_61,ductal,celseq2,validation
human1_lib1.final_cell_0257,alpha,inDrop1,train
human1_lib3.final_cell_0206,delta,inDrop1,train
HP1502401_E19,beta,smartseq2,train
D31-8_27,acinar,celseq2,train
human4_lib1.final_cell_0177,beta,inDrop4,test
human3_lib3.final_cell_0503,beta,inDrop3,test
Sample_1465,alpha,smarter,train
D28-6_41,acinar,celseq2,test
Sample_498,alpha,smarter,test
human3_lib2.final_cell_0714,alpha,inDrop3,test
HP1509101_P15,beta,smartseq2,test
4th-C18_S31,alpha,fluidigmc1,train
human3_lib4.final_cell_0065,acinar,inDrop3,validation
human4_lib3.final_cell_0628,ductal,inDrop4,train
Sample_431,alpha,smarter,validation
HP1526901T2D_K1,ductal,smartseq2,train
human2_lib1.final_cell_0050,activated_stellate,inDrop2,train
Sample_263,alpha,smarter,train
D30-4_36,alpha,celseq2,train
D30-8_2,alpha,celseq2,train
human3_lib2.final_cell_0004,acinar,inDrop3,test
human2_lib2.final_cell_0236,ductal,inDrop2,train
human4_lib3.final_cell_0111,delta,inDrop4,train
human1_lib3.final_cell_0207,beta,inDrop1,test
Sample_930,beta,smarter,train
human3_lib3.final_cell_0519,activated_stellate,inDrop3,validation
human3_lib3.final_cell_0163,acinar,inDrop3,train
human4_lib3.final_cell_0113,ductal,inDrop4,train
HP1506401_J22,ductal,smartseq2,train
HP1502401_N9,gamma,smartseq2,train
Sample_1515,alpha,smarter,train
Sample_367,alpha,smarter,train
D74_23,ductal,celseq,train
Sample_562,alpha,smarter,train
HP1504101T2D_F15,alpha,smartseq2,train
human2_lib2.final_cell_0147,beta,inDrop2,train
Sample_571,alpha,smarter,test
Sample_67,beta,smarter,train
Sample_1060,alpha,smarter,train
HP1525301T2D_A15,ductal,smartseq2,train
human3_lib2.final_cell_0309,beta,inDrop3,validation
HP1504101T2D_F3,alpha,smartseq2,validation
human2_lib1.final_cell_0435,delta,inDrop2,train
human1_lib3.final_cell_0002,acinar,inDrop1,validation
human2_lib1.final_cell_0426,ductal,inDrop2,train
D31-2_76,ductal,celseq2,train
human2_lib1.final_cell_0264,alpha,inDrop2,test
human3_lib3.final_cell_0716,beta,inDrop3,train
HP1507101_A6,beta,smartseq2,test
D29-8_15,alpha,celseq2,train
human2_lib3.final_cell_0342,gamma,inDrop2,train
Sample_747,beta,smarter,train
HP1502401_I24,beta,smartseq2,train
human3_lib4.final_cell_0126,acinar,inDrop3,test
13th_C53_S205,alpha,fluidigmc1,train
human1_lib2.final_cell_0629,quiescent_stellate,inDrop1,train
human3_lib2.final_cell_0823,quiescent_stellate,inDrop3,validation
Sample_1455,alpha,smarter,train
HP1502401_I21,ductal,smartseq2,train
human3_lib1.final_cell_0135,ductal,inDrop3,train
D31-7_18,ductal,celseq2,train
human2_lib2.final_cell_0428,alpha,inDrop2,train
HP1509101_C1,beta,smartseq2,test
D29-5_52,beta,celseq2,train
D73_84,ductal,celseq,test
human4_lib1.final_cell_0139,beta,inDrop4,validation
HP1509101_G12,beta,smartseq2,validation
11th-C93_S30,alpha,fluidigmc1,train
HP1526901T2D_M4,alpha,smartseq2,train
HP1526901T2D_P4,beta,smartseq2,test
D31-8_78,beta,celseq2,train
HP1508501T2D_E9,ductal,smartseq2,train
Sample_1378,alpha,smarter,validation
D17TGFB_6,acinar,celseq,train
D31-3_70,alpha,celseq2,train
HP1509101_D15,alpha,smartseq2,train
human2_lib2.final_cell_0290,activated_stellate,inDrop2,train
10th_C50_S73,alpha,fluidigmc1,test
HP1526901T2D_N14,alpha,smartseq2,validation
human3_lib1.final_cell_0368,alpha,inDrop3,test
HP1506401_B24,ductal,smartseq2,test
human3_lib4.final_cell_0684,activated_stellate,inDrop3,train
HP1507101_A22,alpha,smartseq2,validation
D74_66,delta,celseq,train
Sample_406,alpha,smarter,train
human3_lib3.final_cell_0900,beta,inDrop3,train
D28-5_65,alpha,celseq2,test
D29-8_30,alpha,celseq2,train
human3_lib2.final_cell_0421,acinar,inDrop3,train
human2_lib3.final_cell_0358,gamma,inDrop2,test
human1_lib1.final_cell_0089,beta,inDrop1,train
human3_lib4.final_cell_0345,acinar,inDrop3,test
Sample_497,alpha,smarter,test
human2_lib3.final_cell_0121,beta,inDrop2,train
D29-2_90,alpha,celseq2,train
human3_lib2.final_cell_0392,alpha,inDrop3,train
human3_lib3.final_cell_0063,acinar,inDrop3,train
human2_lib2.final_cell_0281,alpha,inDrop2,train
human2_lib2.final_cell_0194,alpha,inDrop2,test
human2_lib3.final_cell_0001,beta,inDrop2,train
D30-5_82,delta,celseq2,validation
Sample_251,alpha,smarter,test
human1_lib3.final_cell_0188,acinar,inDrop1,train
human4_lib1.final_cell_0350,alpha,inDrop4,test
HP1506401_H18,acinar,smartseq2,train
human1_lib2.final_cell_0261,alpha,inDrop1,train
D30-2_33,beta,celseq2,validation
D29-3_50,ductal,celseq2,train
human4_lib3.final_cell_0502,beta,inDrop4,train
D17All1_84,ductal,celseq,test
human2_lib2.final_cell_0348,macrophage,inDrop2,validation
HP1509101_N16,alpha,smartseq2,train
human3_lib2.final_cell_0150,beta,inDrop3,train
human1_lib3.final_cell_0214,beta,inDrop1,train
D30-8_12,beta,celseq2,validation
HP1508501T2D_H20,ductal,smartseq2,train
HP1504901_B2,alpha,smartseq2,train
D31-4_76,ductal,celseq2,validation
human3_lib4.final_cell_0586,beta,inDrop3,train
human4_lib3.final_cell_0045,ductal,inDrop4,train
HP1526901T2D_P22,delta,smartseq2,train
Sample_286,alpha,smarter,train
D28-1_61,delta,celseq2,test
human2_lib3.final_cell_0150,alpha,inDrop2,test
human2_lib1.final_cell_0377,alpha,inDrop2,train
D30-7_90,endothelial,celseq2,test
D31-4_56,ductal,celseq2,train
human4_lib1.final_cell_0119,ductal,inDrop4,train
HP1504901_C17,beta,smartseq2,train
human3_lib2.final_cell_0727,alpha,inDrop3,validation
human2_lib1.final_cell_0384,alpha,inDrop2,train
D31-1_24,alpha,celseq2,validation
Sample_1548,gamma,smarter,train
D31-7_40,beta,celseq2,train
human4_lib1.final_cell_0373,alpha,inDrop4,train
HP1508501T2D_K24,alpha,smartseq2,train
HP1504901_M21,delta,smartseq2,validation
human3_lib3.final_cell_0334,ductal,inDrop3,validation
HP1504101T2D_L11,delta,smartseq2,test
human1_lib3.final_cell_0610,ductal,inDrop1,train
human3_lib3.final_cell_0703,acinar,inDrop3,train
human4_lib1.final_cell_0308,alpha,inDrop4,validation
D17All1_8,alpha,celseq,train
D30-2_65,alpha,celseq2,train
human1_lib1.final_cell_0352,gamma,inDrop1,train
D71_54,beta,celseq,train
human4_lib3.final_cell_0635,alpha,inDrop4,train
D31-8_18,activated_stellate,celseq2,validation
D1713_20,ductal,celseq,train
Sample_291,alpha,smarter,train
human3_lib2.final_cell_0717,alpha,inDrop3,train
human4_lib1.final_cell_0434,beta,inDrop4,train
human3_lib2.final_cell_0558,quiescent_stellate,inDrop3,train
human3_lib1.final_cell_0090,acinar,inDrop3,train
HP1526901T2D_M19,delta,smartseq2,train
D31-7_20,activated_stellate,celseq2,validation
HP1526901T2D_I21,alpha,smartseq2,train
HP1504101T2D_A6,alpha,smartseq2,test
human3_lib4.final_cell_0134,beta,inDrop3,train
D29-1_53,beta,celseq2,train
Sample_579,alpha,smarter,validation
D17All1_88,alpha,celseq,train
human1_lib3.final_cell_0111,ductal,inDrop1,validation
human3_lib1.final_cell_0482,delta,inDrop3,train
human2_lib1.final_cell_0013,alpha,inDrop2,train
human2_lib3.final_cell_0120,beta,inDrop2,train
human3_lib2.final_cell_0426,acinar,inDrop3,train
D30-1_51,beta,celseq2,train
Sample_181,beta,smarter,train
Sample_993,alpha,smarter,test
human3_lib3.final_cell_0706,beta,inDrop3,train
D30-2_14,alpha,celseq2,validation
D71_61,beta,celseq,train
D17TGFB_43,acinar,celseq,train
human1_lib1.final_cell_0249,beta,inDrop1,train
human2_lib1.final_cell_0364,delta,inDrop2,train
human3_lib2.final_cell_0435,beta,inDrop3,train
human3_lib4.final_cell_0379,delta,inDrop3,test
human1_lib3.final_cell_0224,beta,inDrop1,test
HP1504901_F8,ductal,smartseq2,train
human1_lib2.final_cell_0448,quiescent_stellate,inDrop1,train
human4_lib1.final_cell_0438,ductal,inDrop4,validation
HP1506401_P17,acinar,smartseq2,train
human4_lib1.final_cell_0586,beta,inDrop4,train
human4_lib1.final_cell_0487,alpha,inDrop4,train
human3_lib4.final_cell_0519,acinar,inDrop3,train
D29-2_33,alpha,celseq2,train
Sample_1110,alpha,smarter,test
10th_C4_S103,ductal,fluidigmc1,test
human3_lib1.final_cell_0579,ductal,inDrop3,train
human3_lib4.final_cell_0541,beta,inDrop3,train
human3_lib3.final_cell_0137,beta,inDrop3,train
Sample_1502,alpha,smarter,train
HP1525301T2D_I10,ductal,smartseq2,train
Sample_724,beta,smarter,validation
D31-7_72,beta,celseq2,test
HP1506401_E23,acinar,smartseq2,train
Sample_1290,alpha,smarter,train
human3_lib1.final_cell_0299,alpha,inDrop3,test
D30-1_52,alpha,celseq2,train
human3_lib2.final_cell_0084,acinar,inDrop3,test
human1_lib3.final_cell_0376,beta,inDrop1,train
D29-5_87,alpha,celseq2,train
D29-2_63,ductal,celseq2,validation
D71_29,beta,celseq,train
D29-7_78,delta,celseq2,train
human3_lib2.final_cell_0108,acinar,inDrop3,train
Sample_136,beta,smarter,validation
D73_20,gamma,celseq,train
human2_lib1.final_cell_0262,beta,inDrop2,train
human1_lib1.final_cell_0070,alpha,inDrop1,test
human3_lib3.final_cell_0836,alpha,inDrop3,train
human2_lib3.final_cell_0282,alpha,inDrop2,validation
human3_lib2.final_cell_0831,beta,inDrop3,train
HP1502401_E17,alpha,smartseq2,test
HP1507101_M2,alpha,smartseq2,train
human2_lib2.final_cell_0337,alpha,inDrop2,test
D30-8_80,beta,celseq2,validation
human3_lib2.final_cell_0773,beta,inDrop3,train
human3_lib4.final_cell_0291,beta,inDrop3,train
human4_lib3.final_cell_0364,beta,inDrop4,train
human3_lib2.final_cell_0740,beta,inDrop3,validation
HP1508501T2D_J6,beta,smartseq2,train
human4_lib3.final_cell_0213,beta,inDrop4,validation
human2_lib3.final_cell_0129,alpha,inDrop2,train
human4_lib1.final_cell_0256,ductal,inDrop4,validation
human1_lib3.final_cell_0501,beta,inDrop1,validation
human3_lib4.final_cell_0597,ductal,inDrop3,validation
human2_lib1.final_cell_0141,beta,inDrop2,train
D72_47,alpha,celseq,train
HP1509101_J12,alpha,smartseq2,train
D71_4,beta,celseq,test
human3_lib1.final_cell_0074,acinar,inDrop3,test
D28-2_76,endothelial,celseq2,train
human1_lib1.final_cell_0466,acinar,inDrop1,validation
Sample_162,beta,smarter,train
human4_lib1.final_cell_0594,activated_stellate,inDrop4,train
HP1526901T2D_A9,alpha,smartseq2,train
4th-C33_S63,alpha,fluidigmc1,train
human3_lib4.final_cell_0363,alpha,inDrop3,train
human1_lib1.final_cell_0376,endothelial,inDrop1,test
human3_lib3.final_cell_0111,acinar,inDrop3,train
human1_lib2.final_cell_0109,beta,inDrop1,train
D29-5_53,beta,celseq2,train
human4_lib3.final_cell_0243,alpha,inDrop4,train
HP1504901_O24,gamma,smartseq2,validation
D30-5_90,activated_stellate,celseq2,validation
HP1502401_G4,beta,smartseq2,train
human3_lib1.final_cell_0688,alpha,inDrop3,train
human3_lib2.final_cell_0534,beta,inDrop3,train
HP1526901T2D_G4,beta,smartseq2,train
D28-3_14,gamma,celseq2,validation
human1_lib2.final_cell_0333,beta,inDrop1,validation
human4_lib1.final_cell_0220,ductal,inDrop4,train
D17All1_55,alpha,celseq,validation
human2_lib3.final_cell_0069,delta,inDrop2,train
Sample_1503,alpha,smarter,train
human3_lib4.final_cell_0185,alpha,inDrop3,train
human3_lib1.final_cell_0002,acinar,inDrop3,validation
Sample_1124,alpha,smarter,validation
human1_lib2.final_cell_0262,alpha,inDrop1,train
human4_lib3.final_cell_0363,alpha,inDrop4,train
12th-C20_S191,alpha,fluidigmc1,train
11th-C67_S26,alpha,fluidigmc1,test
D31-3_56,gamma,celseq2,train
D17All2_76,ductal,celseq,train
human3_lib1.final_cell_0803,beta,inDrop3,validation
human1_lib1.final_cell_0018,acinar,inDrop1,train
human2_lib1.final_cell_0392,gamma,inDrop2,train
HP1507101_C11,activated_stellate,smartseq2,train
6th-C30_S51,beta,fluidigmc1,train
human3_lib4.final_cell_0261,gamma,inDrop3,test
Sample_920,beta,smarter,validation
human1_lib3.final_cell_0310,beta,inDrop1,test
human4_lib3.final_cell_0027,beta,inDrop4,test
D2ex_49,ductal,celseq,validation
D31-2_2,alpha,celseq2,train
D30-7_57,alpha,celseq2,train
human1_lib2.final_cell_0148,ductal,inDrop1,train
human3_lib2.final_cell_0076,acinar,inDrop3,train
human3_lib3.final_cell_0277,alpha,inDrop3,validation
D28-3_40,alpha,celseq2,train
D30-8_27,beta,celseq2,test
human4_lib3.final_cell_0161,delta,inDrop4,train
HP1509101_F19,alpha,smartseq2,train
human2_lib1.final_cell_0358,ductal,inDrop2,train
9th-C75_S47,alpha,fluidigmc1,train
human3_lib1.final_cell_0070,acinar,inDrop3,train
D17All2_28,gamma,celseq,train
human4_lib3.final_cell_0217,alpha,inDrop4,test
